model,group,age_months,predicted_exponent,ci_low,ci_high,ci_method,n_total,n_asd,n_td,covariate_setting,model_formula
linear_interaction,ASD,40.0,2.082796702255874,1.9728164347654877,2.19277696974626,statsmodels_get_prediction_mean_ci_alpha_0.05,138,61,77,sex=mode(M); IQ_total=median(106); usable_epochs=median(129); mean_r_squared=median(0.988462),posterior_exponent ~ C(group) * age_months + C(sex) + IQ_total + usable_epochs + mean_r_squared
linear_interaction,ASD,40.76470588235294,2.0794164553240764,1.9710519597049314,2.187780950943221,statsmodels_get_prediction_mean_ci_alpha_0.05,138,61,77,sex=mode(M); IQ_total=median(106); usable_epochs=median(129); mean_r_squared=median(0.988462),posterior_exponent ~ C(group) * age_months + C(sex) + IQ_total + usable_epochs + mean_r_squared
linear_interaction,ASD,41.529411764705884,2.076036208392278,1.9692828155141666,2.182789601270389,statsmodels_get_prediction_mean_ci_alpha_0.05,138,61,77,sex=mode(M); IQ_total=median(106); usable_epochs=median(129); mean_r_squared=median(0.988462),posterior_exponent ~ C(group) * age_months + C(sex) + IQ_total + usable_epochs + mean_r_squared
linear_interaction,ASD,42.294117647058826,2.0726559614604794,1.9675087875667165,2.177803135354242,statsmodels_get_prediction_mean_ci_alpha_0.05,138,61,77,sex=mode(M); IQ_total=median(106); usable_epochs=median(129); mean_r_squared=median(0.988462),posterior_exponent ~ C(group) * age_months + C(sex) + IQ_total + usable_epochs + mean_r_squared
linear_interaction,ASD,43.05882352941177,2.0692757145286818,1.9657296485900673,2.172821780467296,statsmodels_get_prediction_mean_ci_alpha_0.05,138,61,77,sex=mode(M); IQ_total=median(106); usable_epochs=median(129); mean_r_squared=median(0.988462),posterior_exponent ~ C(group) * age_months + C(sex) + IQ_total + usable_epochs + mean_r_squared
linear_interaction,ASD,43.8235294117647,2.0658954675968833,1.9639451577810578,2.1678457774127087,statsmodels_get_prediction_mean_ci_alpha_0.05,138,61,77,sex=mode(M); IQ_total=median(106); usable_epochs=median(129); mean_r_squared=median(0.988462),posterior_exponent ~ C(group) * age_months + C(sex) + IQ_total + usable_epochs + mean_r_squared
linear_interaction,ASD,44.588235294117645,2.0625152206650856,1.9621550598522235,2.1628753814779476,statsmodels_get_prediction_mean_ci_alpha_0.05,138,61,77,sex=mode(M); IQ_total=median(106); usable_epochs=median(129); mean_r_squared=median(0.988462),posterior_exponent ~ C(group) * age_months + C(sex) + IQ_total + usable_epochs + mean_r_squared
linear_interaction,ASD,45.35294117647059,2.059134973733287,1.9603590840036347,2.1579108634629396,statsmodels_get_prediction_mean_ci_alpha_0.05,138,61,77,sex=mode(M); IQ_total=median(106); usable_epochs=median(129); mean_r_squared=median(0.988462),posterior_exponent ~ C(group) * age_months + C(sex) + IQ_total + usable_epochs + mean_r_squared
linear_interaction,ASD,46.11764705882353,2.0557547268014895,1.9585569428141616,2.1529525107888174,statsmodels_get_prediction_mean_ci_alpha_0.05,138,61,77,sex=mode(M); IQ_total=median(106); usable_epochs=median(129); mean_r_squared=median(0.988462),posterior_exponent ~ C(group) * age_months + C(sex) + IQ_total + usable_epochs + mean_r_squared
linear_interaction,ASD,46.88235294117647,2.052374479869691,1.9567483310458977,2.148000628693484,statsmodels_get_prediction_mean_ci_alpha_0.05,138,61,77,sex=mode(M); IQ_total=median(106); usable_epochs=median(129); mean_r_squared=median(0.988462),posterior_exponent ~ C(group) * age_months + C(sex) + IQ_total + usable_epochs + mean_r_squared
linear_interaction,ASD,47.64705882352941,2.0489942329378925,1.954932924354846,2.143055541520939,statsmodels_get_prediction_mean_ci_alpha_0.05,138,61,77,sex=mode(M); IQ_total=median(106); usable_epochs=median(129); mean_r_squared=median(0.988462),posterior_exponent ~ C(group) * age_months + C(sex) + IQ_total + usable_epochs + mean_r_squared
linear_interaction,ASD,48.41176470588235,2.045613986006095,1.9531103779007883,2.1381175941114017,statsmodels_get_prediction_mean_ci_alpha_0.05,138,61,77,sex=mode(M); IQ_total=median(106); usable_epochs=median(129); mean_r_squared=median(0.988462),posterior_exponent ~ C(group) * age_months + C(sex) + IQ_total + usable_epochs + mean_r_squared
linear_interaction,ASD,49.17647058823529,2.0422337390742964,1.9512803248486223,2.1331871532999704,statsmodels_get_prediction_mean_ci_alpha_0.05,138,61,77,sex=mode(M); IQ_total=median(106); usable_epochs=median(129); mean_r_squared=median(0.988462),posterior_exponent ~ C(group) * age_months + C(sex) + IQ_total + usable_epochs + mean_r_squared
linear_interaction,ASD,49.94117647058823,2.038853492142499,1.9494423747533614,2.128264609531636,statsmodels_get_prediction_mean_ci_alpha_0.05,138,61,77,sex=mode(M); IQ_total=median(106); usable_epochs=median(129); mean_r_squared=median(0.988462),posterior_exponent ~ C(group) * age_months + C(sex) + IQ_total + usable_epochs + mean_r_squared
linear_interaction,ASD,50.705882352941174,2.0354732452107003,1.9475961118203633,2.123350378601037,statsmodels_get_prediction_mean_ci_alpha_0.05,138,61,77,sex=mode(M); IQ_total=median(106); usable_epochs=median(129); mean_r_squared=median(0.988462),posterior_exponent ~ C(group) * age_months + C(sex) + IQ_total + usable_epochs + mean_r_squared
linear_interaction,ASD,51.470588235294116,2.0320929982789018,1.94574109303245,2.1184449035253534,statsmodels_get_prediction_mean_ci_alpha_0.05,138,61,77,sex=mode(M); IQ_total=median(106); usable_epochs=median(129); mean_r_squared=median(0.988462),posterior_exponent ~ C(group) * age_months + C(sex) + IQ_total + usable_epochs + mean_r_squared
linear_interaction,ASD,52.23529411764706,2.028712751347104,1.9438768461350822,2.1135486565591264,statsmodels_get_prediction_mean_ci_alpha_0.05,138,61,77,sex=mode(M); IQ_total=median(106); usable_epochs=median(129); mean_r_squared=median(0.988462),posterior_exponent ~ C(group) * age_months + C(sex) + IQ_total + usable_epochs + mean_r_squared
linear_interaction,ASD,53.0,2.0253325044153057,1.9420028674710925,2.1086621413595186,statsmodels_get_prediction_mean_ci_alpha_0.05,138,61,77,sex=mode(M); IQ_total=median(106); usable_epochs=median(129); mean_r_squared=median(0.988462),posterior_exponent ~ C(group) * age_months + C(sex) + IQ_total + usable_epochs + mean_r_squared
linear_interaction,ASD,53.76470588235294,2.021952257483508,1.9401186196563442,2.103785895310672,statsmodels_get_prediction_mean_ci_alpha_0.05,138,61,77,sex=mode(M); IQ_total=median(106); usable_epochs=median(129); mean_r_squared=median(0.988462),posterior_exponent ~ C(group) * age_months + C(sex) + IQ_total + usable_epochs + mean_r_squared
linear_interaction,ASD,54.529411764705884,2.0185720105517095,1.9382235290883947,2.0989204920150244,statsmodels_get_prediction_mean_ci_alpha_0.05,138,61,77,sex=mode(M); IQ_total=median(106); usable_epochs=median(129); mean_r_squared=median(0.988462),posterior_exponent ~ C(group) * age_months + C(sex) + IQ_total + usable_epochs + mean_r_squared
linear_interaction,ASD,55.294117647058826,2.015191763619912,1.93631698328072,2.0940665439591037,statsmodels_get_prediction_mean_ci_alpha_0.05,138,61,77,sex=mode(M); IQ_total=median(106); usable_epochs=median(129); mean_r_squared=median(0.988462),posterior_exponent ~ C(group) * age_months + C(sex) + IQ_total + usable_epochs + mean_r_squared
linear_interaction,ASD,56.05882352941177,2.0118115166881134,1.934398328016473,2.089224705359754,statsmodels_get_prediction_mean_ci_alpha_0.05,138,61,77,sex=mode(M); IQ_total=median(106); usable_epochs=median(129); mean_r_squared=median(0.988462),posterior_exponent ~ C(group) * age_months + C(sex) + IQ_total + usable_epochs + mean_r_squared
linear_interaction,ASD,56.8235294117647,2.008431269756315,1.9324668643171403,2.0843956751954895,statsmodels_get_prediction_mean_ci_alpha_0.05,138,61,77,sex=mode(M); IQ_total=median(106); usable_epochs=median(129); mean_r_squared=median(0.988462),posterior_exponent ~ C(group) * age_months + C(sex) + IQ_total + usable_epochs + mean_r_squared
linear_interaction,ASD,57.588235294117645,2.0050510228245173,1.9305218452240267,2.079580200425008,statsmodels_get_prediction_mean_ci_alpha_0.05,138,61,77,sex=mode(M); IQ_total=median(106); usable_epochs=median(129); mean_r_squared=median(0.988462),posterior_exponent ~ C(group) * age_months + C(sex) + IQ_total + usable_epochs + mean_r_squared
linear_interaction,ASD,58.35294117647059,2.001670775892719,1.928562472393432,2.0747790793920053,statsmodels_get_prediction_mean_ci_alpha_0.05,138,61,77,sex=mode(M); IQ_total=median(106); usable_epochs=median(129); mean_r_squared=median(0.988462),posterior_exponent ~ C(group) * age_months + C(sex) + IQ_total + usable_epochs + mean_r_squared
linear_interaction,ASD,59.11764705882353,1.9982905289609212,1.9265878925104807,2.0699931654113617,statsmodels_get_prediction_mean_ci_alpha_0.05,138,61,77,sex=mode(M); IQ_total=median(106); usable_epochs=median(129); mean_r_squared=median(0.988462),posterior_exponent ~ C(group) * age_months + C(sex) + IQ_total + usable_epochs + mean_r_squared
linear_interaction,ASD,59.88235294117647,1.9949102820291227,1.9245971935320048,2.065223370526241,statsmodels_get_prediction_mean_ci_alpha_0.05,138,61,77,sex=mode(M); IQ_total=median(106); usable_epochs=median(129); mean_r_squared=median(0.988462),posterior_exponent ~ C(group) * age_months + C(sex) + IQ_total + usable_epochs + mean_r_squared
linear_interaction,ASD,60.647058823529406,1.9915300350973242,1.92258940077528,2.0604706694193684,statsmodels_get_prediction_mean_ci_alpha_0.05,138,61,77,sex=mode(M); IQ_total=median(106); usable_epochs=median(129); mean_r_squared=median(0.988462),posterior_exponent ~ C(group) * age_months + C(sex) + IQ_total + usable_epochs + mean_r_squared
linear_interaction,ASD,61.41176470588235,1.9881497881655266,1.9205634728782714,2.055736103452782,statsmodels_get_prediction_mean_ci_alpha_0.05,138,61,77,sex=mode(M); IQ_total=median(106); usable_epochs=median(129); mean_r_squared=median(0.988462),posterior_exponent ~ C(group) * age_months + C(sex) + IQ_total + usable_epochs + mean_r_squared
linear_interaction,ASD,62.17647058823529,1.984769541233728,1.9185182976668895,2.0510207848005666,statsmodels_get_prediction_mean_ci_alpha_0.05,138,61,77,sex=mode(M); IQ_total=median(106); usable_epochs=median(129); mean_r_squared=median(0.988462),posterior_exponent ~ C(group) * age_months + C(sex) + IQ_total + usable_epochs + mean_r_squared
linear_interaction,ASD,62.94117647058823,1.9813892943019304,1.916452687978093,2.046325900625768,statsmodels_get_prediction_mean_ci_alpha_0.05,138,61,77,sex=mode(M); IQ_total=median(106); usable_epochs=median(129); mean_r_squared=median(0.988462),posterior_exponent ~ C(group) * age_months + C(sex) + IQ_total + usable_epochs + mean_r_squared
linear_interaction,ASD,63.705882352941174,1.978009047370132,1.914365377502474,2.0416527172377896,statsmodels_get_prediction_mean_ci_alpha_0.05,138,61,77,sex=mode(M); IQ_total=median(106); usable_epochs=median(129); mean_r_squared=median(0.988462),posterior_exponent ~ C(group) * age_months + C(sex) + IQ_total + usable_epochs + mean_r_squared
linear_interaction,ASD,64.47058823529412,1.9746288004383343,1.9122550167287504,2.0370025841479182,statsmodels_get_prediction_mean_ci_alpha_0.05,138,61,77,sex=mode(M); IQ_total=median(106); usable_epochs=median(129); mean_r_squared=median(0.988462),posterior_exponent ~ C(group) * age_months + C(sex) + IQ_total + usable_epochs + mean_r_squared
linear_interaction,ASD,65.23529411764706,1.9712485535065358,1.9101201690935778,2.032376937919494,statsmodels_get_prediction_mean_ci_alpha_0.05,138,61,77,sex=mode(M); IQ_total=median(106); usable_epochs=median(129); mean_r_squared=median(0.988462),posterior_exponent ~ C(group) * age_months + C(sex) + IQ_total + usable_epochs + mean_r_squared
linear_interaction,ASD,66.0,1.9678683065747373,1.9079593074653636,2.0277773056841113,statsmodels_get_prediction_mean_ci_alpha_0.05,138,61,77,sex=mode(M); IQ_total=median(106); usable_epochs=median(129); mean_r_squared=median(0.988462),posterior_exponent ~ C(group) * age_months + C(sex) + IQ_total + usable_epochs + mean_r_squared
linear_interaction,ASD,66.76470588235294,1.9644880596429397,1.9057708111183587,2.0232053081675208,statsmodels_get_prediction_mean_ci_alpha_0.05,138,61,77,sex=mode(M); IQ_total=median(106); usable_epochs=median(129); mean_r_squared=median(0.988462),posterior_exponent ~ C(group) * age_months + C(sex) + IQ_total + usable_epochs + mean_r_squared
linear_interaction,ASD,67.52941176470588,1.9611078127111412,1.903552963384885,2.0186626620373973,statsmodels_get_prediction_mean_ci_alpha_0.05,138,61,77,sex=mode(M); IQ_total=median(106); usable_epochs=median(129); mean_r_squared=median(0.988462),posterior_exponent ~ C(group) * age_months + C(sex) + IQ_total + usable_epochs + mean_r_squared
linear_interaction,ASD,68.29411764705883,1.9577275657793436,1.9013039502066016,2.0141511813520854,statsmodels_get_prediction_mean_ci_alpha_0.05,138,61,77,sex=mode(M); IQ_total=median(106); usable_epochs=median(129); mean_r_squared=median(0.988462),posterior_exponent ~ C(group) * age_months + C(sex) + IQ_total + usable_epochs + mean_r_squared
linear_interaction,ASD,69.05882352941177,1.954347318847545,1.8990218598409248,2.0096727778541656,statsmodels_get_prediction_mean_ci_alpha_0.05,138,61,77,sex=mode(M); IQ_total=median(106); usable_epochs=median(129); mean_r_squared=median(0.988462),posterior_exponent ~ C(group) * age_months + C(sex) + IQ_total + usable_epochs + mean_r_squared
linear_interaction,ASD,69.8235294117647,1.9509670719157475,1.8967046840126356,2.0052294598188594,statsmodels_get_prediction_mean_ci_alpha_0.05,138,61,77,sex=mode(M); IQ_total=median(106); usable_epochs=median(129); mean_r_squared=median(0.988462),posterior_exponent ~ C(group) * age_months + C(sex) + IQ_total + usable_epochs + mean_r_squared
linear_interaction,ASD,70.58823529411765,1.947586824983949,1.8943503208325443,2.0008233291353537,statsmodels_get_prediction_mean_ci_alpha_0.05,138,61,77,sex=mode(M); IQ_total=median(106); usable_epochs=median(129); mean_r_squared=median(0.988462),posterior_exponent ~ C(group) * age_months + C(sex) + IQ_total + usable_epochs + mean_r_squared
linear_interaction,ASD,71.35294117647058,1.9442065780521505,1.8919565798297664,1.9964565762745345,statsmodels_get_prediction_mean_ci_alpha_0.05,138,61,77,sex=mode(M); IQ_total=median(106); usable_epochs=median(129); mean_r_squared=median(0.988462),posterior_exponent ~ C(group) * age_months + C(sex) + IQ_total + usable_epochs + mean_r_squared
linear_interaction,ASD,72.11764705882354,1.9408263311203529,1.8895211894591517,1.992131472781554,statsmodels_get_prediction_mean_ci_alpha_0.05,138,61,77,sex=mode(M); IQ_total=median(106); usable_epochs=median(129); mean_r_squared=median(0.988462),posterior_exponent ~ C(group) * age_months + C(sex) + IQ_total + usable_epochs + mean_r_squared
linear_interaction,ASD,72.88235294117646,1.9374460841885544,1.8870418074436732,1.9878503609334355,statsmodels_get_prediction_mean_ci_alpha_0.05,138,61,77,sex=mode(M); IQ_total=median(106); usable_epochs=median(129); mean_r_squared=median(0.988462),posterior_exponent ~ C(group) * age_months + C(sex) + IQ_total + usable_epochs + mean_r_squared
linear_interaction,ASD,73.6470588235294,1.9340658372567567,1.884516034289102,1.9836156402244114,statsmodels_get_prediction_mean_ci_alpha_0.05,138,61,77,sex=mode(M); IQ_total=median(106); usable_epochs=median(129); mean_r_squared=median(0.988462),posterior_exponent ~ C(group) * age_months + C(sex) + IQ_total + usable_epochs + mean_r_squared
linear_interaction,ASD,74.41176470588235,1.9306855903249582,1.8819414302567603,1.9794297503931562,statsmodels_get_prediction_mean_ci_alpha_0.05,138,61,77,sex=mode(M); IQ_total=median(106); usable_epochs=median(129); mean_r_squared=median(0.988462),posterior_exponent ~ C(group) * age_months + C(sex) + IQ_total + usable_epochs + mean_r_squared
linear_interaction,ASD,75.17647058823529,1.9273053433931597,1.8793155359958074,1.975295150790512,statsmodels_get_prediction_mean_ci_alpha_0.05,138,61,77,sex=mode(M); IQ_total=median(106); usable_epochs=median(129); mean_r_squared=median(0.988462),posterior_exponent ~ C(group) * age_months + C(sex) + IQ_total + usable_epochs + mean_r_squared
linear_interaction,ASD,75.94117647058823,1.9239250964613621,1.8766358969124497,1.9712142960102745,statsmodels_get_prediction_mean_ci_alpha_0.05,138,61,77,sex=mode(M); IQ_total=median(106); usable_epochs=median(129); mean_r_squared=median(0.988462),posterior_exponent ~ C(group) * age_months + C(sex) + IQ_total + usable_epochs + mean_r_squared
linear_interaction,ASD,76.70588235294117,1.9205448495295636,1.873900091189739,1.9671896078693882,statsmodels_get_prediction_mean_ci_alpha_0.05,138,61,77,sex=mode(M); IQ_total=median(106); usable_epochs=median(129); mean_r_squared=median(0.988462),posterior_exponent ~ C(group) * age_months + C(sex) + IQ_total + usable_epochs + mean_r_squared
linear_interaction,ASD,77.47058823529412,1.917164602597766,1.871105761168084,1.963223444027448,statsmodels_get_prediction_mean_ci_alpha_0.05,138,61,77,sex=mode(M); IQ_total=median(106); usable_epochs=median(129); mean_r_squared=median(0.988462),posterior_exponent ~ C(group) * age_months + C(sex) + IQ_total + usable_epochs + mean_r_squared
linear_interaction,ASD,78.23529411764706,1.9137843556659675,1.8682506475611973,1.9593180637707377,statsmodels_get_prediction_mean_ci_alpha_0.05,138,61,77,sex=mode(M); IQ_total=median(106); usable_epochs=median(129); mean_r_squared=median(0.988462),posterior_exponent ~ C(group) * age_months + C(sex) + IQ_total + usable_epochs + mean_r_squared
linear_interaction,ASD,79.0,1.910404108734169,1.8653326257282103,1.9554755917401276,statsmodels_get_prediction_mean_ci_alpha_0.05,138,61,77,sex=mode(M); IQ_total=median(106); usable_epochs=median(129); mean_r_squared=median(0.988462),posterior_exponent ~ C(group) * age_months + C(sex) + IQ_total + usable_epochs + mean_r_squared
linear_interaction,ASD,79.76470588235294,1.9070238618023714,1.8623497429682603,1.9516979806364825,statsmodels_get_prediction_mean_ci_alpha_0.05,138,61,77,sex=mode(M); IQ_total=median(106); usable_epochs=median(129); mean_r_squared=median(0.988462),posterior_exponent ~ C(group) * age_months + C(sex) + IQ_total + usable_epochs + mean_r_squared
linear_interaction,ASD,80.52941176470588,1.9036436148705729,1.859300255576172,1.9479869741649738,statsmodels_get_prediction_mean_ci_alpha_0.05,138,61,77,sex=mode(M); IQ_total=median(106); usable_epochs=median(129); mean_r_squared=median(0.988462),posterior_exponent ~ C(group) * age_months + C(sex) + IQ_total + usable_epochs + mean_r_squared
linear_interaction,ASD,81.29411764705881,1.9002633679387753,1.8561826642229515,1.944344071654599,statsmodels_get_prediction_mean_ci_alpha_0.05,138,61,77,sex=mode(M); IQ_total=median(106); usable_epochs=median(129); mean_r_squared=median(0.988462),posterior_exponent ~ C(group) * age_months + C(sex) + IQ_total + usable_epochs + mean_r_squared
linear_interaction,ASD,82.05882352941177,1.8968831210069768,1.8529957461331994,1.9407704958807541,statsmodels_get_prediction_mean_ci_alpha_0.05,138,61,77,sex=mode(M); IQ_total=median(106); usable_epochs=median(129); mean_r_squared=median(0.988462),posterior_exponent ~ C(group) * age_months + C(sex) + IQ_total + usable_epochs + mean_r_squared
linear_interaction,ASD,82.8235294117647,1.8935028740751791,1.8497385825442583,1.9372671656061,statsmodels_get_prediction_mean_ci_alpha_0.05,138,61,77,sex=mode(M); IQ_total=median(106); usable_epochs=median(129); mean_r_squared=median(0.988462),posterior_exponent ~ C(group) * age_months + C(sex) + IQ_total + usable_epochs + mean_r_squared
linear_interaction,ASD,83.58823529411765,1.8901226271433806,1.8464105800653086,1.9338346742214527,statsmodels_get_prediction_mean_ci_alpha_0.05,138,61,77,sex=mode(M); IQ_total=median(106); usable_epochs=median(129); mean_r_squared=median(0.988462),posterior_exponent ~ C(group) * age_months + C(sex) + IQ_total + usable_epochs + mean_r_squared
linear_interaction,ASD,84.35294117647058,1.8867423802115821,1.84301148480605,1.9304732756171143,statsmodels_get_prediction_mean_ci_alpha_0.05,138,61,77,sex=mode(M); IQ_total=median(106); usable_epochs=median(129); mean_r_squared=median(0.988462),posterior_exponent ~ C(group) * age_months + C(sex) + IQ_total + usable_epochs + mean_r_squared
linear_interaction,ASD,85.11764705882354,1.8833621332797845,1.8395413885024101,1.927182878057159,statsmodels_get_prediction_mean_ci_alpha_0.05,138,61,77,sex=mode(M); IQ_total=median(106); usable_epochs=median(129); mean_r_squared=median(0.988462),posterior_exponent ~ C(group) * age_months + C(sex) + IQ_total + usable_epochs + mean_r_squared
linear_interaction,ASD,85.88235294117646,1.879981886347986,1.8360007262975753,1.9239630463983968,statsmodels_get_prediction_mean_ci_alpha_0.05,138,61,77,sex=mode(M); IQ_total=median(106); usable_epochs=median(129); mean_r_squared=median(0.988462),posterior_exponent ~ C(group) * age_months + C(sex) + IQ_total + usable_epochs + mean_r_squared
linear_interaction,ASD,86.6470588235294,1.8766016394161884,1.8323902663027452,1.9208130125296317,statsmodels_get_prediction_mean_ci_alpha_0.05,138,61,77,sex=mode(M); IQ_total=median(106); usable_epochs=median(129); mean_r_squared=median(0.988462),posterior_exponent ~ C(group) * age_months + C(sex) + IQ_total + usable_epochs + mean_r_squared
linear_interaction,ASD,87.41176470588235,1.87322139248439,1.8287110915144547,1.9177316934543251,statsmodels_get_prediction_mean_ci_alpha_0.05,138,61,77,sex=mode(M); IQ_total=median(106); usable_epochs=median(129); mean_r_squared=median(0.988462),posterior_exponent ~ C(group) * age_months + C(sex) + IQ_total + usable_epochs + mean_r_squared
linear_interaction,ASD,88.17647058823529,1.8698411455525914,1.824964575062496,1.9147177160426867,statsmodels_get_prediction_mean_ci_alpha_0.05,138,61,77,sex=mode(M); IQ_total=median(106); usable_epochs=median(129); mean_r_squared=median(0.988462),posterior_exponent ~ C(group) * age_months + C(sex) + IQ_total + usable_epochs + mean_r_squared
linear_interaction,ASD,88.94117647058823,1.8664608986207938,1.8211523500661042,1.9117694471754834,statsmodels_get_prediction_mean_ci_alpha_0.05,138,61,77,sex=mode(M); IQ_total=median(106); usable_epochs=median(129); mean_r_squared=median(0.988462),posterior_exponent ~ C(group) * age_months + C(sex) + IQ_total + usable_epochs + mean_r_squared
linear_interaction,ASD,89.70588235294117,1.8630806516889953,1.8172762755664784,1.9088850278115121,statsmodels_get_prediction_mean_ci_alpha_0.05,138,61,77,sex=mode(M); IQ_total=median(106); usable_epochs=median(129); mean_r_squared=median(0.988462),posterior_exponent ~ C(group) * age_months + C(sex) + IQ_total + usable_epochs + mean_r_squared
linear_interaction,ASD,90.47058823529412,1.8597004047571977,1.8133384000715156,1.9060624094428797,statsmodels_get_prediction_mean_ci_alpha_0.05,138,61,77,sex=mode(M); IQ_total=median(106); usable_epochs=median(129); mean_r_squared=median(0.988462),posterior_exponent ~ C(group) * age_months + C(sex) + IQ_total + usable_epochs + mean_r_squared
linear_interaction,ASD,91.23529411764706,1.8563201578253992,1.8093409242041745,1.9032993914466239,statsmodels_get_prediction_mean_ci_alpha_0.05,138,61,77,sex=mode(M); IQ_total=median(106); usable_epochs=median(129); mean_r_squared=median(0.988462),posterior_exponent ~ C(group) * age_months + C(sex) + IQ_total + usable_epochs + mean_r_squared
linear_interaction,ASD,92.0,1.8529399108936015,1.8052861638062858,1.9005936579809173,statsmodels_get_prediction_mean_ci_alpha_0.05,138,61,77,sex=mode(M); IQ_total=median(106); usable_epochs=median(129); mean_r_squared=median(0.988462),posterior_exponent ~ C(group) * age_months + C(sex) + IQ_total + usable_epochs + mean_r_squared
linear_interaction,ASD,92.76470588235293,1.849559663961803,1.8011765146436127,1.8979428132799934,statsmodels_get_prediction_mean_ci_alpha_0.05,138,61,77,sex=mode(M); IQ_total=median(106); usable_epochs=median(129); mean_r_squared=median(0.988462),posterior_exponent ~ C(group) * age_months + C(sex) + IQ_total + usable_epochs + mean_r_squared
linear_interaction,ASD,93.52941176470588,1.8461794170300045,1.79701441961221,1.895344414447799,statsmodels_get_prediction_mean_ci_alpha_0.05,138,61,77,sex=mode(M); IQ_total=median(106); usable_epochs=median(129); mean_r_squared=median(0.988462),posterior_exponent ~ C(group) * age_months + C(sex) + IQ_total + usable_epochs + mean_r_squared
linear_interaction,ASD,94.29411764705881,1.842799170098207,1.7928023390896413,1.8927960011067726,statsmodels_get_prediction_mean_ci_alpha_0.05,138,61,77,sex=mode(M); IQ_total=median(106); usable_epochs=median(129); mean_r_squared=median(0.988462),posterior_exponent ~ C(group) * age_months + C(sex) + IQ_total + usable_epochs + mean_r_squared
linear_interaction,ASD,95.05882352941177,1.8394189231664084,1.7885427248280243,1.8902951215047925,statsmodels_get_prediction_mean_ci_alpha_0.05,138,61,77,sex=mode(M); IQ_total=median(106); usable_epochs=median(129); mean_r_squared=median(0.988462),posterior_exponent ~ C(group) * age_months + C(sex) + IQ_total + usable_epochs + mean_r_squared
linear_interaction,ASD,95.8235294117647,1.8360386762346108,1.7842379975663158,1.8878393549029058,statsmodels_get_prediction_mean_ci_alpha_0.05,138,61,77,sex=mode(M); IQ_total=median(106); usable_epochs=median(129); mean_r_squared=median(0.988462),posterior_exponent ~ C(group) * age_months + C(sex) + IQ_total + usable_epochs + mean_r_squared
linear_interaction,ASD,96.58823529411765,1.8326584293028123,1.7798905283564461,1.8854263302491785,statsmodels_get_prediction_mean_ci_alpha_0.05,138,61,77,sex=mode(M); IQ_total=median(106); usable_epochs=median(129); mean_r_squared=median(0.988462),posterior_exponent ~ C(group) * age_months + C(sex) + IQ_total + usable_epochs + mean_r_squared
linear_interaction,ASD,97.35294117647058,1.8292781823710138,1.7755026234549325,1.8830537412870951,statsmodels_get_prediction_mean_ci_alpha_0.05,138,61,77,sex=mode(M); IQ_total=median(106); usable_epochs=median(129); mean_r_squared=median(0.988462),posterior_exponent ~ C(group) * age_months + C(sex) + IQ_total + usable_epochs + mean_r_squared
linear_interaction,ASD,98.11764705882352,1.8258979354392162,1.7710765125294765,1.8807193583489559,statsmodels_get_prediction_mean_ci_alpha_0.05,138,61,77,sex=mode(M); IQ_total=median(106); usable_epochs=median(129); mean_r_squared=median(0.988462),posterior_exponent ~ C(group) * age_months + C(sex) + IQ_total + usable_epochs + mean_r_squared
linear_interaction,ASD,98.88235294117646,1.8225176885074177,1.7666143398633336,1.8784210371515018,statsmodels_get_prediction_mean_ci_alpha_0.05,138,61,77,sex=mode(M); IQ_total=median(106); usable_epochs=median(129); mean_r_squared=median(0.988462),posterior_exponent ~ C(group) * age_months + C(sex) + IQ_total + usable_epochs + mean_r_squared
linear_interaction,ASD,99.6470588235294,1.81913744157562,1.7621181582053806,1.8761567249458595,statsmodels_get_prediction_mean_ci_alpha_0.05,138,61,77,sex=mode(M); IQ_total=median(106); usable_epochs=median(129); mean_r_squared=median(0.988462),posterior_exponent ~ C(group) * age_months + C(sex) + IQ_total + usable_epochs + mean_r_squared
linear_interaction,ASD,100.41176470588235,1.8157571946438216,1.7575899249025728,1.8739244643850703,statsmodels_get_prediction_mean_ci_alpha_0.05,138,61,77,sex=mode(M); IQ_total=median(106); usable_epochs=median(129); mean_r_squared=median(0.988462),posterior_exponent ~ C(group) * age_months + C(sex) + IQ_total + usable_epochs + mean_r_squared
linear_interaction,ASD,101.17647058823529,1.812376947712024,1.7530314999598424,1.8717223954642055,statsmodels_get_prediction_mean_ci_alpha_0.05,138,61,77,sex=mode(M); IQ_total=median(106); usable_epochs=median(129); mean_r_squared=median(0.988462),posterior_exponent ~ C(group) * age_months + C(sex) + IQ_total + usable_epochs + mean_r_squared
linear_interaction,ASD,101.94117647058823,1.8089967007802255,1.7484446456926857,1.8695487558677653,statsmodels_get_prediction_mean_ci_alpha_0.05,138,61,77,sex=mode(M); IQ_total=median(106); usable_epochs=median(129); mean_r_squared=median(0.988462),posterior_exponent ~ C(group) * age_months + C(sex) + IQ_total + usable_epochs + mean_r_squared
linear_interaction,ASD,102.70588235294117,1.805616453848427,1.7438310276671483,1.8674018800297056,statsmodels_get_prediction_mean_ci_alpha_0.05,138,61,77,sex=mode(M); IQ_total=median(106); usable_epochs=median(129); mean_r_squared=median(0.988462),posterior_exponent ~ C(group) * age_months + C(sex) + IQ_total + usable_epochs + mean_r_squared
linear_interaction,ASD,103.47058823529412,1.8022362069166293,1.739192216654735,1.8652801971785238,statsmodels_get_prediction_mean_ci_alpha_0.05,138,61,77,sex=mode(M); IQ_total=median(106); usable_epochs=median(129); mean_r_squared=median(0.988462),posterior_exponent ~ C(group) * age_months + C(sex) + IQ_total + usable_epochs + mean_r_squared
linear_interaction,ASD,104.23529411764706,1.7988559599848308,1.7345296913650767,1.863182228604585,statsmodels_get_prediction_mean_ci_alpha_0.05,138,61,77,sex=mode(M); IQ_total=median(106); usable_epochs=median(129); mean_r_squared=median(0.988462),posterior_exponent ~ C(group) * age_months + C(sex) + IQ_total + usable_epochs + mean_r_squared
linear_interaction,ASD,105.0,1.7954757130530328,1.7298448417529926,1.861106584353073,statsmodels_get_prediction_mean_ci_alpha_0.05,138,61,77,sex=mode(M); IQ_total=median(106); usable_epochs=median(129); mean_r_squared=median(0.988462),posterior_exponent ~ C(group) * age_months + C(sex) + IQ_total + usable_epochs + mean_r_squared
linear_interaction,ASD,105.76470588235294,1.7920954661212343,1.7251389727294484,1.8590519595130202,statsmodels_get_prediction_mean_ci_alpha_0.05,138,61,77,sex=mode(M); IQ_total=median(106); usable_epochs=median(129); mean_r_squared=median(0.988462),posterior_exponent ~ C(group) * age_months + C(sex) + IQ_total + usable_epochs + mean_r_squared
linear_interaction,ASD,106.52941176470588,1.7887152191894358,1.7204133081348538,1.8570171302440177,statsmodels_get_prediction_mean_ci_alpha_0.05,138,61,77,sex=mode(M); IQ_total=median(106); usable_epochs=median(129); mean_r_squared=median(0.988462),posterior_exponent ~ C(group) * age_months + C(sex) + IQ_total + usable_epochs + mean_r_squared
linear_interaction,ASD,107.29411764705881,1.7853349722576382,1.7156689948601174,1.855000949655159,statsmodels_get_prediction_mean_ci_alpha_0.05,138,61,77,sex=mode(M); IQ_total=median(106); usable_epochs=median(129); mean_r_squared=median(0.988462),posterior_exponent ~ C(group) * age_months + C(sex) + IQ_total + usable_epochs + mean_r_squared
linear_interaction,ASD,108.05882352941175,1.7819547253258397,1.7109071070233401,1.8530023436283392,statsmodels_get_prediction_mean_ci_alpha_0.05,138,61,77,sex=mode(M); IQ_total=median(106); usable_epochs=median(129); mean_r_squared=median(0.988462),posterior_exponent ~ C(group) * age_months + C(sex) + IQ_total + usable_epochs + mean_r_squared
linear_interaction,ASD,108.8235294117647,1.778574478394042,1.7061286501302724,1.8510203066578117,statsmodels_get_prediction_mean_ci_alpha_0.05,138,61,77,sex=mode(M); IQ_total=median(106); usable_epochs=median(129); mean_r_squared=median(0.988462),posterior_exponent ~ C(group) * age_months + C(sex) + IQ_total + usable_epochs + mean_r_squared
linear_interaction,ASD,109.58823529411764,1.7751942314622435,1.701334565162893,1.849053897761594,statsmodels_get_prediction_mean_ci_alpha_0.05,138,61,77,sex=mode(M); IQ_total=median(106); usable_epochs=median(129); mean_r_squared=median(0.988462),posterior_exponent ~ C(group) * age_months + C(sex) + IQ_total + usable_epochs + mean_r_squared
linear_interaction,ASD,110.35294117647058,1.771813984530446,1.6965257325548595,1.8471022365060323,statsmodels_get_prediction_mean_ci_alpha_0.05,138,61,77,sex=mode(M); IQ_total=median(106); usable_epochs=median(129); mean_r_squared=median(0.988462),posterior_exponent ~ C(group) * age_months + C(sex) + IQ_total + usable_epochs + mean_r_squared
linear_interaction,ASD,111.11764705882352,1.7684337375986474,1.6917029760235893,1.8451644991737055,statsmodels_get_prediction_mean_ci_alpha_0.05,138,61,77,sex=mode(M); IQ_total=median(106); usable_epochs=median(129); mean_r_squared=median(0.988462),posterior_exponent ~ C(group) * age_months + C(sex) + IQ_total + usable_epochs + mean_r_squared
linear_interaction,ASD,111.88235294117646,1.765053490666849,1.68686706623844,1.8432399150952579,statsmodels_get_prediction_mean_ci_alpha_0.05,138,61,77,sex=mode(M); IQ_total=median(106); usable_epochs=median(129); mean_r_squared=median(0.988462),posterior_exponent ~ C(group) * age_months + C(sex) + IQ_total + usable_epochs + mean_r_squared
linear_interaction,ASD,112.6470588235294,1.7616732437350513,1.6820187243116667,1.841327763158436,statsmodels_get_prediction_mean_ci_alpha_0.05,138,61,77,sex=mode(M); IQ_total=median(106); usable_epochs=median(129); mean_r_squared=median(0.988462),posterior_exponent ~ C(group) * age_months + C(sex) + IQ_total + usable_epochs + mean_r_squared
linear_interaction,ASD,113.41176470588235,1.7582929968032528,1.6771586251047963,1.8394273685017093,statsmodels_get_prediction_mean_ci_alpha_0.05,138,61,77,sex=mode(M); IQ_total=median(106); usable_epochs=median(129); mean_r_squared=median(0.988462),posterior_exponent ~ C(group) * age_months + C(sex) + IQ_total + usable_epochs + mean_r_squared
linear_interaction,ASD,114.17647058823529,1.7549127498714552,1.6722874003478592,1.8375380993950512,statsmodels_get_prediction_mean_ci_alpha_0.05,138,61,77,sex=mode(M); IQ_total=median(106); usable_epochs=median(129); mean_r_squared=median(0.988462),posterior_exponent ~ C(group) * age_months + C(sex) + IQ_total + usable_epochs + mean_r_squared
linear_interaction,ASD,114.94117647058823,1.7515325029396567,1.667405641572128,1.8356593643071855,statsmodels_get_prediction_mean_ci_alpha_0.05,138,61,77,sex=mode(M); IQ_total=median(106); usable_epochs=median(129); mean_r_squared=median(0.988462),posterior_exponent ~ C(group) * age_months + C(sex) + IQ_total + usable_epochs + mean_r_squared
linear_interaction,ASD,115.70588235294117,1.7481522560078582,1.6625139028600626,1.8337906091556537,statsmodels_get_prediction_mean_ci_alpha_0.05,138,61,77,sex=mode(M); IQ_total=median(106); usable_epochs=median(129); mean_r_squared=median(0.988462),posterior_exponent ~ C(group) * age_months + C(sex) + IQ_total + usable_epochs + mean_r_squared
linear_interaction,ASD,116.47058823529412,1.7447720090760606,1.6576127034177226,1.8319313147343985,statsmodels_get_prediction_mean_ci_alpha_0.05,138,61,77,sex=mode(M); IQ_total=median(106); usable_epochs=median(129); mean_r_squared=median(0.988462),posterior_exponent ~ C(group) * age_months + C(sex) + IQ_total + usable_epochs + mean_r_squared
linear_interaction,ASD,117.23529411764706,1.741391762144262,1.652702529976649,1.8300809943118752,statsmodels_get_prediction_mean_ci_alpha_0.05,138,61,77,sex=mode(M); IQ_total=median(106); usable_epochs=median(129); mean_r_squared=median(0.988462),posterior_exponent ~ C(group) * age_months + C(sex) + IQ_total + usable_epochs + mean_r_squared
linear_interaction,ASD,118.0,1.7380115152124644,1.647783839032814,1.828239191392115,statsmodels_get_prediction_mean_ci_alpha_0.05,138,61,77,sex=mode(M); IQ_total=median(106); usable_epochs=median(129); mean_r_squared=median(0.988462),posterior_exponent ~ C(group) * age_months + C(sex) + IQ_total + usable_epochs + mean_r_squared
linear_interaction,ASD,118.76470588235294,1.734631268280666,1.6428570589310936,1.8264054776302383,statsmodels_get_prediction_mean_ci_alpha_0.05,138,61,77,sex=mode(M); IQ_total=median(106); usable_epochs=median(129); mean_r_squared=median(0.988462),posterior_exponent ~ C(group) * age_months + C(sex) + IQ_total + usable_epochs + mean_r_squared
linear_interaction,ASD,119.52941176470588,1.7312510213488674,1.6379225918037374,1.8245794508939974,statsmodels_get_prediction_mean_ci_alpha_0.05,138,61,77,sex=mode(M); IQ_total=median(106); usable_epochs=median(129); mean_r_squared=median(0.988462),posterior_exponent ~ C(group) * age_months + C(sex) + IQ_total + usable_epochs + mean_r_squared
linear_interaction,ASD,120.29411764705881,1.7278707744170698,1.6329808153716494,1.8227607334624902,statsmodels_get_prediction_mean_ci_alpha_0.05,138,61,77,sex=mode(M); IQ_total=median(106); usable_epochs=median(129); mean_r_squared=median(0.988462),posterior_exponent ~ C(group) * age_months + C(sex) + IQ_total + usable_epochs + mean_r_squared
linear_interaction,ASD,121.05882352941175,1.7244905274852713,1.6280320846169316,1.820948970353611,statsmodels_get_prediction_mean_ci_alpha_0.05,138,61,77,sex=mode(M); IQ_total=median(106); usable_epochs=median(129); mean_r_squared=median(0.988462),posterior_exponent ~ C(group) * age_months + C(sex) + IQ_total + usable_epochs + mean_r_squared
linear_interaction,ASD,121.8235294117647,1.7211102805534737,1.6230767333352478,1.8191438277716996,statsmodels_get_prediction_mean_ci_alpha_0.05,138,61,77,sex=mode(M); IQ_total=median(106); usable_epochs=median(129); mean_r_squared=median(0.988462),posterior_exponent ~ C(group) * age_months + C(sex) + IQ_total + usable_epochs + mean_r_squared
linear_interaction,ASD,122.58823529411764,1.7177300336216752,1.6181150755759413,1.8173449916674091,statsmodels_get_prediction_mean_ci_alpha_0.05,138,61,77,sex=mode(M); IQ_total=median(106); usable_epochs=median(129); mean_r_squared=median(0.988462),posterior_exponent ~ C(group) * age_months + C(sex) + IQ_total + usable_epochs + mean_r_squared
linear_interaction,ASD,123.35294117647058,1.7143497866898776,1.6131474069778435,1.8155521664019116,statsmodels_get_prediction_mean_ci_alpha_0.05,138,61,77,sex=mode(M); IQ_total=median(106); usable_epochs=median(129); mean_r_squared=median(0.988462),posterior_exponent ~ C(group) * age_months + C(sex) + IQ_total + usable_epochs + mean_r_squared
linear_interaction,ASD,124.11764705882352,1.710969539758079,1.6081740060079885,1.8137650735081696,statsmodels_get_prediction_mean_ci_alpha_0.05,138,61,77,sex=mode(M); IQ_total=median(106); usable_epochs=median(129); mean_r_squared=median(0.988462),posterior_exponent ~ C(group) * age_months + C(sex) + IQ_total + usable_epochs + mean_r_squared
linear_interaction,ASD,124.88235294117646,1.707589292826281,1.603195135110375,1.811983450542187,statsmodels_get_prediction_mean_ci_alpha_0.05,138,61,77,sex=mode(M); IQ_total=median(106); usable_epochs=median(129); mean_r_squared=median(0.988462),posterior_exponent ~ C(group) * age_months + C(sex) + IQ_total + usable_epochs + mean_r_squared
linear_interaction,ASD,125.6470588235294,1.704209045894483,1.5982110417711888,1.8102070500177772,statsmodels_get_prediction_mean_ci_alpha_0.05,138,61,77,sex=mode(M); IQ_total=median(106); usable_epochs=median(129); mean_r_squared=median(0.988462),posterior_exponent ~ C(group) * age_months + C(sex) + IQ_total + usable_epochs + mean_r_squared
linear_interaction,ASD,126.41176470588235,1.700828798962685,1.5932219595067683,1.8084356384186016,statsmodels_get_prediction_mean_ci_alpha_0.05,138,61,77,sex=mode(M); IQ_total=median(106); usable_epochs=median(129); mean_r_squared=median(0.988462),posterior_exponent ~ C(group) * age_months + C(sex) + IQ_total + usable_epochs + mean_r_squared
linear_interaction,ASD,127.17647058823529,1.6974485520308864,1.5882281087799877,1.8066689952817852,statsmodels_get_prediction_mean_ci_alpha_0.05,138,61,77,sex=mode(M); IQ_total=median(106); usable_epochs=median(129); mean_r_squared=median(0.988462),posterior_exponent ~ C(group) * age_months + C(sex) + IQ_total + usable_epochs + mean_r_squared
linear_interaction,ASD,127.94117647058823,1.6940683050990883,1.583229697850466,1.8049069123477106,statsmodels_get_prediction_mean_ci_alpha_0.05,138,61,77,sex=mode(M); IQ_total=median(106); usable_epochs=median(129); mean_r_squared=median(0.988462),posterior_exponent ~ C(group) * age_months + C(sex) + IQ_total + usable_epochs + mean_r_squared
linear_interaction,ASD,128.70588235294116,1.6906880581672903,1.578226923563522,1.8031491927710586,statsmodels_get_prediction_mean_ci_alpha_0.05,138,61,77,sex=mode(M); IQ_total=median(106); usable_epochs=median(129); mean_r_squared=median(0.988462),posterior_exponent ~ C(group) * age_months + C(sex) + IQ_total + usable_epochs + mean_r_squared
linear_interaction,ASD,129.47058823529412,1.6873078112354922,1.5732199720825775,1.801395650388407,statsmodels_get_prediction_mean_ci_alpha_0.05,138,61,77,sex=mode(M); IQ_total=median(106); usable_epochs=median(129); mean_r_squared=median(0.988462),posterior_exponent ~ C(group) * age_months + C(sex) + IQ_total + usable_epochs + mean_r_squared
linear_interaction,ASD,130.23529411764707,1.6839275643036942,1.5682090195692568,1.7996461090381315,statsmodels_get_prediction_mean_ci_alpha_0.05,138,61,77,sex=mode(M); IQ_total=median(106); usable_epochs=median(129); mean_r_squared=median(0.988462),posterior_exponent ~ C(group) * age_months + C(sex) + IQ_total + usable_epochs + mean_r_squared
linear_interaction,ASD,131.0,1.6805473173718957,1.5631942328151085,1.7979004019286828,statsmodels_get_prediction_mean_ci_alpha_0.05,138,61,77,sex=mode(M); IQ_total=median(106); usable_epochs=median(129); mean_r_squared=median(0.988462),posterior_exponent ~ C(group) * age_months + C(sex) + IQ_total + usable_epochs + mean_r_squared
linear_interaction,TD,40.0,1.9897506352166205,1.8899691743421672,2.089532096091074,statsmodels_get_prediction_mean_ci_alpha_0.05,138,61,77,sex=mode(M); IQ_total=median(106); usable_epochs=median(129); mean_r_squared=median(0.988462),posterior_exponent ~ C(group) * age_months + C(sex) + IQ_total + usable_epochs + mean_r_squared
linear_interaction,TD,40.76470588235294,1.9900412035735666,1.891517118503347,2.088565288643786,statsmodels_get_prediction_mean_ci_alpha_0.05,138,61,77,sex=mode(M); IQ_total=median(106); usable_epochs=median(129); mean_r_squared=median(0.988462),posterior_exponent ~ C(group) * age_months + C(sex) + IQ_total + usable_epochs + mean_r_squared
linear_interaction,TD,41.529411764705884,1.9903317719305114,1.89306142153388,2.087602122327143,statsmodels_get_prediction_mean_ci_alpha_0.05,138,61,77,sex=mode(M); IQ_total=median(106); usable_epochs=median(129); mean_r_squared=median(0.988462),posterior_exponent ~ C(group) * age_months + C(sex) + IQ_total + usable_epochs + mean_r_squared
linear_interaction,TD,42.294117647058826,1.990622340287456,1.8946019408073693,2.0866427397675427,statsmodels_get_prediction_mean_ci_alpha_0.05,138,61,77,sex=mode(M); IQ_total=median(106); usable_epochs=median(129); mean_r_squared=median(0.988462),posterior_exponent ~ C(group) * age_months + C(sex) + IQ_total + usable_epochs + mean_r_squared
linear_interaction,TD,43.05882352941177,1.990912908644402,1.8961385266151722,2.0856872906736315,statsmodels_get_prediction_mean_ci_alpha_0.05,138,61,77,sex=mode(M); IQ_total=median(106); usable_epochs=median(129); mean_r_squared=median(0.988462),posterior_exponent ~ C(group) * age_months + C(sex) + IQ_total + usable_epochs + mean_r_squared
linear_interaction,TD,43.8235294117647,1.991203477001347,1.8976710217550348,2.0847359322476593,statsmodels_get_prediction_mean_ci_alpha_0.05,138,61,77,sex=mode(M); IQ_total=median(106); usable_epochs=median(129); mean_r_squared=median(0.988462),posterior_exponent ~ C(group) * age_months + C(sex) + IQ_total + usable_epochs + mean_r_squared
linear_interaction,TD,44.588235294117645,1.9914940453582926,1.8991992610936412,2.083788829622944,statsmodels_get_prediction_mean_ci_alpha_0.05,138,61,77,sex=mode(M); IQ_total=median(106); usable_epochs=median(129); mean_r_squared=median(0.988462),posterior_exponent ~ C(group) * age_months + C(sex) + IQ_total + usable_epochs + mean_r_squared
linear_interaction,TD,45.35294117647059,1.9917846137152375,1.9007230711015413,2.0828461563289338,statsmodels_get_prediction_mean_ci_alpha_0.05,138,61,77,sex=mode(M); IQ_total=median(106); usable_epochs=median(129); mean_r_squared=median(0.988462),posterior_exponent ~ C(group) * age_months + C(sex) + IQ_total + usable_epochs + mean_r_squared
linear_interaction,TD,46.11764705882353,1.9920751820721831,1.9022422693586893,2.081908094785677,statsmodels_get_prediction_mean_ci_alpha_0.05,138,61,77,sex=mode(M); IQ_total=median(106); usable_epochs=median(129); mean_r_squared=median(0.988462),posterior_exponent ~ C(group) * age_months + C(sex) + IQ_total + usable_epochs + mean_r_squared
linear_interaction,TD,46.88235294117647,1.9923657504291281,1.9037566640289925,2.080974836829264,statsmodels_get_prediction_mean_ci_alpha_0.05,138,61,77,sex=mode(M); IQ_total=median(106); usable_epochs=median(129); mean_r_squared=median(0.988462),posterior_exponent ~ C(group) * age_months + C(sex) + IQ_total + usable_epochs + mean_r_squared
linear_interaction,TD,47.64705882352941,1.992656318786073,1.905266053301758,2.0800465842703884,statsmodels_get_prediction_mean_ci_alpha_0.05,138,61,77,sex=mode(M); IQ_total=median(106); usable_epochs=median(129); mean_r_squared=median(0.988462),posterior_exponent ~ C(group) * age_months + C(sex) + IQ_total + usable_epochs + mean_r_squared
linear_interaction,TD,48.41176470588235,1.9929468871430187,1.906770224798485,2.0791235494875524,statsmodels_get_prediction_mean_ci_alpha_0.05,138,61,77,sex=mode(M); IQ_total=median(106); usable_epochs=median(129); mean_r_squared=median(0.988462),posterior_exponent ~ C(group) * age_months + C(sex) + IQ_total + usable_epochs + mean_r_squared
linear_interaction,TD,49.17647058823529,1.9932374554999637,1.9082689549427367,2.0782059560571904,statsmodels_get_prediction_mean_ci_alpha_0.05,138,61,77,sex=mode(M); IQ_total=median(106); usable_epochs=median(129); mean_r_squared=median(0.988462),posterior_exponent ~ C(group) * age_months + C(sex) + IQ_total + usable_epochs + mean_r_squared
linear_interaction,TD,49.94117647058823,1.9935280238569093,1.9097620082914233,2.0772940394223953,statsmodels_get_prediction_mean_ci_alpha_0.05,138,61,77,sex=mode(M); IQ_total=median(106); usable_epochs=median(129); mean_r_squared=median(0.988462),posterior_exponent ~ C(group) * age_months + C(sex) + IQ_total + usable_epochs + mean_r_squared
linear_interaction,TD,50.705882352941174,1.9938185922138543,1.911249136825289,2.0763880476024195,statsmodels_get_prediction_mean_ci_alpha_0.05,138,61,77,sex=mode(M); IQ_total=median(106); usable_epochs=median(129); mean_r_squared=median(0.988462),posterior_exponent ~ C(group) * age_months + C(sex) + IQ_total + usable_epochs + mean_r_squared
linear_interaction,TD,51.470588235294116,1.994109160570799,1.9127300791967423,2.0754882419448557,statsmodels_get_prediction_mean_ci_alpha_0.05,138,61,77,sex=mode(M); IQ_total=median(106); usable_epochs=median(129); mean_r_squared=median(0.988462),posterior_exponent ~ C(group) * age_months + C(sex) + IQ_total + usable_epochs + mean_r_squared
linear_interaction,TD,52.23529411764706,1.9943997289277449,1.914204559933084,2.074594897922406,statsmodels_get_prediction_mean_ci_alpha_0.05,138,61,77,sex=mode(M); IQ_total=median(106); usable_epochs=median(129); mean_r_squared=median(0.988462),posterior_exponent ~ C(group) * age_months + C(sex) + IQ_total + usable_epochs + mean_r_squared
linear_interaction,TD,53.0,1.9946902972846896,1.9156722885933064,2.073708305976073,statsmodels_get_prediction_mean_ci_alpha_0.05,138,61,77,sex=mode(M); IQ_total=median(106); usable_epochs=median(129); mean_r_squared=median(0.988462),posterior_exponent ~ C(group) * age_months + C(sex) + IQ_total + usable_epochs + mean_r_squared
linear_interaction,TD,53.76470588235294,1.9949808656416355,1.9171329588766122,2.0728287724066585,statsmodels_get_prediction_mean_ci_alpha_0.05,138,61,77,sex=mode(M); IQ_total=median(106); usable_epochs=median(129); mean_r_squared=median(0.988462),posterior_exponent ~ C(group) * age_months + C(sex) + IQ_total + usable_epochs + mean_r_squared
linear_interaction,TD,54.529411764705884,1.9952714339985804,1.9185862476813125,2.071956620315848,statsmodels_get_prediction_mean_ci_alpha_0.05,138,61,77,sex=mode(M); IQ_total=median(106); usable_epochs=median(129); mean_r_squared=median(0.988462),posterior_exponent ~ C(group) * age_months + C(sex) + IQ_total + usable_epochs + mean_r_squared
linear_interaction,TD,55.294117647058826,1.995562002355526,1.9200318141126411,2.071092190598411,statsmodels_get_prediction_mean_ci_alpha_0.05,138,61,77,sex=mode(M); IQ_total=median(106); usable_epochs=median(129); mean_r_squared=median(0.988462),posterior_exponent ~ C(group) * age_months + C(sex) + IQ_total + usable_epochs + mean_r_squared
linear_interaction,TD,56.05882352941177,1.995852570712471,1.9214692984385835,2.0702358429863588,statsmodels_get_prediction_mean_ci_alpha_0.05,138,61,77,sex=mode(M); IQ_total=median(106); usable_epochs=median(129); mean_r_squared=median(0.988462),posterior_exponent ~ C(group) * age_months + C(sex) + IQ_total + usable_epochs + mean_r_squared
linear_interaction,TD,56.8235294117647,1.9961431390694158,1.9228983209932413,2.06938795714559,statsmodels_get_prediction_mean_ci_alpha_0.05,138,61,77,sex=mode(M); IQ_total=median(106); usable_epochs=median(129); mean_r_squared=median(0.988462),posterior_exponent ~ C(group) * age_months + C(sex) + IQ_total + usable_epochs + mean_r_squared
linear_interaction,TD,57.588235294117645,1.9964337074263616,1.9243184810277252,2.068548933824998,statsmodels_get_prediction_mean_ci_alpha_0.05,138,61,77,sex=mode(M); IQ_total=median(106); usable_epochs=median(129); mean_r_squared=median(0.988462),posterior_exponent ~ C(group) * age_months + C(sex) + IQ_total + usable_epochs + mean_r_squared
linear_interaction,TD,58.35294117647059,1.9967242757833064,1.9257293555092798,2.067719196057333,statsmodels_get_prediction_mean_ci_alpha_0.05,138,61,77,sex=mode(M); IQ_total=median(106); usable_epochs=median(129); mean_r_squared=median(0.988462),posterior_exponent ~ C(group) * age_months + C(sex) + IQ_total + usable_epochs + mean_r_squared
linear_interaction,TD,59.11764705882353,1.9970148441402522,1.9271304978703023,2.066899190410202,statsmodels_get_prediction_mean_ci_alpha_0.05,138,61,77,sex=mode(M); IQ_total=median(106); usable_epochs=median(129); mean_r_squared=median(0.988462),posterior_exponent ~ C(group) * age_months + C(sex) + IQ_total + usable_epochs + mean_r_squared
linear_interaction,TD,59.88235294117647,1.997305412497197,1.928521436709856,2.0660893882845377,statsmodels_get_prediction_mean_ci_alpha_0.05,138,61,77,sex=mode(M); IQ_total=median(106); usable_epochs=median(129); mean_r_squared=median(0.988462),posterior_exponent ~ C(group) * age_months + C(sex) + IQ_total + usable_epochs + mean_r_squared
linear_interaction,TD,60.647058823529406,1.997595980854142,1.9299016744515753,2.0652902872567087,statsmodels_get_prediction_mean_ci_alpha_0.05,138,61,77,sex=mode(M); IQ_total=median(106); usable_epochs=median(129); mean_r_squared=median(0.988462),posterior_exponent ~ C(group) * age_months + C(sex) + IQ_total + usable_epochs + mean_r_squared
linear_interaction,TD,61.41176470588235,1.9978865492110875,1.931270685963593,2.064502412458582,statsmodels_get_prediction_mean_ci_alpha_0.05,138,61,77,sex=mode(M); IQ_total=median(106); usable_epochs=median(129); mean_r_squared=median(0.988462),posterior_exponent ~ C(group) * age_months + C(sex) + IQ_total + usable_epochs + mean_r_squared
linear_interaction,TD,62.17647058823529,1.9981771175680325,1.9326279171475231,2.063726317988542,statsmodels_get_prediction_mean_ci_alpha_0.05,138,61,77,sex=mode(M); IQ_total=median(106); usable_epochs=median(129); mean_r_squared=median(0.988462),posterior_exponent ~ C(group) * age_months + C(sex) + IQ_total + usable_epochs + mean_r_squared
linear_interaction,TD,62.94117647058823,1.9984676859249781,1.9339727835062486,2.0629625883437077,statsmodels_get_prediction_mean_ci_alpha_0.05,138,61,77,sex=mode(M); IQ_total=median(106); usable_epochs=median(129); mean_r_squared=median(0.988462),posterior_exponent ~ C(group) * age_months + C(sex) + IQ_total + usable_epochs + mean_r_squared
linear_interaction,TD,63.705882352941174,1.998758254281923,1.935304668702313,2.0622118398615332,statsmodels_get_prediction_mean_ci_alpha_0.05,138,61,77,sex=mode(M); IQ_total=median(106); usable_epochs=median(129); mean_r_squared=median(0.988462),posterior_exponent ~ C(group) * age_months + C(sex) + IQ_total + usable_epochs + mean_r_squared
linear_interaction,TD,64.47058823529412,1.999048822638869,1.9366229231220051,2.0614747221557326,statsmodels_get_prediction_mean_ci_alpha_0.05,138,61,77,sex=mode(M); IQ_total=median(106); usable_epochs=median(129); mean_r_squared=median(0.988462),posterior_exponent ~ C(group) * age_months + C(sex) + IQ_total + usable_epochs + mean_r_squared
linear_interaction,TD,65.23529411764706,1.9993393909958137,1.9379268624633945,2.060751919528233,statsmodels_get_prediction_mean_ci_alpha_0.05,138,61,77,sex=mode(M); IQ_total=median(106); usable_epochs=median(129); mean_r_squared=median(0.988462),posterior_exponent ~ C(group) * age_months + C(sex) + IQ_total + usable_epochs + mean_r_squared
linear_interaction,TD,66.0,1.9996299593527587,1.9392157663706948,2.0600441523348225,statsmodels_get_prediction_mean_ci_alpha_0.05,138,61,77,sex=mode(M); IQ_total=median(106); usable_epochs=median(129); mean_r_squared=median(0.988462),posterior_exponent ~ C(group) * age_months + C(sex) + IQ_total + usable_epochs + mean_r_squared
linear_interaction,TD,66.76470588235294,1.9999205277097043,1.9404888771413593,2.0593521782780493,statsmodels_get_prediction_mean_ci_alpha_0.05,138,61,77,sex=mode(M); IQ_total=median(106); usable_epochs=median(129); mean_r_squared=median(0.988462),posterior_exponent ~ C(group) * age_months + C(sex) + IQ_total + usable_epochs + mean_r_squared
linear_interaction,TD,67.52941176470588,2.000211096066649,1.9417453985376212,2.058676793595677,statsmodels_get_prediction_mean_ci_alpha_0.05,138,61,77,sex=mode(M); IQ_total=median(106); usable_epochs=median(129); mean_r_squared=median(0.988462),posterior_exponent ~ C(group) * age_months + C(sex) + IQ_total + usable_epochs + mean_r_squared
linear_interaction,TD,68.29411764705883,2.000501664423595,1.942984494739163,2.058018834108027,statsmodels_get_prediction_mean_ci_alpha_0.05,138,61,77,sex=mode(M); IQ_total=median(106); usable_epochs=median(129); mean_r_squared=median(0.988462),posterior_exponent ~ C(group) * age_months + C(sex) + IQ_total + usable_epochs + mean_r_squared
linear_interaction,TD,69.05882352941177,2.00079223278054,1.944205289479688,2.0573791760813918,statsmodels_get_prediction_mean_ci_alpha_0.05,138,61,77,sex=mode(M); IQ_total=median(106); usable_epochs=median(129); mean_r_squared=median(0.988462),posterior_exponent ~ C(group) * age_months + C(sex) + IQ_total + usable_epochs + mean_r_squared
linear_interaction,TD,69.8235294117647,2.0010828011374855,1.94540686541626,2.056758736858711,statsmodels_get_prediction_mean_ci_alpha_0.05,138,61,77,sex=mode(M); IQ_total=median(106); usable_epochs=median(129); mean_r_squared=median(0.988462),posterior_exponent ~ C(group) * age_months + C(sex) + IQ_total + usable_epochs + mean_r_squared
linear_interaction,TD,70.58823529411765,2.0013733694944307,1.9465882637867058,2.0561584752021553,statsmodels_get_prediction_mean_ci_alpha_0.05,138,61,77,sex=mode(M); IQ_total=median(106); usable_epochs=median(129); mean_r_squared=median(0.988462),posterior_exponent ~ C(group) * age_months + C(sex) + IQ_total + usable_epochs + mean_r_squared
linear_interaction,TD,71.35294117647058,2.001663937851375,1.9477484844168,2.0555793912859497,statsmodels_get_prediction_mean_ci_alpha_0.05,138,61,77,sex=mode(M); IQ_total=median(106); usable_epochs=median(129); mean_r_squared=median(0.988462),posterior_exponent ~ C(group) * age_months + C(sex) + IQ_total + usable_epochs + mean_r_squared
linear_interaction,TD,72.11764705882354,2.001954506208321,1.9488864861455997,2.0550225262710424,statsmodels_get_prediction_mean_ci_alpha_0.05,138,61,77,sex=mode(M); IQ_total=median(106); usable_epochs=median(129); mean_r_squared=median(0.988462),posterior_exponent ~ C(group) * age_months + C(sex) + IQ_total + usable_epochs + mean_r_squared
linear_interaction,TD,72.88235294117646,2.002245074565266,1.9500011877422705,2.054488961388261,statsmodels_get_prediction_mean_ci_alpha_0.05,138,61,77,sex=mode(M); IQ_total=median(106); usable_epochs=median(129); mean_r_squared=median(0.988462),posterior_exponent ~ C(group) * age_months + C(sex) + IQ_total + usable_epochs + mean_r_squared
linear_interaction,TD,73.6470588235294,2.0025356429222114,1.9510914693935735,2.0539798164508496,statsmodels_get_prediction_mean_ci_alpha_0.05,138,61,77,sex=mode(M); IQ_total=median(106); usable_epochs=median(129); mean_r_squared=median(0.988462),posterior_exponent ~ C(group) * age_months + C(sex) + IQ_total + usable_epochs + mean_r_squared
linear_interaction,TD,74.41176470588235,2.0028262112791566,1.9521561748435141,2.053496247714799,statsmodels_get_prediction_mean_ci_alpha_0.05,138,61,77,sex=mode(M); IQ_total=median(106); usable_epochs=median(129); mean_r_squared=median(0.988462),posterior_exponent ~ C(group) * age_months + C(sex) + IQ_total + usable_epochs + mean_r_squared
linear_interaction,TD,75.17647058823529,2.0031167796361014,1.9531941142684908,2.053039445003712,statsmodels_get_prediction_mean_ci_alpha_0.05,138,61,77,sex=mode(M); IQ_total=median(106); usable_epochs=median(129); mean_r_squared=median(0.988462),posterior_exponent ~ C(group) * age_months + C(sex) + IQ_total + usable_epochs + mean_r_squared
linear_interaction,TD,75.94117647058823,2.003407347993047,1.9542040679692583,2.0526106280168355,statsmodels_get_prediction_mean_ci_alpha_0.05,138,61,77,sex=mode(M); IQ_total=median(106); usable_epochs=median(129); mean_r_squared=median(0.988462),posterior_exponent ~ C(group) * age_months + C(sex) + IQ_total + usable_epochs + mean_r_squared
linear_interaction,TD,76.70588235294117,2.003697916349992,1.9551847909562767,2.052211041743708,statsmodels_get_prediction_mean_ci_alpha_0.05,138,61,77,sex=mode(M); IQ_total=median(106); usable_epochs=median(129); mean_r_squared=median(0.988462),posterior_exponent ~ C(group) * age_months + C(sex) + IQ_total + usable_epochs + mean_r_squared
linear_interaction,TD,77.47058823529412,2.003988484706938,1.9561350184949,2.0518419509189756,statsmodels_get_prediction_mean_ci_alpha_0.05,138,61,77,sex=mode(M); IQ_total=median(106); usable_epochs=median(129); mean_r_squared=median(0.988462),posterior_exponent ~ C(group) * age_months + C(sex) + IQ_total + usable_epochs + mean_r_squared
linear_interaction,TD,78.23529411764706,2.0042790530638825,1.9570534726627622,2.051504633465003,statsmodels_get_prediction_mean_ci_alpha_0.05,138,61,77,sex=mode(M); IQ_total=median(106); usable_epochs=median(129); mean_r_squared=median(0.988462),posterior_exponent ~ C(group) * age_months + C(sex) + IQ_total + usable_epochs + mean_r_squared
linear_interaction,TD,79.0,2.0045696214208277,1.957938869951319,2.0512003728903365,statsmodels_get_prediction_mean_ci_alpha_0.05,138,61,77,sex=mode(M); IQ_total=median(106); usable_epochs=median(129); mean_r_squared=median(0.988462),posterior_exponent ~ C(group) * age_months + C(sex) + IQ_total + usable_epochs + mean_r_squared
linear_interaction,TD,79.76470588235294,2.0048601897777734,1.9587899299166076,2.050930449638939,statsmodels_get_prediction_mean_ci_alpha_0.05,138,61,77,sex=mode(M); IQ_total=median(106); usable_epochs=median(129); mean_r_squared=median(0.988462),posterior_exponent ~ C(group) * age_months + C(sex) + IQ_total + usable_epochs + mean_r_squared
linear_interaction,TD,80.52941176470588,2.005150758134718,1.95960538485256,2.0506961314168763,statsmodels_get_prediction_mean_ci_alpha_0.05,138,61,77,sex=mode(M); IQ_total=median(106); usable_epochs=median(129); mean_r_squared=median(0.988462),posterior_exponent ~ C(group) * age_months + C(sex) + IQ_total + usable_epochs + mean_r_squared
linear_interaction,TD,81.29411764705881,2.0054413264916637,1.9603839904205789,2.0504986625627484,statsmodels_get_prediction_mean_ci_alpha_0.05,138,61,77,sex=mode(M); IQ_total=median(106); usable_epochs=median(129); mean_r_squared=median(0.988462),posterior_exponent ~ C(group) * age_months + C(sex) + IQ_total + usable_epochs + mean_r_squared
linear_interaction,TD,82.05882352941177,2.0057318948486085,1.961124537126956,2.0503392525702613,statsmodels_get_prediction_mean_ci_alpha_0.05,138,61,77,sex=mode(M); IQ_total=median(106); usable_epochs=median(129); mean_r_squared=median(0.988462),posterior_exponent ~ C(group) * age_months + C(sex) + IQ_total + usable_epochs + mean_r_squared
linear_interaction,TD,82.8235294117647,2.0060224632055546,1.961825862491617,2.050219063919492,statsmodels_get_prediction_mean_ci_alpha_0.05,138,61,77,sex=mode(M); IQ_total=median(106); usable_epochs=median(129); mean_r_squared=median(0.988462),posterior_exponent ~ C(group) * age_months + C(sex) + IQ_total + usable_epochs + mean_r_squared
linear_interaction,TD,83.58823529411765,2.0063130315624993,1.9624868637046975,2.0501391994203013,statsmodels_get_prediction_mean_ci_alpha_0.05,138,61,77,sex=mode(M); IQ_total=median(106); usable_epochs=median(129); mean_r_squared=median(0.988462),posterior_exponent ~ C(group) * age_months + C(sex) + IQ_total + usable_epochs + mean_r_squared
linear_interaction,TD,84.35294117647058,2.006603599919444,1.9631065105201633,2.050100689318725,statsmodels_get_prediction_mean_ci_alpha_0.05,138,61,77,sex=mode(M); IQ_total=median(106); usable_epochs=median(129); mean_r_squared=median(0.988462),posterior_exponent ~ C(group) * age_months + C(sex) + IQ_total + usable_epochs + mean_r_squared
linear_interaction,TD,85.11764705882354,2.00689416827639,1.9636838580947888,2.0501044784579916,statsmodels_get_prediction_mean_ci_alpha_0.05,138,61,77,sex=mode(M); IQ_total=median(106); usable_epochs=median(129); mean_r_squared=median(0.988462),posterior_exponent ~ C(group) * age_months + C(sex) + IQ_total + usable_epochs + mean_r_squared
linear_interaction,TD,85.88235294117646,2.007184736633335,1.964218059446875,2.050151413819795,statsmodels_get_prediction_mean_ci_alpha_0.05,138,61,77,sex=mode(M); IQ_total=median(106); usable_epochs=median(129); mean_r_squared=median(0.988462),posterior_exponent ~ C(group) * age_months + C(sex) + IQ_total + usable_epochs + mean_r_squared
linear_interaction,TD,86.6470588235294,2.0074753049902805,1.9647083771888159,2.050242232791745,statsmodels_get_prediction_mean_ci_alpha_0.05,138,61,77,sex=mode(M); IQ_total=median(106); usable_epochs=median(129); mean_r_squared=median(0.988462),posterior_exponent ~ C(group) * age_months + C(sex) + IQ_total + usable_epochs + mean_r_squared
linear_interaction,TD,87.41176470588235,2.0077658733472257,1.9651541941808282,2.050377552513623,statsmodels_get_prediction_mean_ci_alpha_0.05,138,61,77,sex=mode(M); IQ_total=median(106); usable_epochs=median(129); mean_r_squared=median(0.988462),posterior_exponent ~ C(group) * age_months + C(sex) + IQ_total + usable_epochs + mean_r_squared
linear_interaction,TD,88.17647058823529,2.0080564417041704,1.9655550227648275,2.0505578606435133,statsmodels_get_prediction_mean_ci_alpha_0.05,138,61,77,sex=mode(M); IQ_total=median(106); usable_epochs=median(129); mean_r_squared=median(0.988462),posterior_exponent ~ C(group) * age_months + C(sex) + IQ_total + usable_epochs + mean_r_squared
linear_interaction,TD,88.94117647058823,2.008347010061116,1.9659105122672254,2.050783507855007,statsmodels_get_prediction_mean_ci_alpha_0.05,138,61,77,sex=mode(M); IQ_total=median(106); usable_epochs=median(129); mean_r_squared=median(0.988462),posterior_exponent ~ C(group) * age_months + C(sex) + IQ_total + usable_epochs + mean_r_squared
linear_interaction,TD,89.70588235294117,2.0086375784180612,1.9662204545075856,2.051054702328537,statsmodels_get_prediction_mean_ci_alpha_0.05,138,61,77,sex=mode(M); IQ_total=median(106); usable_epochs=median(129); mean_r_squared=median(0.988462),posterior_exponent ~ C(group) * age_months + C(sex) + IQ_total + usable_epochs + mean_r_squared
linear_interaction,TD,90.47058823529412,2.0089281467750064,1.9664847871137199,2.051371506436293,statsmodels_get_prediction_mean_ci_alpha_0.05,138,61,77,sex=mode(M); IQ_total=median(106); usable_epochs=median(129); mean_r_squared=median(0.988462),posterior_exponent ~ C(group) * age_months + C(sex) + IQ_total + usable_epochs + mean_r_squared
linear_interaction,TD,91.23529411764706,2.0092187151319516,1.9667035945216178,2.051733835742285,statsmodels_get_prediction_mean_ci_alpha_0.05,138,61,77,sex=mode(M); IQ_total=median(106); usable_epochs=median(129); mean_r_squared=median(0.988462),posterior_exponent ~ C(group) * age_months + C(sex) + IQ_total + usable_epochs + mean_r_squared
linear_interaction,TD,92.0,2.0095092834888972,1.96687710662259,2.0521414603552044,statsmodels_get_prediction_mean_ci_alpha_0.05,138,61,77,sex=mode(M); IQ_total=median(106); usable_epochs=median(129); mean_r_squared=median(0.988462),posterior_exponent ~ C(group) * age_months + C(sex) + IQ_total + usable_epochs + mean_r_squared
linear_interaction,TD,92.76470588235293,2.009799851845842,1.9670056951082329,2.0525940085834513,statsmodels_get_prediction_mean_ci_alpha_0.05,138,61,77,sex=mode(M); IQ_total=median(106); usable_epochs=median(129); mean_r_squared=median(0.988462),posterior_exponent ~ C(group) * age_months + C(sex) + IQ_total + usable_epochs + mean_r_squared
linear_interaction,TD,93.52941176470588,2.010090420202787,1.9670898676472763,2.053090972758298,statsmodels_get_prediction_mean_ci_alpha_0.05,138,61,77,sex=mode(M); IQ_total=median(106); usable_epochs=median(129); mean_r_squared=median(0.988462),posterior_exponent ~ C(group) * age_months + C(sex) + IQ_total + usable_epochs + mean_r_squared
linear_interaction,TD,94.29411764705881,2.010380988559733,1.967130260104013,2.0536317170154526,statsmodels_get_prediction_mean_ci_alpha_0.05,138,61,77,sex=mode(M); IQ_total=median(106); usable_epochs=median(129); mean_r_squared=median(0.988462),posterior_exponent ~ C(group) * age_months + C(sex) + IQ_total + usable_epochs + mean_r_squared
linear_interaction,TD,95.05882352941177,2.0106715569166775,1.9671276270699627,2.0542154867633924,statsmodels_get_prediction_mean_ci_alpha_0.05,138,61,77,sex=mode(M); IQ_total=median(106); usable_epochs=median(129); mean_r_squared=median(0.988462),posterior_exponent ~ C(group) * age_months + C(sex) + IQ_total + usable_epochs + mean_r_squared
linear_interaction,TD,95.8235294117647,2.0109621252736236,1.9670828310254922,2.0548414195217553,statsmodels_get_prediction_mean_ci_alpha_0.05,138,61,77,sex=mode(M); IQ_total=median(106); usable_epochs=median(129); mean_r_squared=median(0.988462),posterior_exponent ~ C(group) * age_months + C(sex) + IQ_total + usable_epochs + mean_r_squared
linear_interaction,TD,96.58823529411765,2.0112526936305684,1.9669968304754262,2.0555085567857105,statsmodels_get_prediction_mean_ci_alpha_0.05,138,61,77,sex=mode(M); IQ_total=median(106); usable_epochs=median(129); mean_r_squared=median(0.988462),posterior_exponent ~ C(group) * age_months + C(sex) + IQ_total + usable_epochs + mean_r_squared
linear_interaction,TD,97.35294117647058,2.011543261987513,1.9668706674112515,2.056215856563775,statsmodels_get_prediction_mean_ci_alpha_0.05,138,61,77,sex=mode(M); IQ_total=median(106); usable_epochs=median(129); mean_r_squared=median(0.988462),posterior_exponent ~ C(group) * age_months + C(sex) + IQ_total + usable_epochs + mean_r_squared
linear_interaction,TD,98.11764705882352,2.011833830344459,1.9667054544439706,2.0569622062449477,statsmodels_get_prediction_mean_ci_alpha_0.05,138,61,77,sex=mode(M); IQ_total=median(106); usable_epochs=median(129); mean_r_squared=median(0.988462),posterior_exponent ~ C(group) * age_months + C(sex) + IQ_total + usable_epochs + mean_r_squared
linear_interaction,TD,98.88235294117646,2.0121243987014035,1.9665023619282442,2.0577464354745625,statsmodels_get_prediction_mean_ci_alpha_0.05,138,61,77,sex=mode(M); IQ_total=median(106); usable_epochs=median(129); mean_r_squared=median(0.988462),posterior_exponent ~ C(group) * age_months + C(sex) + IQ_total + usable_epochs + mean_r_squared
linear_interaction,TD,99.6470588235294,2.0124149670583495,1.9662626053644852,2.058567328752214,statsmodels_get_prediction_mean_ci_alpha_0.05,138,61,77,sex=mode(M); IQ_total=median(106); usable_epochs=median(129); mean_r_squared=median(0.988462),posterior_exponent ~ C(group) * age_months + C(sex) + IQ_total + usable_epochs + mean_r_squared
linear_interaction,TD,100.41176470588235,2.0127055354152943,1.965987433322162,2.0594236375084267,statsmodels_get_prediction_mean_ci_alpha_0.05,138,61,77,sex=mode(M); IQ_total=median(106); usable_epochs=median(129); mean_r_squared=median(0.988462),posterior_exponent ~ C(group) * age_months + C(sex) + IQ_total + usable_epochs + mean_r_squared
linear_interaction,TD,101.17647058823529,2.01299610377224,1.965678116081275,2.060314091463205,statsmodels_get_prediction_mean_ci_alpha_0.05,138,61,77,sex=mode(M); IQ_total=median(106); usable_epochs=median(129); mean_r_squared=median(0.988462),posterior_exponent ~ C(group) * age_months + C(sex) + IQ_total + usable_epochs + mean_r_squared
linear_interaction,TD,101.94117647058823,2.013286672129185,1.965335935140747,2.0612374091176235,statsmodels_get_prediction_mean_ci_alpha_0.05,138,61,77,sex=mode(M); IQ_total=median(106); usable_epochs=median(129); mean_r_squared=median(0.988462),posterior_exponent ~ C(group) * age_months + C(sex) + IQ_total + usable_epochs + mean_r_squared
linear_interaction,TD,102.70588235294117,2.01357724048613,1.964962173695888,2.062192307276372,statsmodels_get_prediction_mean_ci_alpha_0.05,138,61,77,sex=mode(M); IQ_total=median(106); usable_epochs=median(129); mean_r_squared=median(0.988462),posterior_exponent ~ C(group) * age_months + C(sex) + IQ_total + usable_epochs + mean_r_squared
linear_interaction,TD,103.47058823529412,2.0138678088430755,1.9645581081445231,2.0631775095416276,statsmodels_get_prediction_mean_ci_alpha_0.05,138,61,77,sex=mode(M); IQ_total=median(106); usable_epochs=median(129); mean_r_squared=median(0.988462),posterior_exponent ~ C(group) * age_months + C(sex) + IQ_total + usable_epochs + mean_r_squared
linear_interaction,TD,104.23529411764706,2.0141583772000207,1.9641250006438313,2.06419175375621,statsmodels_get_prediction_mean_ci_alpha_0.05,138,61,77,sex=mode(M); IQ_total=median(106); usable_epochs=median(129); mean_r_squared=median(0.988462),posterior_exponent ~ C(group) * age_months + C(sex) + IQ_total + usable_epochs + mean_r_squared
linear_interaction,TD,105.0,2.0144489455569663,1.9636640927076978,2.065233798406235,statsmodels_get_prediction_mean_ci_alpha_0.05,138,61,77,sex=mode(M); IQ_total=median(106); usable_epochs=median(129); mean_r_squared=median(0.988462),posterior_exponent ~ C(group) * age_months + C(sex) + IQ_total + usable_epochs + mean_r_squared
linear_interaction,TD,105.76470588235294,2.014739513913911,1.9631765998098427,2.0663024280179796,statsmodels_get_prediction_mean_ci_alpha_0.05,138,61,77,sex=mode(M); IQ_total=median(106); usable_epochs=median(129); mean_r_squared=median(0.988462),posterior_exponent ~ C(group) * age_months + C(sex) + IQ_total + usable_epochs + mean_r_squared
linear_interaction,TD,106.52941176470588,2.0150300822708562,1.9626637069374404,2.0673964576042723,statsmodels_get_prediction_mean_ci_alpha_0.05,138,61,77,sex=mode(M); IQ_total=median(106); usable_epochs=median(129); mean_r_squared=median(0.988462),posterior_exponent ~ C(group) * age_months + C(sex) + IQ_total + usable_epochs + mean_r_squared
linear_interaction,TD,107.29411764705881,2.0153206506278014,1.9621265650271444,2.0685147362284586,statsmodels_get_prediction_mean_ci_alpha_0.05,138,61,77,sex=mode(M); IQ_total=median(106); usable_epochs=median(129); mean_r_squared=median(0.988462),posterior_exponent ~ C(group) * age_months + C(sex) + IQ_total + usable_epochs + mean_r_squared
linear_interaction,TD,108.05882352941175,2.0156112189847466,1.96156628820585,2.069656149763643,statsmodels_get_prediction_mean_ci_alpha_0.05,138,61,77,sex=mode(M); IQ_total=median(106); usable_epochs=median(129); mean_r_squared=median(0.988462),posterior_exponent ~ C(group) * age_months + C(sex) + IQ_total + usable_epochs + mean_r_squared
linear_interaction,TD,108.8235294117647,2.0159017873416922,1.9609839517545742,2.0708196229288105,statsmodels_get_prediction_mean_ci_alpha_0.05,138,61,77,sex=mode(M); IQ_total=median(106); usable_epochs=median(129); mean_r_squared=median(0.988462),posterior_exponent ~ C(group) * age_months + C(sex) + IQ_total + usable_epochs + mean_r_squared
linear_interaction,TD,109.58823529411764,2.016192355698637,1.9603805907119718,2.0720041206853024,statsmodels_get_prediction_mean_ci_alpha_0.05,138,61,77,sex=mode(M); IQ_total=median(106); usable_epochs=median(129); mean_r_squared=median(0.988462),posterior_exponent ~ C(group) * age_months + C(sex) + IQ_total + usable_epochs + mean_r_squared
linear_interaction,TD,110.35294117647058,2.016482924055583,1.959757199036391,2.0732086490747754,statsmodels_get_prediction_mean_ci_alpha_0.05,138,61,77,sex=mode(M); IQ_total=median(106); usable_epochs=median(129); mean_r_squared=median(0.988462),posterior_exponent ~ C(group) * age_months + C(sex) + IQ_total + usable_epochs + mean_r_squared
linear_interaction,TD,111.11764705882352,2.016773492412528,1.9591147292480848,2.0744322555769705,statsmodels_get_prediction_mean_ci_alpha_0.05,138,61,77,sex=mode(M); IQ_total=median(106); usable_epochs=median(129); mean_r_squared=median(0.988462),posterior_exponent ~ C(group) * age_months + C(sex) + IQ_total + usable_epochs + mean_r_squared
linear_interaction,TD,111.88235294117646,2.0170640607694725,1.9584540924788356,2.0756740290601092,statsmodels_get_prediction_mean_ci_alpha_0.05,138,61,77,sex=mode(M); IQ_total=median(106); usable_epochs=median(129); mean_r_squared=median(0.988462),posterior_exponent ~ C(group) * age_months + C(sex) + IQ_total + usable_epochs + mean_r_squared
linear_interaction,TD,112.6470588235294,2.0173546291264186,1.9577761588617502,2.076933099391087,statsmodels_get_prediction_mean_ci_alpha_0.05,138,61,77,sex=mode(M); IQ_total=median(106); usable_epochs=median(129); mean_r_squared=median(0.988462),posterior_exponent ~ C(group) * age_months + C(sex) + IQ_total + usable_epochs + mean_r_squared
linear_interaction,TD,113.41176470588235,2.0176451974833634,1.957081758200233,2.078208636766494,statsmodels_get_prediction_mean_ci_alpha_0.05,138,61,77,sex=mode(M); IQ_total=median(106); usable_epochs=median(129); mean_r_squared=median(0.988462),posterior_exponent ~ C(group) * age_months + C(sex) + IQ_total + usable_epochs + mean_r_squared
linear_interaction,TD,114.17647058823529,2.017935765840309,1.9563716808621416,2.0794998508184763,statsmodels_get_prediction_mean_ci_alpha_0.05,138,61,77,sex=mode(M); IQ_total=median(106); usable_epochs=median(129); mean_r_squared=median(0.988462),posterior_exponent ~ C(group) * age_months + C(sex) + IQ_total + usable_epochs + mean_r_squared
linear_interaction,TD,114.94117647058823,2.018226334197254,1.9556466788508828,2.0808059895436255,statsmodels_get_prediction_mean_ci_alpha_0.05,138,61,77,sex=mode(M); IQ_total=median(106); usable_epochs=median(129); mean_r_squared=median(0.988462),posterior_exponent ~ C(group) * age_months + C(sex) + IQ_total + usable_epochs + mean_r_squared
linear_interaction,TD,115.70588235294117,2.0185169025541985,1.9549074670118618,2.082126338096535,statsmodels_get_prediction_mean_ci_alpha_0.05,138,61,77,sex=mode(M); IQ_total=median(106); usable_epochs=median(129); mean_r_squared=median(0.988462),posterior_exponent ~ C(group) * age_months + C(sex) + IQ_total + usable_epochs + mean_r_squared
linear_interaction,TD,116.47058823529412,2.0188074709111445,1.9541547243381228,2.0834602174841663,statsmodels_get_prediction_mean_ci_alpha_0.05,138,61,77,sex=mode(M); IQ_total=median(106); usable_epochs=median(129); mean_r_squared=median(0.988462),posterior_exponent ~ C(group) * age_months + C(sex) + IQ_total + usable_epochs + mean_r_squared
linear_interaction,TD,117.23529411764706,2.0190980392680893,1.9533890953446902,2.0848069831914886,statsmodels_get_prediction_mean_ci_alpha_0.05,138,61,77,sex=mode(M); IQ_total=median(106); usable_epochs=median(129); mean_r_squared=median(0.988462),posterior_exponent ~ C(group) * age_months + C(sex) + IQ_total + usable_epochs + mean_r_squared
linear_interaction,TD,118.0,2.019388607625035,1.9526111914853217,2.0861660237647484,statsmodels_get_prediction_mean_ci_alpha_0.05,138,61,77,sex=mode(M); IQ_total=median(106); usable_epochs=median(129); mean_r_squared=median(0.988462),posterior_exponent ~ C(group) * age_months + C(sex) + IQ_total + usable_epochs + mean_r_squared
linear_interaction,TD,118.76470588235294,2.01967917598198,1.9518215925904492,2.087536759373511,statsmodels_get_prediction_mean_ci_alpha_0.05,138,61,77,sex=mode(M); IQ_total=median(106); usable_epochs=median(129); mean_r_squared=median(0.988462),posterior_exponent ~ C(group) * age_months + C(sex) + IQ_total + usable_epochs + mean_r_squared
linear_interaction,TD,119.52941176470588,2.019969744338925,1.9510208483082068,2.088918640369643,statsmodels_get_prediction_mean_ci_alpha_0.05,138,61,77,sex=mode(M); IQ_total=median(106); usable_epochs=median(129); mean_r_squared=median(0.988462),posterior_exponent ~ C(group) * age_months + C(sex) + IQ_total + usable_epochs + mean_r_squared
linear_interaction,TD,120.29411764705881,2.0202603126958705,1.9502094795342,2.090311145857541,statsmodels_get_prediction_mean_ci_alpha_0.05,138,61,77,sex=mode(M); IQ_total=median(106); usable_epochs=median(129); mean_r_squared=median(0.988462),posterior_exponent ~ C(group) * age_months + C(sex) + IQ_total + usable_epochs + mean_r_squared
linear_interaction,TD,121.05882352941175,2.0205508810528157,1.949387979818334,2.0917137822872975,statsmodels_get_prediction_mean_ci_alpha_0.05,138,61,77,sex=mode(M); IQ_total=median(106); usable_epochs=median(129); mean_r_squared=median(0.988462),posterior_exponent ~ C(group) * age_months + C(sex) + IQ_total + usable_epochs + mean_r_squared
linear_interaction,TD,121.8235294117647,2.0208414494097613,1.9485568167396963,2.0931260820798263,statsmodels_get_prediction_mean_ci_alpha_0.05,138,61,77,sex=mode(M); IQ_total=median(106); usable_epochs=median(129); mean_r_squared=median(0.988462),posterior_exponent ~ C(group) * age_months + C(sex) + IQ_total + usable_epochs + mean_r_squared
linear_interaction,TD,122.58823529411764,2.021132017766706,1.9477164332423036,2.0945476022911085,statsmodels_get_prediction_mean_ci_alpha_0.05,138,61,77,sex=mode(M); IQ_total=median(106); usable_epochs=median(129); mean_r_squared=median(0.988462),posterior_exponent ~ C(group) * age_months + C(sex) + IQ_total + usable_epochs + mean_r_squared
linear_interaction,TD,123.35294117647058,2.021422586123652,1.9468672489267387,2.0959779233205658,statsmodels_get_prediction_mean_ci_alpha_0.05,138,61,77,sex=mode(M); IQ_total=median(106); usable_epochs=median(129); mean_r_squared=median(0.988462),posterior_exponent ~ C(group) * age_months + C(sex) + IQ_total + usable_epochs + mean_r_squared
linear_interaction,TD,124.11764705882352,2.0217131544805964,1.9460096612936488,2.097416647667544,statsmodels_get_prediction_mean_ci_alpha_0.05,138,61,77,sex=mode(M); IQ_total=median(106); usable_epochs=median(129); mean_r_squared=median(0.988462),posterior_exponent ~ C(group) * age_months + C(sex) + IQ_total + usable_epochs + mean_r_squared
linear_interaction,TD,124.88235294117646,2.022003722837542,1.9451440469369692,2.0988633987381147,statsmodels_get_prediction_mean_ci_alpha_0.05,138,61,77,sex=mode(M); IQ_total=median(106); usable_epochs=median(129); mean_r_squared=median(0.988462),posterior_exponent ~ C(group) * age_months + C(sex) + IQ_total + usable_epochs + mean_r_squared
linear_interaction,TD,125.6470588235294,2.0222942911944872,1.9442707626851439,2.1003178197038306,statsmodels_get_prediction_mean_ci_alpha_0.05,138,61,77,sex=mode(M); IQ_total=median(106); usable_epochs=median(129); mean_r_squared=median(0.988462),posterior_exponent ~ C(group) * age_months + C(sex) + IQ_total + usable_epochs + mean_r_squared
linear_interaction,TD,126.41176470588235,2.022584859551433,1.9433901466898378,2.1017795724130277,statsmodels_get_prediction_mean_ci_alpha_0.05,138,61,77,sex=mode(M); IQ_total=median(106); usable_epochs=median(129); mean_r_squared=median(0.988462),posterior_exponent ~ C(group) * age_months + C(sex) + IQ_total + usable_epochs + mean_r_squared
linear_interaction,TD,127.17647058823529,2.022875427908377,1.9425025194622567,2.103248336354498,statsmodels_get_prediction_mean_ci_alpha_0.05,138,61,77,sex=mode(M); IQ_total=median(106); usable_epochs=median(129); mean_r_squared=median(0.988462),posterior_exponent ~ C(group) * age_months + C(sex) + IQ_total + usable_epochs + mean_r_squared
linear_interaction,TD,127.94117647058823,2.023165996265323,1.9416081848575928,2.104723807673053,statsmodels_get_prediction_mean_ci_alpha_0.05,138,61,77,sex=mode(M); IQ_total=median(106); usable_epochs=median(129); mean_r_squared=median(0.988462),posterior_exponent ~ C(group) * age_months + C(sex) + IQ_total + usable_epochs + mean_r_squared
linear_interaction,TD,128.70588235294116,2.023456564622268,1.9407074310085357,2.1062056982360002,statsmodels_get_prediction_mean_ci_alpha_0.05,138,61,77,sex=mode(M); IQ_total=median(106); usable_epochs=median(129); mean_r_squared=median(0.988462),posterior_exponent ~ C(group) * age_months + C(sex) + IQ_total + usable_epochs + mean_r_squared
linear_interaction,TD,129.47058823529412,2.0237471329792136,1.9398005312093767,2.1076937347490503,statsmodels_get_prediction_mean_ci_alpha_0.05,138,61,77,sex=mode(M); IQ_total=median(106); usable_epochs=median(129); mean_r_squared=median(0.988462),posterior_exponent ~ C(group) * age_months + C(sex) + IQ_total + usable_epochs + mean_r_squared
linear_interaction,TD,130.23529411764707,2.024037701336159,1.938887744752164,2.109187657920154,statsmodels_get_prediction_mean_ci_alpha_0.05,138,61,77,sex=mode(M); IQ_total=median(106); usable_epochs=median(129); mean_r_squared=median(0.988462),posterior_exponent ~ C(group) * age_months + C(sex) + IQ_total + usable_epochs + mean_r_squared
linear_interaction,TD,131.0,2.0243282696931035,1.9379693177165782,2.110687221669629,statsmodels_get_prediction_mean_ci_alpha_0.05,138,61,77,sex=mode(M); IQ_total=median(106); usable_epochs=median(129); mean_r_squared=median(0.988462),posterior_exponent ~ C(group) * age_months + C(sex) + IQ_total + usable_epochs + mean_r_squared
spline_interaction,ASD,40.0,1.9535749127647772,1.6327313932129655,2.274418432316589,statsmodels_get_prediction_mean_ci_alpha_0.05,138,61,77,sex=mode(M); IQ_total=median(106); usable_epochs=median(129); mean_r_squared=median(0.988462),"posterior_exponent ~ C(group) * bs(age_months, df=3, include_intercept=False, lower_bound=40.0, upper_bound=131.0) + C(sex) + IQ_total + usable_epochs + mean_r_squared"
spline_interaction,ASD,40.76470588235294,1.9608543983796007,1.6569630223213219,2.2647457744378796,statsmodels_get_prediction_mean_ci_alpha_0.05,138,61,77,sex=mode(M); IQ_total=median(106); usable_epochs=median(129); mean_r_squared=median(0.988462),"posterior_exponent ~ C(group) * bs(age_months, df=3, include_intercept=False, lower_bound=40.0, upper_bound=131.0) + C(sex) + IQ_total + usable_epochs + mean_r_squared"
spline_interaction,ASD,41.529411764705884,1.967693749521323,1.6800794335036067,2.2553080655390394,statsmodels_get_prediction_mean_ci_alpha_0.05,138,61,77,sex=mode(M); IQ_total=median(106); usable_epochs=median(129); mean_r_squared=median(0.988462),"posterior_exponent ~ C(group) * bs(age_months, df=3, include_intercept=False, lower_bound=40.0, upper_bound=131.0) + C(sex) + IQ_total + usable_epochs + mean_r_squared"
spline_interaction,ASD,42.294117647058826,1.974100689771051,1.702095245273929,2.2461061342681727,statsmodels_get_prediction_mean_ci_alpha_0.05,138,61,77,sex=mode(M); IQ_total=median(106); usable_epochs=median(129); mean_r_squared=median(0.988462),"posterior_exponent ~ C(group) * bs(age_months, df=3, include_intercept=False, lower_bound=40.0, upper_bound=131.0) + C(sex) + IQ_total + usable_epochs + mean_r_squared"
spline_interaction,ASD,43.05882352941177,1.9800829427098887,1.7230248112761932,2.237141074143584,statsmodels_get_prediction_mean_ci_alpha_0.05,138,61,77,sex=mode(M); IQ_total=median(106); usable_epochs=median(129); mean_r_squared=median(0.988462),"posterior_exponent ~ C(group) * bs(age_months, df=3, include_intercept=False, lower_bound=40.0, upper_bound=131.0) + C(sex) + IQ_total + usable_epochs + mean_r_squared"
spline_interaction,ASD,43.8235294117647,1.985648231918943,1.7428822143042992,2.2284142495335866,statsmodels_get_prediction_mean_ci_alpha_0.05,138,61,77,sex=mode(M); IQ_total=median(106); usable_epochs=median(129); mean_r_squared=median(0.988462),"posterior_exponent ~ C(group) * bs(age_months, df=3, include_intercept=False, lower_bound=40.0, upper_bound=131.0) + C(sex) + IQ_total + usable_epochs + mean_r_squared"
spline_interaction,ASD,44.588235294117645,1.9908042809793196,1.7616812668979798,2.2199272950606597,statsmodels_get_prediction_mean_ci_alpha_0.05,138,61,77,sex=mode(M); IQ_total=median(106); usable_epochs=median(129); mean_r_squared=median(0.988462),"posterior_exponent ~ C(group) * bs(age_months, df=3, include_intercept=False, lower_bound=40.0, upper_bound=131.0) + C(sex) + IQ_total + usable_epochs + mean_r_squared"
spline_interaction,ASD,45.35294117647059,1.9955588134721243,1.7794355213834798,2.2116821055607687,statsmodels_get_prediction_mean_ci_alpha_0.05,138,61,77,sex=mode(M); IQ_total=median(106); usable_epochs=median(129); mean_r_squared=median(0.988462),"posterior_exponent ~ C(group) * bs(age_months, df=3, include_intercept=False, lower_bound=40.0, upper_bound=131.0) + C(sex) + IQ_total + usable_epochs + mean_r_squared"
spline_interaction,ASD,46.11764705882353,1.999919552978462,1.7961582930478563,2.2036808129090675,statsmodels_get_prediction_mean_ci_alpha_0.05,138,61,77,sex=mode(M); IQ_total=median(106); usable_epochs=median(129); mean_r_squared=median(0.988462),"posterior_exponent ~ C(group) * bs(age_months, df=3, include_intercept=False, lower_bound=40.0, upper_bound=131.0) + C(sex) + IQ_total + usable_epochs + mean_r_squared"
spline_interaction,ASD,46.88235294117647,2.003894223079439,1.8118627010814616,2.1959257450774166,statsmodels_get_prediction_mean_ci_alpha_0.05,138,61,77,sex=mode(M); IQ_total=median(106); usable_epochs=median(129); mean_r_squared=median(0.988462),"posterior_exponent ~ C(group) * bs(age_months, df=3, include_intercept=False, lower_bound=40.0, upper_bound=131.0) + C(sex) + IQ_total + usable_epochs + mean_r_squared"
spline_interaction,ASD,47.64705882352941,2.00749054735616,1.826561732953502,2.1884193617588186,statsmodels_get_prediction_mean_ci_alpha_0.05,138,61,77,sex=mode(M); IQ_total=median(106); usable_epochs=median(129); mean_r_squared=median(0.988462),"posterior_exponent ~ C(group) * bs(age_months, df=3, include_intercept=False, lower_bound=40.0, upper_bound=131.0) + C(sex) + IQ_total + usable_epochs + mean_r_squared"
spline_interaction,ASD,48.41176470588235,2.010716249389733,1.840268338908098,2.1811641598713676,statsmodels_get_prediction_mean_ci_alpha_0.05,138,61,77,sex=mode(M); IQ_total=median(106); usable_epochs=median(129); mean_r_squared=median(0.988462),"posterior_exponent ~ C(group) * bs(age_months, df=3, include_intercept=False, lower_bound=40.0, upper_bound=131.0) + C(sex) + IQ_total + usable_epochs + mean_r_squared"
spline_interaction,ASD,49.17647058823529,2.0135790527612607,1.8529955641164664,2.174162541406055,statsmodels_get_prediction_mean_ci_alpha_0.05,138,61,77,sex=mode(M); IQ_total=median(106); usable_epochs=median(129); mean_r_squared=median(0.988462),"posterior_exponent ~ C(group) * bs(age_months, df=3, include_intercept=False, lower_bound=40.0, upper_bound=131.0) + C(sex) + IQ_total + usable_epochs + mean_r_squared"
spline_interaction,ASD,49.94117647058823,2.0160866810518496,1.8647567264272298,2.1674166356764695,statsmodels_get_prediction_mean_ci_alpha_0.05,138,61,77,sex=mode(M); IQ_total=median(106); usable_epochs=median(129); mean_r_squared=median(0.988462),"posterior_exponent ~ C(group) * bs(age_months, df=3, include_intercept=False, lower_bound=40.0, upper_bound=131.0) + C(sex) + IQ_total + usable_epochs + mean_r_squared"
spline_interaction,ASD,50.705882352941174,2.018246857842607,1.8755656472342768,2.1609280684509375,statsmodels_get_prediction_mean_ci_alpha_0.05,138,61,77,sex=mode(M); IQ_total=median(106); usable_epochs=median(129); mean_r_squared=median(0.988462),"posterior_exponent ~ C(group) * bs(age_months, df=3, include_intercept=False, lower_bound=40.0, upper_bound=131.0) + C(sex) + IQ_total + usable_epochs + mean_r_squared"
spline_interaction,ASD,51.470588235294116,2.0200673067146386,1.8854369412207146,2.1546976722085627,statsmodels_get_prediction_mean_ci_alpha_0.05,138,61,77,sex=mode(M); IQ_total=median(106); usable_epochs=median(129); mean_r_squared=median(0.988462),"posterior_exponent ~ C(group) * bs(age_months, df=3, include_intercept=False, lower_bound=40.0, upper_bound=131.0) + C(sex) + IQ_total + usable_epochs + mean_r_squared"
spline_interaction,ASD,52.23529411764706,2.021555751249047,1.8943863670549201,2.1487251354431742,statsmodels_get_prediction_mean_ci_alpha_0.05,138,61,77,sex=mode(M); IQ_total=median(106); usable_epochs=median(129); mean_r_squared=median(0.988462),"posterior_exponent ~ C(group) * bs(age_months, df=3, include_intercept=False, lower_bound=40.0, upper_bound=131.0) + C(sex) + IQ_total + usable_epochs + mean_r_squared"
spline_interaction,ASD,53.0,2.0227199150269413,1.9024312349702523,2.14300859508363,statsmodels_get_prediction_mean_ci_alpha_0.05,138,61,77,sex=mode(M); IQ_total=median(106); usable_epochs=median(129); mean_r_squared=median(0.988462),"posterior_exponent ~ C(group) * bs(age_months, df=3, include_intercept=False, lower_bound=40.0, upper_bound=131.0) + C(sex) + IQ_total + usable_epochs + mean_r_squared"
spline_interaction,ASD,53.76470588235294,2.023567521629425,1.909590858274628,2.137544184984222,statsmodels_get_prediction_mean_ci_alpha_0.05,138,61,77,sex=mode(M); IQ_total=median(106); usable_epochs=median(129); mean_r_squared=median(0.988462),"posterior_exponent ~ C(group) * bs(age_months, df=3, include_intercept=False, lower_bound=40.0, upper_bound=131.0) + C(sex) + IQ_total + usable_epochs + mean_r_squared"
spline_interaction,ASD,54.529411764705884,2.0241062946376056,1.9158870245031667,2.1323255647720445,statsmodels_get_prediction_mean_ci_alpha_0.05,138,61,77,sex=mode(M); IQ_total=median(106); usable_epochs=median(129); mean_r_squared=median(0.988462),"posterior_exponent ~ C(group) * bs(age_months, df=3, include_intercept=False, lower_bound=40.0, upper_bound=131.0) + C(sex) + IQ_total + usable_epochs + mean_r_squared"
spline_interaction,ASD,55.294117647058826,2.0243439576325875,1.9213444493491456,2.127343465916029,statsmodels_get_prediction_mean_ci_alpha_0.05,138,61,77,sex=mode(M); IQ_total=median(106); usable_epochs=median(129); mean_r_squared=median(0.988462),"posterior_exponent ~ C(group) * bs(age_months, df=3, include_intercept=False, lower_bound=40.0, upper_bound=131.0) + C(sex) + IQ_total + usable_epochs + mean_r_squared"
spline_interaction,ASD,56.05882352941177,2.024288234195476,1.9259911650053283,2.122585303385624,statsmodels_get_prediction_mean_ci_alpha_0.05,138,61,77,sex=mode(M); IQ_total=median(106); usable_epochs=median(129); mean_r_squared=median(0.988462),"posterior_exponent ~ C(group) * bs(age_months, df=3, include_intercept=False, lower_bound=40.0, upper_bound=131.0) + C(sex) + IQ_total + usable_epochs + mean_r_squared"
spline_interaction,ASD,56.8235294117647,2.0239468479073786,1.9298587874138848,2.1180349084008725,statsmodels_get_prediction_mean_ci_alpha_0.05,138,61,77,sex=mode(M); IQ_total=median(106); usable_epochs=median(129); mean_r_squared=median(0.988462),"posterior_exponent ~ C(group) * bs(age_months, df=3, include_intercept=False, lower_bound=40.0, upper_bound=131.0) + C(sex) + IQ_total + usable_epochs + mean_r_squared"
spline_interaction,ASD,57.588235294117645,2.023327522349399,1.9329826077314585,2.1136724369673394,statsmodels_get_prediction_mean_ci_alpha_0.05,138,61,77,sex=mode(M); IQ_total=median(106); usable_epochs=median(129); mean_r_squared=median(0.988462),"posterior_exponent ~ C(group) * bs(age_months, df=3, include_intercept=False, lower_bound=40.0, upper_bound=131.0) + C(sex) + IQ_total + usable_epochs + mean_r_squared"
spline_interaction,ASD,58.35294117647059,2.0224379811026445,1.9354014646760636,2.1094744975292254,statsmodels_get_prediction_mean_ci_alpha_0.05,138,61,77,sex=mode(M); IQ_total=median(106); usable_epochs=median(129); mean_r_squared=median(0.988462),"posterior_exponent ~ C(group) * bs(age_months, df=3, include_intercept=False, lower_bound=40.0, upper_bound=131.0) + C(sex) + IQ_total + usable_epochs + mean_r_squared"
spline_interaction,ASD,59.11764705882353,2.0212859477482192,1.9371573765636974,2.105414518932741,statsmodels_get_prediction_mean_ci_alpha_0.05,138,61,77,sex=mode(M); IQ_total=median(106); usable_epochs=median(129); mean_r_squared=median(0.988462),"posterior_exponent ~ C(group) * bs(age_months, df=3, include_intercept=False, lower_bound=40.0, upper_bound=131.0) + C(sex) + IQ_total + usable_epochs + mean_r_squared"
spline_interaction,ASD,59.88235294117647,2.0198791458672307,1.9382949417044502,2.1014633500300115,statsmodels_get_prediction_mean_ci_alpha_0.05,138,61,77,sex=mode(M); IQ_total=median(106); usable_epochs=median(129); mean_r_squared=median(0.988462),"posterior_exponent ~ C(group) * bs(age_months, df=3, include_intercept=False, lower_bound=40.0, upper_bound=131.0) + C(sex) + IQ_total + usable_epochs + mean_r_squared"
spline_interaction,ASD,60.647058823529406,2.0182252990407825,1.9388605473755351,2.09759005070603,statsmodels_get_prediction_mean_ci_alpha_0.05,138,61,77,sex=mode(M); IQ_total=median(106); usable_epochs=median(129); mean_r_squared=median(0.988462),"posterior_exponent ~ C(group) * bs(age_months, df=3, include_intercept=False, lower_bound=40.0, upper_bound=131.0) + C(sex) + IQ_total + usable_epochs + mean_r_squared"
spline_interaction,ASD,61.41176470588235,2.016332130849982,1.9389014535273588,2.0937628081726056,statsmodels_get_prediction_mean_ci_alpha_0.05,138,61,77,sex=mode(M); IQ_total=median(106); usable_epochs=median(129); mean_r_squared=median(0.988462),"posterior_exponent ~ C(group) * bs(age_months, df=3, include_intercept=False, lower_bound=40.0, upper_bound=131.0) + C(sex) + IQ_total + usable_epochs + mean_r_squared"
spline_interaction,ASD,62.17647058823529,2.0142073648759347,1.9384648316628394,2.0899498980890296,statsmodels_get_prediction_mean_ci_alpha_0.05,138,61,77,sex=mode(M); IQ_total=median(106); usable_epochs=median(129); mean_r_squared=median(0.988462),"posterior_exponent ~ C(group) * bs(age_months, df=3, include_intercept=False, lower_bound=40.0, upper_bound=131.0) + C(sex) + IQ_total + usable_epochs + mean_r_squared"
spline_interaction,ASD,62.94117647058823,2.0118587246997452,1.9375968392812075,2.086120610118283,statsmodels_get_prediction_mean_ci_alpha_0.05,138,61,77,sex=mode(M); IQ_total=median(106); usable_epochs=median(129); mean_r_squared=median(0.988462),"posterior_exponent ~ C(group) * bs(age_months, df=3, include_intercept=False, lower_bound=40.0, upper_bound=131.0) + C(sex) + IQ_total + usable_epochs + mean_r_squared"
spline_interaction,ASD,63.705882352941174,2.0092939339025206,1.9363417972944734,2.082246070510568,statsmodels_get_prediction_mean_ci_alpha_0.05,138,61,77,sex=mode(M); IQ_total=median(106); usable_epochs=median(129); mean_r_squared=median(0.988462),"posterior_exponent ~ C(group) * bs(age_months, df=3, include_intercept=False, lower_bound=40.0, upper_bound=131.0) + C(sex) + IQ_total + usable_epochs + mean_r_squared"
spline_interaction,ASD,64.47058823529412,2.006520716065365,1.9347415164392405,2.078299915691489,statsmodels_get_prediction_mean_ci_alpha_0.05,138,61,77,sex=mode(M); IQ_total=median(106); usable_epochs=median(129); mean_r_squared=median(0.988462),"posterior_exponent ~ C(group) * bs(age_months, df=3, include_intercept=False, lower_bound=40.0, upper_bound=131.0) + C(sex) + IQ_total + usable_epochs + mean_r_squared"
spline_interaction,ASD,65.23529411764706,2.0035467947693855,1.932834794650089,2.074258794888682,statsmodels_get_prediction_mean_ci_alpha_0.05,138,61,77,sex=mode(M); IQ_total=median(106); usable_epochs=median(129); mean_r_squared=median(0.988462),"posterior_exponent ~ C(group) * bs(age_months, df=3, include_intercept=False, lower_bound=40.0, upper_bound=131.0) + C(sex) + IQ_total + usable_epochs + mean_r_squared"
spline_interaction,ASD,66.0,2.000379893595687,1.9306570856330816,2.0701027015582922,statsmodels_get_prediction_mean_ci_alpha_0.05,138,61,77,sex=mode(M); IQ_total=median(106); usable_epochs=median(129); mean_r_squared=median(0.988462),"posterior_exponent ~ C(group) * bs(age_months, df=3, include_intercept=False, lower_bound=40.0, upper_bound=131.0) + C(sex) + IQ_total + usable_epochs + mean_r_squared"
spline_interaction,ASD,66.76470588235294,1.9970277361253754,1.9282403225947125,2.0658151496560384,statsmodels_get_prediction_mean_ci_alpha_0.05,138,61,77,sex=mode(M); IQ_total=median(106); usable_epochs=median(129); mean_r_squared=median(0.988462),"posterior_exponent ~ C(group) * bs(age_months, df=3, include_intercept=False, lower_bound=40.0, upper_bound=131.0) + C(sex) + IQ_total + usable_epochs + mean_r_squared"
spline_interaction,ASD,67.52941176470588,1.9934980459395564,1.925612871271668,2.0613832206074445,statsmodels_get_prediction_mean_ci_alpha_0.05,138,61,77,sex=mode(M); IQ_total=median(106); usable_epochs=median(129); mean_r_squared=median(0.988462),"posterior_exponent ~ C(group) * bs(age_months, df=3, include_intercept=False, lower_bound=40.0, upper_bound=131.0) + C(sex) + IQ_total + usable_epochs + mean_r_squared"
spline_interaction,ASD,68.29411764705883,1.989798546619336,1.9227995824969935,2.0567975107416783,statsmodels_get_prediction_mean_ci_alpha_0.05,138,61,77,sex=mode(M); IQ_total=median(106); usable_epochs=median(129); mean_r_squared=median(0.988462),"posterior_exponent ~ C(group) * bs(age_months, df=3, include_intercept=False, lower_bound=40.0, upper_bound=131.0) + C(sex) + IQ_total + usable_epochs + mean_r_squared"
spline_interaction,ASD,69.05882352941177,1.9859369617458191,1.9198219150947446,2.0520520083968936,statsmodels_get_prediction_mean_ci_alpha_0.05,138,61,77,sex=mode(M); IQ_total=median(106); usable_epochs=median(129); mean_r_squared=median(0.988462),"posterior_exponent ~ C(group) * bs(age_months, df=3, include_intercept=False, lower_bound=40.0, upper_bound=131.0) + C(sex) + IQ_total + usable_epochs + mean_r_squared"
spline_interaction,ASD,69.8235294117647,1.9819210149001125,1.9166981032771153,2.04714392652311,statsmodels_get_prediction_mean_ci_alpha_0.05,138,61,77,sex=mode(M); IQ_total=median(106); usable_epochs=median(129); mean_r_squared=median(0.988462),"posterior_exponent ~ C(group) * bs(age_months, df=3, include_intercept=False, lower_bound=40.0, upper_bound=131.0) + C(sex) + IQ_total + usable_epochs + mean_r_squared"
spline_interaction,ASD,70.58823529411765,1.9777584296633215,1.9134433475003152,2.042073511826328,statsmodels_get_prediction_mean_ci_alpha_0.05,138,61,77,sex=mode(M); IQ_total=median(106); usable_epochs=median(129); mean_r_squared=median(0.988462),"posterior_exponent ~ C(group) * bs(age_months, df=3, include_intercept=False, lower_bound=40.0, upper_bound=131.0) + C(sex) + IQ_total + usable_epochs + mean_r_squared"
spline_interaction,ASD,71.35294117647058,1.9734569296165514,1.9100700128865733,2.0368438463465295,statsmodels_get_prediction_mean_ci_alpha_0.05,138,61,77,sex=mode(M); IQ_total=median(106); usable_epochs=median(129); mean_r_squared=median(0.988462),"posterior_exponent ~ C(group) * bs(age_months, df=3, include_intercept=False, lower_bound=40.0, upper_bound=131.0) + C(sex) + IQ_total + usable_epochs + mean_r_squared"
spline_interaction,ASD,72.11764705882354,1.9690242383409076,1.906587824219617,2.031460652462198,statsmodels_get_prediction_mean_ci_alpha_0.05,138,61,77,sex=mode(M); IQ_total=median(106); usable_epochs=median(129); mean_r_squared=median(0.988462),"posterior_exponent ~ C(group) * bs(age_months, df=3, include_intercept=False, lower_bound=40.0, upper_bound=131.0) + C(sex) + IQ_total + usable_epochs + mean_r_squared"
spline_interaction,ASD,72.88235294117646,1.9644680794174962,1.903004050875849,2.0259321079591435,statsmodels_get_prediction_mean_ci_alpha_0.05,138,61,77,sex=mode(M); IQ_total=median(106); usable_epochs=median(129); mean_r_squared=median(0.988462),"posterior_exponent ~ C(group) * bs(age_months, df=3, include_intercept=False, lower_bound=40.0, upper_bound=131.0) + C(sex) + IQ_total + usable_epochs + mean_r_squared"
spline_interaction,ASD,73.6470588235294,1.9597961764274228,1.8993236788063952,2.02026867404845,statsmodels_get_prediction_mean_ci_alpha_0.05,138,61,77,sex=mode(M); IQ_total=median(106); usable_epochs=median(129); mean_r_squared=median(0.988462),"posterior_exponent ~ C(group) * bs(age_months, df=3, include_intercept=False, lower_bound=40.0, upper_bound=131.0) + C(sex) + IQ_total + usable_epochs + mean_r_squared"
spline_interaction,ASD,74.41176470588235,1.9550162529517938,1.8955495699065954,2.0144829359969925,statsmodels_get_prediction_mean_ci_alpha_0.05,138,61,77,sex=mode(M); IQ_total=median(106); usable_epochs=median(129); mean_r_squared=median(0.988462),"posterior_exponent ~ C(group) * bs(age_months, df=3, include_intercept=False, lower_bound=40.0, upper_bound=131.0) + C(sex) + IQ_total + usable_epochs + mean_r_squared"
spline_interaction,ASD,75.17647058823529,1.9501360325717139,1.8916826119308654,2.0085894532125623,statsmodels_get_prediction_mean_ci_alpha_0.05,138,61,77,sex=mode(M); IQ_total=median(106); usable_epochs=median(129); mean_r_squared=median(0.988462),"posterior_exponent ~ C(group) * bs(age_months, df=3, include_intercept=False, lower_bound=40.0, upper_bound=131.0) + C(sex) + IQ_total + usable_epochs + mean_r_squared"
spline_interaction,ASD,75.94117647058823,1.9451632388682891,1.8877218646580314,2.002604613078547,statsmodels_get_prediction_mean_ci_alpha_0.05,138,61,77,sex=mode(M); IQ_total=median(106); usable_epochs=median(129); mean_r_squared=median(0.988462),"posterior_exponent ~ C(group) * bs(age_months, df=3, include_intercept=False, lower_bound=40.0, upper_bound=131.0) + C(sex) + IQ_total + usable_epochs + mean_r_squared"
spline_interaction,ASD,76.70588235294117,1.9401055954226254,1.8836647103574646,1.9965464804877862,statsmodels_get_prediction_mean_ci_alpha_0.05,138,61,77,sex=mode(M); IQ_total=median(106); usable_epochs=median(129); mean_r_squared=median(0.988462),"posterior_exponent ~ C(group) * bs(age_months, df=3, include_intercept=False, lower_bound=40.0, upper_bound=131.0) + C(sex) + IQ_total + usable_epochs + mean_r_squared"
spline_interaction,ASD,77.47058823529412,1.934970825815828,1.8795070187233818,1.9904346329082743,statsmodels_get_prediction_mean_ci_alpha_0.05,138,61,77,sex=mode(M); IQ_total=median(106); usable_epochs=median(129); mean_r_squared=median(0.988462),"posterior_exponent ~ C(group) * bs(age_months, df=3, include_intercept=False, lower_bound=40.0, upper_bound=131.0) + C(sex) + IQ_total + usable_epochs + mean_r_squared"
spline_interaction,ASD,78.23529411764706,1.9297666536290037,1.8752433381672173,1.98428996909079,statsmodels_get_prediction_mean_ci_alpha_0.05,138,61,77,sex=mode(M); IQ_total=median(106); usable_epochs=median(129); mean_r_squared=median(0.988462),"posterior_exponent ~ C(group) * bs(age_months, df=3, include_intercept=False, lower_bound=40.0, upper_bound=131.0) + C(sex) + IQ_total + usable_epochs + mean_r_squared"
spline_interaction,ASD,79.0,1.924500802443256,1.8708671263381804,1.9781344785483315,statsmodels_get_prediction_mean_ci_alpha_0.05,138,61,77,sex=mode(M); IQ_total=median(106); usable_epochs=median(129); mean_r_squared=median(0.988462),"posterior_exponent ~ C(group) * bs(age_months, df=3, include_intercept=False, lower_bound=40.0, upper_bound=131.0) + C(sex) + IQ_total + usable_epochs + mean_r_squared"
spline_interaction,ASD,79.76470588235294,1.9191809958396924,1.866371032450593,1.9719909592287916,statsmodels_get_prediction_mean_ci_alpha_0.05,138,61,77,sex=mode(M); IQ_total=median(106); usable_epochs=median(129); mean_r_squared=median(0.988462),"posterior_exponent ~ C(group) * bs(age_months, df=3, include_intercept=False, lower_bound=40.0, upper_bound=131.0) + C(sex) + IQ_total + usable_epochs + mean_r_squared"
spline_interaction,ASD,80.52941176470588,1.9138149573994192,1.8617472417553367,1.9658826730435017,statsmodels_get_prediction_mean_ci_alpha_0.05,138,61,77,sex=mode(M); IQ_total=median(106); usable_epochs=median(129); mean_r_squared=median(0.988462),"posterior_exponent ~ C(group) * bs(age_months, df=3, include_intercept=False, lower_bound=40.0, upper_bound=131.0) + C(sex) + IQ_total + usable_epochs + mean_r_squared"
spline_interaction,ASD,81.29411764705881,1.9084104107035396,1.856987887623543,1.959832933783536,statsmodels_get_prediction_mean_ci_alpha_0.05,138,61,77,sex=mode(M); IQ_total=median(106); usable_epochs=median(129); mean_r_squared=median(0.988462),"posterior_exponent ~ C(group) * bs(age_months, df=3, include_intercept=False, lower_bound=40.0, upper_bound=131.0) + C(sex) + IQ_total + usable_epochs + mean_r_squared"
spline_interaction,ASD,82.05882352941177,1.902975079333162,1.852085528783695,1.9538646298826288,statsmodels_get_prediction_mean_ci_alpha_0.05,138,61,77,sex=mode(M); IQ_total=median(106); usable_epochs=median(129); mean_r_squared=median(0.988462),"posterior_exponent ~ C(group) * bs(age_months, df=3, include_intercept=False, lower_bound=40.0, upper_bound=131.0) + C(sex) + IQ_total + usable_epochs + mean_r_squared"
spline_interaction,ASD,82.8235294117647,1.8975166868693898,1.8470336784517238,1.9479996952870557,statsmodels_get_prediction_mean_ci_alpha_0.05,138,61,77,sex=mode(M); IQ_total=median(106); usable_epochs=median(129); mean_r_squared=median(0.988462),"posterior_exponent ~ C(group) * bs(age_months, df=3, include_intercept=False, lower_bound=40.0, upper_bound=131.0) + C(sex) + IQ_total + usable_epochs + mean_r_squared"
spline_interaction,ASD,83.58823529411765,1.8920429568933286,1.8418273595622616,1.9422585542243955,statsmodels_get_prediction_mean_ci_alpha_0.05,138,61,77,sex=mode(M); IQ_total=median(106); usable_epochs=median(129); mean_r_squared=median(0.988462),"posterior_exponent ~ C(group) * bs(age_months, df=3, include_intercept=False, lower_bound=40.0, upper_bound=131.0) + C(sex) + IQ_total + usable_epochs + mean_r_squared"
spline_interaction,ASD,84.35294117647058,1.8865616129860872,1.836463648321909,1.9366595776502653,statsmodels_get_prediction_mean_ci_alpha_0.05,138,61,77,sex=mode(M); IQ_total=median(106); usable_epochs=median(129); mean_r_squared=median(0.988462),"posterior_exponent ~ C(group) * bs(age_months, df=3, include_intercept=False, lower_bound=40.0, upper_bound=131.0) + C(sex) + IQ_total + usable_epochs + mean_r_squared"
spline_interaction,ASD,85.11764705882354,1.8810803787287687,1.8309421599786797,1.9312185974788576,statsmodels_get_prediction_mean_ci_alpha_0.05,138,61,77,sex=mode(M); IQ_total=median(106); usable_epochs=median(129); mean_r_squared=median(0.988462),"posterior_exponent ~ C(group) * bs(age_months, df=3, include_intercept=False, lower_bound=40.0, upper_bound=131.0) + C(sex) + IQ_total + usable_epochs + mean_r_squared"
spline_interaction,ASD,85.88235294117646,1.8756069777024793,1.8252654291774202,1.9259485262275384,statsmodels_get_prediction_mean_ci_alpha_0.05,138,61,77,sex=mode(M); IQ_total=median(106); usable_epochs=median(129); mean_r_squared=median(0.988462),"posterior_exponent ~ C(group) * bs(age_months, df=3, include_intercept=False, lower_bound=40.0, upper_bound=131.0) + C(sex) + IQ_total + usable_epochs + mean_r_squared"
spline_interaction,ASD,86.6470588235294,1.8701491334883231,1.8194391444882583,1.920859122488388,statsmodels_get_prediction_mean_ci_alpha_0.05,138,61,77,sex=mode(M); IQ_total=median(106); usable_epochs=median(129); mean_r_squared=median(0.988462),"posterior_exponent ~ C(group) * bs(age_months, df=3, include_intercept=False, lower_bound=40.0, upper_bound=131.0) + C(sex) + IQ_total + usable_epochs + mean_r_squared"
spline_interaction,ASD,87.41176470588235,1.8647145696674094,1.8134722123146267,1.9159569270201922,statsmodels_get_prediction_mean_ci_alpha_0.05,138,61,77,sex=mode(M); IQ_total=median(106); usable_epochs=median(129); mean_r_squared=median(0.988462),"posterior_exponent ~ C(group) * bs(age_months, df=3, include_intercept=False, lower_bound=40.0, upper_bound=131.0) + C(sex) + IQ_total + usable_epochs + mean_r_squared"
spline_interaction,ASD,88.17647058823529,1.859311009820841,1.807376646448873,1.911245373192809,statsmodels_get_prediction_mean_ci_alpha_0.05,138,61,77,sex=mode(M); IQ_total=median(106); usable_epochs=median(129); mean_r_squared=median(0.988462),"posterior_exponent ~ C(group) * bs(age_months, df=3, include_intercept=False, lower_bound=40.0, upper_bound=131.0) + C(sex) + IQ_total + usable_epochs + mean_r_squared"
spline_interaction,ASD,88.94117647058823,1.8539461775297248,1.8011673012682783,1.9067250537911713,statsmodels_get_prediction_mean_ci_alpha_0.05,138,61,77,sex=mode(M); IQ_total=median(106); usable_epochs=median(129); mean_r_squared=median(0.988462),"posterior_exponent ~ C(group) * bs(age_months, df=3, include_intercept=False, lower_bound=40.0, upper_bound=131.0) + C(sex) + IQ_total + usable_epochs + mean_r_squared"
spline_interaction,ASD,89.70588235294117,1.8486277963751658,1.7948614839911838,1.9023941087591478,statsmodels_get_prediction_mean_ci_alpha_0.05,138,61,77,sex=mode(M); IQ_total=median(106); usable_epochs=median(129); mean_r_squared=median(0.988462),"posterior_exponent ~ C(group) * bs(age_months, df=3, include_intercept=False, lower_bound=40.0, upper_bound=131.0) + C(sex) + IQ_total + usable_epochs + mean_r_squared"
spline_interaction,ASD,90.47058823529412,1.8433635899382703,1.7884784911193825,1.8982486887571581,statsmodels_get_prediction_mean_ci_alpha_0.05,138,61,77,sex=mode(M); IQ_total=median(106); usable_epochs=median(129); mean_r_squared=median(0.988462),"posterior_exponent ~ C(group) * bs(age_months, df=3, include_intercept=False, lower_bound=40.0, upper_bound=131.0) + C(sex) + IQ_total + usable_epochs + mean_r_squared"
spline_interaction,ASD,91.23529411764706,1.8381612818001432,1.7820391152588146,1.8942834483414717,statsmodels_get_prediction_mean_ci_alpha_0.05,138,61,77,sex=mode(M); IQ_total=median(106); usable_epochs=median(129); mean_r_squared=median(0.988462),"posterior_exponent ~ C(group) * bs(age_months, df=3, include_intercept=False, lower_bound=40.0, upper_bound=131.0) + C(sex) + IQ_total + usable_epochs + mean_r_squared"
spline_interaction,ASD,92.0,1.833028595541892,1.7755651623814532,1.8904920287023306,statsmodels_get_prediction_mean_ci_alpha_0.05,138,61,77,sex=mode(M); IQ_total=median(106); usable_epochs=median(129); mean_r_squared=median(0.988462),"posterior_exponent ~ C(group) * bs(age_months, df=3, include_intercept=False, lower_bound=40.0, upper_bound=131.0) + C(sex) + IQ_total + usable_epochs + mean_r_squared"
spline_interaction,ASD,92.76470588235293,1.8279732547446197,1.7690790091136082,1.8868675003756312,statsmodels_get_prediction_mean_ci_alpha_0.05,138,61,77,sex=mode(M); IQ_total=median(106); usable_epochs=median(129); mean_r_squared=median(0.988462),"posterior_exponent ~ C(group) * bs(age_months, df=3, include_intercept=False, lower_bound=40.0, upper_bound=131.0) + C(sex) + IQ_total + usable_epochs + mean_r_squared"
spline_interaction,ASD,93.52941176470588,1.8230029829894345,1.7626032178640432,1.8834027481148259,statsmodels_get_prediction_mean_ci_alpha_0.05,138,61,77,sex=mode(M); IQ_total=median(106); usable_epochs=median(129); mean_r_squared=median(0.988462),"posterior_exponent ~ C(group) * bs(age_months, df=3, include_intercept=False, lower_bound=40.0, upper_bound=131.0) + C(sex) + IQ_total + usable_epochs + mean_r_squared"
spline_interaction,ASD,94.29411764705881,1.8181255038574404,1.756160216916444,1.8800907907984368,statsmodels_get_prediction_mean_ci_alpha_0.05,138,61,77,sex=mode(M); IQ_total=median(106); usable_epochs=median(129); mean_r_squared=median(0.988462),"posterior_exponent ~ C(group) * bs(age_months, df=3, include_intercept=False, lower_bound=40.0, upper_bound=131.0) + C(sex) + IQ_total + usable_epochs + mean_r_squared"
spline_interaction,ASD,95.05882352941177,1.8133485409297436,1.7497720443479003,1.876925037511587,statsmodels_get_prediction_mean_ci_alpha_0.05,138,61,77,sex=mode(M); IQ_total=median(106); usable_epochs=median(129); mean_r_squared=median(0.988462),"posterior_exponent ~ C(group) * bs(age_months, df=3, include_intercept=False, lower_bound=40.0, upper_bound=131.0) + C(sex) + IQ_total + usable_epochs + mean_r_squared"
spline_interaction,ASD,95.8235294117647,1.8086798177874504,1.7434601491732742,1.8738994864016265,statsmodels_get_prediction_mean_ci_alpha_0.05,138,61,77,sex=mode(M); IQ_total=median(106); usable_epochs=median(129); mean_r_squared=median(0.988462),"posterior_exponent ~ C(group) * bs(age_months, df=3, include_intercept=False, lower_bound=40.0, upper_bound=131.0) + C(sex) + IQ_total + usable_epochs + mean_r_squared"
spline_interaction,ASD,96.58823529411765,1.804127058011665,1.7372452401816505,1.8710088758416796,statsmodels_get_prediction_mean_ci_alpha_0.05,138,61,77,sex=mode(M); IQ_total=median(106); usable_epochs=median(129); mean_r_squared=median(0.988462),"posterior_exponent ~ C(group) * bs(age_months, df=3, include_intercept=False, lower_bound=40.0, upper_bound=131.0) + C(sex) + IQ_total + usable_epochs + mean_r_squared"
spline_interaction,ASD,97.35294117647058,1.7996979851834949,1.7311471719325013,1.8682487984344884,statsmodels_get_prediction_mean_ci_alpha_0.05,138,61,77,sex=mode(M); IQ_total=median(106); usable_epochs=median(129); mean_r_squared=median(0.988462),"posterior_exponent ~ C(group) * bs(age_months, df=3, include_intercept=False, lower_bound=40.0, upper_bound=131.0) + C(sex) + IQ_total + usable_epochs + mean_r_squared"
spline_interaction,ASD,98.11764705882352,1.7954003228840447,1.7251848576646267,1.8656157881034627,statsmodels_get_prediction_mean_ci_alpha_0.05,138,61,77,sex=mode(M); IQ_total=median(106); usable_epochs=median(129); mean_r_squared=median(0.988462),"posterior_exponent ~ C(group) * bs(age_months, df=3, include_intercept=False, lower_bound=40.0, upper_bound=131.0) + C(sex) + IQ_total + usable_epochs + mean_r_squared"
spline_interaction,ASD,98.88235294117646,1.79124179469442,1.7193761998788395,1.8631073895100003,statsmodels_get_prediction_mean_ci_alpha_0.05,138,61,77,sex=mode(M); IQ_total=median(106); usable_epochs=median(129); mean_r_squared=median(0.988462),"posterior_exponent ~ C(group) * bs(age_months, df=3, include_intercept=False, lower_bound=40.0, upper_bound=131.0) + C(sex) + IQ_total + usable_epochs + mean_r_squared"
spline_interaction,ASD,99.6470588235294,1.7872301241957271,1.7137380306720456,1.8607222177194087,statsmodels_get_prediction_mean_ci_alpha_0.05,138,61,77,sex=mode(M); IQ_total=median(106); usable_epochs=median(129); mean_r_squared=median(0.988462),"posterior_exponent ~ C(group) * bs(age_months, df=3, include_intercept=False, lower_bound=40.0, upper_bound=131.0) + C(sex) + IQ_total + usable_epochs + mean_r_squared"
spline_interaction,ASD,100.41176470588235,1.7833730349690708,1.7082860552561336,1.858460014682008,statsmodels_get_prediction_mean_ci_alpha_0.05,138,61,77,sex=mode(M); IQ_total=median(106); usable_epochs=median(129); mean_r_squared=median(0.988462),"posterior_exponent ~ C(group) * bs(age_months, df=3, include_intercept=False, lower_bound=40.0, upper_bound=131.0) + C(sex) + IQ_total + usable_epochs + mean_r_squared"
spline_interaction,ASD,101.17647058823529,1.779678250595559,1.7030347933449694,1.8563217078461487,statsmodels_get_prediction_mean_ci_alpha_0.05,138,61,77,sex=mode(M); IQ_total=median(106); usable_epochs=median(129); mean_r_squared=median(0.988462),"posterior_exponent ~ C(group) * bs(age_months, df=3, include_intercept=False, lower_bound=40.0, upper_bound=131.0) + C(sex) + IQ_total + usable_epochs + mean_r_squared"
spline_interaction,ASD,101.94117647058823,1.7761534946562954,1.6979975141733175,1.8543094751392732,statsmodels_get_prediction_mean_ci_alpha_0.05,138,61,77,sex=mode(M); IQ_total=median(106); usable_epochs=median(129); mean_r_squared=median(0.988462),"posterior_exponent ~ C(group) * bs(age_months, df=3, include_intercept=False, lower_bound=40.0, upper_bound=131.0) + C(sex) + IQ_total + usable_epochs + mean_r_squared"
spline_interaction,ASD,102.70588235294117,1.7728064907323842,1.6931861618224007,1.8524268196423677,statsmodels_get_prediction_mean_ci_alpha_0.05,138,61,77,sex=mode(M); IQ_total=median(106); usable_epochs=median(129); mean_r_squared=median(0.988462),"posterior_exponent ~ C(group) * bs(age_months, df=3, include_intercept=False, lower_bound=40.0, upper_bound=131.0) + C(sex) + IQ_total + usable_epochs + mean_r_squared"
spline_interaction,ASD,103.47058823529412,1.769644962404934,1.688611268297554,1.850678656512314,statsmodels_get_prediction_mean_ci_alpha_0.05,138,61,77,sex=mode(M); IQ_total=median(106); usable_epochs=median(129); mean_r_squared=median(0.988462),"posterior_exponent ~ C(group) * bs(age_months, df=3, include_intercept=False, lower_bound=40.0, upper_bound=131.0) + C(sex) + IQ_total + usable_epochs + mean_r_squared"
spline_interaction,ASD,104.23529411764706,1.7666766332550496,1.684281852489534,1.8490714140205653,statsmodels_get_prediction_mean_ci_alpha_0.05,138,61,77,sex=mode(M); IQ_total=median(106); usable_epochs=median(129); mean_r_squared=median(0.988462),"posterior_exponent ~ C(group) * bs(age_months, df=3, include_intercept=False, lower_bound=40.0, upper_bound=131.0) + C(sex) + IQ_total + usable_epochs + mean_r_squared"
spline_interaction,ASD,105.0,1.763909226863836,1.6802053038168243,1.847613149910848,statsmodels_get_prediction_mean_ci_alpha_0.05,138,61,77,sex=mode(M); IQ_total=median(106); usable_epochs=median(129); mean_r_squared=median(0.988462),"posterior_exponent ~ C(group) * bs(age_months, df=3, include_intercept=False, lower_bound=40.0, upper_bound=131.0) + C(sex) + IQ_total + usable_epochs + mean_r_squared"
spline_interaction,ASD,105.76470588235294,1.7613504668124005,1.6763872500662644,1.8463136835585365,statsmodels_get_prediction_mean_ci_alpha_0.05,138,61,77,sex=mode(M); IQ_total=median(106); usable_epochs=median(129); mean_r_squared=median(0.988462),"posterior_exponent ~ C(group) * bs(age_months, df=3, include_intercept=False, lower_bound=40.0, upper_bound=131.0) + C(sex) + IQ_total + usable_epochs + mean_r_squared"
spline_interaction,ASD,106.52941176470588,1.7590080766818463,1.6728314098051924,1.8451847435585003,statsmodels_get_prediction_mean_ci_alpha_0.05,138,61,77,sex=mode(M); IQ_total=median(106); usable_epochs=median(129); mean_r_squared=median(0.988462),"posterior_exponent ~ C(group) * bs(age_months, df=3, include_intercept=False, lower_bound=40.0, upper_bound=131.0) + C(sex) + IQ_total + usable_epochs + mean_r_squared"
spline_interaction,ASD,107.29411764705881,1.7568897800532817,1.6695394308108729,1.8442401292956905,statsmodels_get_prediction_mean_ci_alpha_0.05,138,61,77,sex=mode(M); IQ_total=median(106); usable_epochs=median(129); mean_r_squared=median(0.988462),"posterior_exponent ~ C(group) * bs(age_months, df=3, include_intercept=False, lower_bound=40.0, upper_bound=131.0) + C(sex) + IQ_total + usable_epochs + mean_r_squared"
spline_interaction,ASD,108.05882352941175,1.75500330050781,1.6665107173388067,1.8434958836768134,statsmodels_get_prediction_mean_ci_alpha_0.05,138,61,77,sex=mode(M); IQ_total=median(106); usable_epochs=median(129); mean_r_squared=median(0.988462),"posterior_exponent ~ C(group) * bs(age_months, df=3, include_intercept=False, lower_bound=40.0, upper_bound=131.0) + C(sex) + IQ_total + usable_epochs + mean_r_squared"
spline_interaction,ASD,108.8235294117647,1.753356361626539,1.6637422508012107,1.8429704724518674,statsmodels_get_prediction_mean_ci_alpha_0.05,138,61,77,sex=mode(M); IQ_total=median(106); usable_epochs=median(129); mean_r_squared=median(0.988462),"posterior_exponent ~ C(group) * bs(age_months, df=3, include_intercept=False, lower_bound=40.0, upper_bound=131.0) + C(sex) + IQ_total + usable_epochs + mean_r_squared"
spline_interaction,ASD,109.58823529411764,1.7519566869905732,1.661228410600058,1.8426849633810882,statsmodels_get_prediction_mean_ci_alpha_0.05,138,61,77,sex=mode(M); IQ_total=median(106); usable_epochs=median(129); mean_r_squared=median(0.988462),"posterior_exponent ~ C(group) * bs(age_months, df=3, include_intercept=False, lower_bound=40.0, upper_bound=131.0) + C(sex) + IQ_total + usable_epochs + mean_r_squared"
spline_interaction,ASD,110.35294117647058,1.7508120001810181,1.6589608044540396,1.8426631959079967,statsmodels_get_prediction_mean_ci_alpha_0.05,138,61,77,sex=mode(M); IQ_total=median(106); usable_epochs=median(129); mean_r_squared=median(0.988462),"posterior_exponent ~ C(group) * bs(age_months, df=3, include_intercept=False, lower_bound=40.0, upper_bound=131.0) + C(sex) + IQ_total + usable_epochs + mean_r_squared"
spline_interaction,ASD,111.11764705882352,1.7499300247789797,1.656928120491673,1.8429319290662864,statsmodels_get_prediction_mean_ci_alpha_0.05,138,61,77,sex=mode(M); IQ_total=median(106); usable_epochs=median(129); mean_r_squared=median(0.988462),"posterior_exponent ~ C(group) * bs(age_months, df=3, include_intercept=False, lower_bound=40.0, upper_bound=131.0) + C(sex) + IQ_total + usable_epochs + mean_r_squared"
spline_interaction,ASD,111.88235294117646,1.7493184843655643,1.655116016442806,1.8435209522883225,statsmodels_get_prediction_mean_ci_alpha_0.05,138,61,77,sex=mode(M); IQ_total=median(106); usable_epochs=median(129); mean_r_squared=median(0.988462),"posterior_exponent ~ C(group) * bs(age_months, df=3, include_intercept=False, lower_bound=40.0, upper_bound=131.0) + C(sex) + IQ_total + usable_epochs + mean_r_squared"
spline_interaction,ASD,112.6470588235294,1.7489851025218766,1.6535070640718166,1.8444631409719365,statsmodels_get_prediction_mean_ci_alpha_0.05,138,61,77,sex=mode(M); IQ_total=median(106); usable_epochs=median(129); mean_r_squared=median(0.988462),"posterior_exponent ~ C(group) * bs(age_months, df=3, include_intercept=False, lower_bound=40.0, upper_bound=131.0) + C(sex) + IQ_total + usable_epochs + mean_r_squared"
spline_interaction,ASD,113.41176470588235,1.7489376028290229,1.6520807689838952,1.8457944366741506,statsmodels_get_prediction_mean_ci_alpha_0.05,138,61,77,sex=mode(M); IQ_total=median(106); usable_epochs=median(129); mean_r_squared=median(0.988462),"posterior_exponent ~ C(group) * bs(age_months, df=3, include_intercept=False, lower_bound=40.0, upper_bound=131.0) + C(sex) + IQ_total + usable_epochs + mean_r_squared"
spline_interaction,ASD,114.17647058823529,1.7491837088681095,1.6508136863417142,1.8475537313945047,statsmodels_get_prediction_mean_ci_alpha_0.05,138,61,77,sex=mode(M); IQ_total=median(106); usable_epochs=median(129); mean_r_squared=median(0.988462),"posterior_exponent ~ C(group) * bs(age_months, df=3, include_intercept=False, lower_bound=40.0, upper_bound=131.0) + C(sex) + IQ_total + usable_epochs + mean_r_squared"
spline_interaction,ASD,114.94117647058823,1.7497311442202408,1.6496796509888465,1.849782637451635,statsmodels_get_prediction_mean_ci_alpha_0.05,138,61,77,sex=mode(M); IQ_total=median(106); usable_epochs=median(129); mean_r_squared=median(0.988462),"posterior_exponent ~ C(group) * bs(age_months, df=3, include_intercept=False, lower_bound=40.0, upper_bound=131.0) + C(sex) + IQ_total + usable_epochs + mean_r_squared"
spline_interaction,ASD,115.70588235294117,1.750587632466523,1.6486501351913134,1.8525251297417327,statsmodels_get_prediction_mean_ci_alpha_0.05,138,61,77,sex=mode(M); IQ_total=median(106); usable_epochs=median(129); mean_r_squared=median(0.988462),"posterior_exponent ~ C(group) * bs(age_months, df=3, include_intercept=False, lower_bound=40.0, upper_bound=131.0) + C(sex) + IQ_total + usable_epochs + mean_r_squared"
spline_interaction,ASD,116.47058823529412,1.7517608971880612,1.6476947382257048,1.8558270561504175,statsmodels_get_prediction_mean_ci_alpha_0.05,138,61,77,sex=mode(M); IQ_total=median(106); usable_epochs=median(129); mean_r_squared=median(0.988462),"posterior_exponent ~ C(group) * bs(age_months, df=3, include_intercept=False, lower_bound=40.0, upper_bound=131.0) + C(sex) + IQ_total + usable_epochs + mean_r_squared"
spline_interaction,ASD,117.23529411764706,1.7532586619659627,1.646781799578633,1.8597355243532925,statsmodels_get_prediction_mean_ci_alpha_0.05,138,61,77,sex=mode(M); IQ_total=median(106); usable_epochs=median(129); mean_r_squared=median(0.988462),"posterior_exponent ~ C(group) * bs(age_months, df=3, include_intercept=False, lower_bound=40.0, upper_bound=131.0) + C(sex) + IQ_total + usable_epochs + mean_r_squared"
spline_interaction,ASD,118.0,1.7550886503813317,1.645879112742844,1.8642981880198193,statsmodels_get_prediction_mean_ci_alpha_0.05,138,61,77,sex=mode(M); IQ_total=median(106); usable_epochs=median(129); mean_r_squared=median(0.988462),"posterior_exponent ~ C(group) * bs(age_months, df=3, include_intercept=False, lower_bound=40.0, upper_bound=131.0) + C(sex) + IQ_total + usable_epochs + mean_r_squared"
spline_interaction,ASD,118.76470588235294,1.7572585860152752,1.6449547016778188,1.8695624703527316,statsmodels_get_prediction_mean_ci_alpha_0.05,138,61,77,sex=mode(M); IQ_total=median(106); usable_epochs=median(129); mean_r_squared=median(0.988462),"posterior_exponent ~ C(group) * bs(age_months, df=3, include_intercept=False, lower_bound=40.0, upper_bound=131.0) + C(sex) + IQ_total + usable_epochs + mean_r_squared"
spline_interaction,ASD,119.52941176470588,1.7597761924488968,1.6439776098520567,1.875574775045737,statsmodels_get_prediction_mean_ci_alpha_0.05,138,61,77,sex=mode(M); IQ_total=median(106); usable_epochs=median(129); mean_r_squared=median(0.988462),"posterior_exponent ~ C(group) * bs(age_months, df=3, include_intercept=False, lower_bound=40.0, upper_bound=131.0) + C(sex) + IQ_total + usable_epochs + mean_r_squared"
spline_interaction,ASD,120.29411764705881,1.7626491932633037,1.6429186453555187,1.8823797411710887,statsmodels_get_prediction_mean_ci_alpha_0.05,138,61,77,sex=mode(M); IQ_total=median(106); usable_epochs=median(129); mean_r_squared=median(0.988462),"posterior_exponent ~ C(group) * bs(age_months, df=3, include_intercept=False, lower_bound=40.0, upper_bound=131.0) + C(sex) + IQ_total + usable_epochs + mean_r_squared"
spline_interaction,ASD,121.05882352941175,1.765885312039602,1.6417510269624667,1.8900195971167375,statsmodels_get_prediction_mean_ci_alpha_0.05,138,61,77,sex=mode(M); IQ_total=median(106); usable_epochs=median(129); mean_r_squared=median(0.988462),"posterior_exponent ~ C(group) * bs(age_months, df=3, include_intercept=False, lower_bound=40.0, upper_bound=131.0) + C(sex) + IQ_total + usable_epochs + mean_r_squared"
spline_interaction,ASD,121.8235294117647,1.7694922723588964,1.6404508856715394,1.8985336590462534,statsmodels_get_prediction_mean_ci_alpha_0.05,138,61,77,sex=mode(M); IQ_total=median(106); usable_epochs=median(129); mean_r_squared=median(0.988462),"posterior_exponent ~ C(group) * bs(age_months, df=3, include_intercept=False, lower_bound=40.0, upper_bound=131.0) + C(sex) + IQ_total + usable_epochs + mean_r_squared"
spline_interaction,ASD,122.58823529411764,1.7734777978022933,1.6389975925974019,1.9079580030071848,statsmodels_get_prediction_mean_ci_alpha_0.05,138,61,77,sex=mode(M); IQ_total=median(106); usable_epochs=median(129); mean_r_squared=median(0.988462),"posterior_exponent ~ C(group) * bs(age_months, df=3, include_intercept=False, lower_bound=40.0, upper_bound=131.0) + C(sex) + IQ_total + usable_epochs + mean_r_squared"
spline_interaction,ASD,123.35294117647058,1.7778496119508977,1.6373739039517154,1.91832531995008,statsmodels_get_prediction_mean_ci_alpha_0.05,138,61,77,sex=mode(M); IQ_total=median(106); usable_epochs=median(129); mean_r_squared=median(0.988462),"posterior_exponent ~ C(group) * bs(age_months, df=3, include_intercept=False, lower_bound=40.0, upper_bound=131.0) + C(sex) + IQ_total + usable_epochs + mean_r_squared"
spline_interaction,ASD,124.11764705882352,1.782615438385815,1.6355659333538675,1.9296649434177626,statsmodels_get_prediction_mean_ci_alpha_0.05,138,61,77,sex=mode(M); IQ_total=median(106); usable_epochs=median(129); mean_r_squared=median(0.988462),"posterior_exponent ~ C(group) * bs(age_months, df=3, include_intercept=False, lower_bound=40.0, upper_bound=131.0) + C(sex) + IQ_total + usable_epochs + mean_r_squared"
spline_interaction,ASD,124.88235294117646,1.7877830006881528,1.6335629774218934,1.9420030239544122,statsmodels_get_prediction_mean_ci_alpha_0.05,138,61,77,sex=mode(M); IQ_total=median(106); usable_epochs=median(129); mean_r_squared=median(0.988462),"posterior_exponent ~ C(group) * bs(age_months, df=3, include_intercept=False, lower_bound=40.0, upper_bound=131.0) + C(sex) + IQ_total + usable_epochs + mean_r_squared"
spline_interaction,ASD,125.6470588235294,1.793360022439014,1.631357230391652,1.9553628144863762,statsmodels_get_prediction_mean_ci_alpha_0.05,138,61,77,sex=mode(M); IQ_total=median(106); usable_epochs=median(129); mean_r_squared=median(0.988462),"posterior_exponent ~ C(group) * bs(age_months, df=3, include_intercept=False, lower_bound=40.0, upper_bound=131.0) + C(sex) + IQ_total + usable_epochs + mean_r_squared"
spline_interaction,ASD,126.41176470588235,1.7993542272195069,1.6289434269119623,1.9697650275270515,statsmodels_get_prediction_mean_ci_alpha_0.05,138,61,77,sex=mode(M); IQ_total=median(106); usable_epochs=median(129); mean_r_squared=median(0.988462),"posterior_exponent ~ C(group) * bs(age_months, df=3, include_intercept=False, lower_bound=40.0, upper_bound=131.0) + C(sex) + IQ_total + usable_epochs + mean_r_squared"
spline_interaction,ASD,127.17647058823529,1.8057733386107357,1.626318450073908,1.9852282271475634,statsmodels_get_prediction_mean_ci_alpha_0.05,138,61,77,sex=mode(M); IQ_total=median(106); usable_epochs=median(129); mean_r_squared=median(0.988462),"posterior_exponent ~ C(group) * bs(age_months, df=3, include_intercept=False, lower_bound=40.0, upper_bound=131.0) + C(sex) + IQ_total + usable_epochs + mean_r_squared"
spline_interaction,ASD,127.94117647058823,1.8126250801938064,1.6234809358782816,2.0017692245093315,statsmodels_get_prediction_mean_ci_alpha_0.05,138,61,77,sex=mode(M); IQ_total=median(106); usable_epochs=median(129); mean_r_squared=median(0.988462),"posterior_exponent ~ C(group) * bs(age_months, df=3, include_intercept=False, lower_bound=40.0, upper_bound=131.0) + C(sex) + IQ_total + usable_epochs + mean_r_squared"
spline_interaction,ASD,128.70588235294116,1.8199171755498242,1.6204308976355657,2.019403453464083,statsmodels_get_prediction_mean_ci_alpha_0.05,138,61,77,sex=mode(M); IQ_total=median(106); usable_epochs=median(129); mean_r_squared=median(0.988462),"posterior_exponent ~ C(group) * bs(age_months, df=3, include_intercept=False, lower_bound=40.0, upper_bound=131.0) + C(sex) + IQ_total + usable_epochs + mean_r_squared"
spline_interaction,ASD,129.47058823529412,1.8276573482598963,1.6171693858540277,2.0381453106657648,statsmodels_get_prediction_mean_ci_alpha_0.05,138,61,77,sex=mode(M); IQ_total=median(106); usable_epochs=median(129); mean_r_squared=median(0.988462),"posterior_exponent ~ C(group) * bs(age_months, df=3, include_intercept=False, lower_bound=40.0, upper_bound=131.0) + C(sex) + IQ_total + usable_epochs + mean_r_squared"
spline_interaction,ASD,130.23529411764707,1.8358533219051267,1.6136981921115223,2.058008451698731,statsmodels_get_prediction_mean_ci_alpha_0.05,138,61,77,sex=mode(M); IQ_total=median(106); usable_epochs=median(129); mean_r_squared=median(0.988462),"posterior_exponent ~ C(group) * bs(age_months, df=3, include_intercept=False, lower_bound=40.0, upper_bound=131.0) + C(sex) + IQ_total + usable_epochs + mean_r_squared"
spline_interaction,ASD,131.0,1.8445128200666217,1.6100195997997127,2.0790060403335304,statsmodels_get_prediction_mean_ci_alpha_0.05,138,61,77,sex=mode(M); IQ_total=median(106); usable_epochs=median(129); mean_r_squared=median(0.988462),"posterior_exponent ~ C(group) * bs(age_months, df=3, include_intercept=False, lower_bound=40.0, upper_bound=131.0) + C(sex) + IQ_total + usable_epochs + mean_r_squared"
spline_interaction,TD,40.0,1.8784850563655855,1.6894876140870263,2.0674824986441447,statsmodels_get_prediction_mean_ci_alpha_0.05,138,61,77,sex=mode(M); IQ_total=median(106); usable_epochs=median(129); mean_r_squared=median(0.988462),"posterior_exponent ~ C(group) * bs(age_months, df=3, include_intercept=False, lower_bound=40.0, upper_bound=131.0) + C(sex) + IQ_total + usable_epochs + mean_r_squared"
spline_interaction,TD,40.76470588235294,1.8857395815860163,1.7067110086886008,2.0647681544834318,statsmodels_get_prediction_mean_ci_alpha_0.05,138,61,77,sex=mode(M); IQ_total=median(106); usable_epochs=median(129); mean_r_squared=median(0.988462),"posterior_exponent ~ C(group) * bs(age_months, df=3, include_intercept=False, lower_bound=40.0, upper_bound=131.0) + C(sex) + IQ_total + usable_epochs + mean_r_squared"
spline_interaction,TD,41.529411764705884,1.892771766000056,1.7231239825527136,2.0624195494473985,statsmodels_get_prediction_mean_ci_alpha_0.05,138,61,77,sex=mode(M); IQ_total=median(106); usable_epochs=median(129); mean_r_squared=median(0.988462),"posterior_exponent ~ C(group) * bs(age_months, df=3, include_intercept=False, lower_bound=40.0, upper_bound=131.0) + C(sex) + IQ_total + usable_epochs + mean_r_squared"
spline_interaction,TD,42.294117647058826,1.8995846276508175,1.7387315274251072,2.060437727876528,statsmodels_get_prediction_mean_ci_alpha_0.05,138,61,77,sex=mode(M); IQ_total=median(106); usable_epochs=median(129); mean_r_squared=median(0.988462),"posterior_exponent ~ C(group) * bs(age_months, df=3, include_intercept=False, lower_bound=40.0, upper_bound=131.0) + C(sex) + IQ_total + usable_epochs + mean_r_squared"
spline_interaction,TD,43.05882352941177,1.906181184581413,1.753539267965351,2.0588231011974747,statsmodels_get_prediction_mean_ci_alpha_0.05,138,61,77,sex=mode(M); IQ_total=median(106); usable_epochs=median(129); mean_r_squared=median(0.988462),"posterior_exponent ~ C(group) * bs(age_months, df=3, include_intercept=False, lower_bound=40.0, upper_bound=131.0) + C(sex) + IQ_total + usable_epochs + mean_r_squared"
spline_interaction,TD,43.8235294117647,1.9125644548349525,1.7675538085166098,2.057575101153295,statsmodels_get_prediction_mean_ci_alpha_0.05,138,61,77,sex=mode(M); IQ_total=median(106); usable_epochs=median(129); mean_r_squared=median(0.988462),"posterior_exponent ~ C(group) * bs(age_months, df=3, include_intercept=False, lower_bound=40.0, upper_bound=131.0) + C(sex) + IQ_total + usable_epochs + mean_r_squared"
spline_interaction,TD,44.588235294117645,1.9187374564545485,1.780783141873638,2.056691771035459,statsmodels_get_prediction_mean_ci_alpha_0.05,138,61,77,sex=mode(M); IQ_total=median(106); usable_epochs=median(129); mean_r_squared=median(0.988462),"posterior_exponent ~ C(group) * bs(age_months, df=3, include_intercept=False, lower_bound=40.0, upper_bound=131.0) + C(sex) + IQ_total + usable_epochs + mean_r_squared"
spline_interaction,TD,45.35294117647059,1.9247032074833141,1.7932371104309286,2.0561693045356995,statsmodels_get_prediction_mean_ci_alpha_0.05,138,61,77,sex=mode(M); IQ_total=median(106); usable_epochs=median(129); mean_r_squared=median(0.988462),"posterior_exponent ~ C(group) * bs(age_months, df=3, include_intercept=False, lower_bound=40.0, upper_bound=131.0) + C(sex) + IQ_total + usable_epochs + mean_r_squared"
spline_interaction,TD,46.11764705882353,1.930464725964359,1.804927899899196,2.0560015520295223,statsmodels_get_prediction_mean_ci_alpha_0.05,138,61,77,sex=mode(M); IQ_total=median(106); usable_epochs=median(129); mean_r_squared=median(0.988462),"posterior_exponent ~ C(group) * bs(age_months, df=3, include_intercept=False, lower_bound=40.0, upper_bound=131.0) + C(sex) + IQ_total + usable_epochs + mean_r_squared"
spline_interaction,TD,46.88235294117647,1.9360250299407973,1.8158705340973784,2.0561795257842164,statsmodels_get_prediction_mean_ci_alpha_0.05,138,61,77,sex=mode(M); IQ_total=median(106); usable_epochs=median(129); mean_r_squared=median(0.988462),"posterior_exponent ~ C(group) * bs(age_months, df=3, include_intercept=False, lower_bound=40.0, upper_bound=131.0) + C(sex) + IQ_total + usable_epochs + mean_r_squared"
spline_interaction,TD,47.64705882352941,1.9413871374557368,1.826083327983301,2.0566909469281724,statsmodels_get_prediction_mean_ci_alpha_0.05,138,61,77,sex=mode(M); IQ_total=median(106); usable_epochs=median(129); mean_r_squared=median(0.988462),"posterior_exponent ~ C(group) * bs(age_months, df=3, include_intercept=False, lower_bound=40.0, upper_bound=131.0) + C(sex) + IQ_total + usable_epochs + mean_r_squared"
spline_interaction,TD,48.41176470588235,1.946554066552293,1.8355882477869887,2.057519885317597,statsmodels_get_prediction_mean_ci_alpha_0.05,138,61,77,sex=mode(M); IQ_total=median(106); usable_epochs=median(129); mean_r_squared=median(0.988462),"posterior_exponent ~ C(group) * bs(age_months, df=3, include_intercept=False, lower_bound=40.0, upper_bound=131.0) + C(sex) + IQ_total + usable_epochs + mean_r_squared"
spline_interaction,TD,49.17647058823529,1.9515288352735758,1.8444111249852422,2.0586465455619094,statsmodels_get_prediction_mean_ci_alpha_0.05,138,61,77,sex=mode(M); IQ_total=median(106); usable_epochs=median(129); mean_r_squared=median(0.988462),"posterior_exponent ~ C(group) * bs(age_months, df=3, include_intercept=False, lower_bound=40.0, upper_bound=131.0) + C(sex) + IQ_total + usable_epochs + mean_r_squared"
spline_interaction,TD,49.94117647058823,1.9563144616626977,1.8525816775245851,2.0600472458008103,statsmodels_get_prediction_mean_ci_alpha_0.05,138,61,77,sex=mode(M); IQ_total=median(106); usable_epochs=median(129); mean_r_squared=median(0.988462),"posterior_exponent ~ C(group) * bs(age_months, df=3, include_intercept=False, lower_bound=40.0, upper_bound=131.0) + C(sex) + IQ_total + usable_epochs + mean_r_squared"
spline_interaction,TD,50.705882352941174,1.9609139637627706,1.8601333081178775,2.0616946194076635,statsmodels_get_prediction_mean_ci_alpha_0.05,138,61,77,sex=mode(M); IQ_total=median(106); usable_epochs=median(129); mean_r_squared=median(0.988462),"posterior_exponent ~ C(group) * bs(age_months, df=3, include_intercept=False, lower_bound=40.0, upper_bound=131.0) + C(sex) + IQ_total + usable_epochs + mean_r_squared"
spline_interaction,TD,51.470588235294116,1.9653303596169045,1.8671026739831773,2.0635580452506317,statsmodels_get_prediction_mean_ci_alpha_0.05,138,61,77,sex=mode(M); IQ_total=median(106); usable_epochs=median(129); mean_r_squared=median(0.988462),"posterior_exponent ~ C(group) * bs(age_months, df=3, include_intercept=False, lower_bound=40.0, upper_bound=131.0) + C(sex) + IQ_total + usable_epochs + mean_r_squared"
spline_interaction,TD,52.23529411764706,1.969566667268214,1.873529050762915,2.065604283773513,statsmodels_get_prediction_mean_ci_alpha_0.05,138,61,77,sex=mode(M); IQ_total=median(106); usable_epochs=median(129); mean_r_squared=median(0.988462),"posterior_exponent ~ C(group) * bs(age_months, df=3, include_intercept=False, lower_bound=40.0, upper_bound=131.0) + C(sex) + IQ_total + usable_epochs + mean_r_squared"
spline_interaction,TD,53.0,1.973625904759809,1.8794535396005039,2.0677982699191144,statsmodels_get_prediction_mean_ci_alpha_0.05,138,61,77,sex=mode(M); IQ_total=median(106); usable_epochs=median(129); mean_r_squared=median(0.988462),"posterior_exponent ~ C(group) * bs(age_months, df=3, include_intercept=False, lower_bound=40.0, upper_bound=131.0) + C(sex) + IQ_total + usable_epochs + mean_r_squared"
spline_interaction,TD,53.76470588235294,1.9775110901347999,1.8849181846948009,2.0701039955747986,statsmodels_get_prediction_mean_ci_alpha_0.05,138,61,77,sex=mode(M); IQ_total=median(106); usable_epochs=median(129); mean_r_squared=median(0.988462),"posterior_exponent ~ C(group) * bs(age_months, df=3, include_intercept=False, lower_bound=40.0, upper_bound=131.0) + C(sex) + IQ_total + usable_epochs + mean_r_squared"
spline_interaction,TD,54.529411764705884,1.9812252414363014,1.889965075444439,2.072485407428164,statsmodels_get_prediction_mean_ci_alpha_0.05,138,61,77,sex=mode(M); IQ_total=median(106); usable_epochs=median(129); mean_r_squared=median(0.988462),"posterior_exponent ~ C(group) * bs(age_months, df=3, include_intercept=False, lower_bound=40.0, upper_bound=131.0) + C(sex) + IQ_total + usable_epochs + mean_r_squared"
spline_interaction,TD,55.294117647058826,1.9847713767074233,1.8946355020728036,2.074907251342043,statsmodels_get_prediction_mean_ci_alpha_0.05,138,61,77,sex=mode(M); IQ_total=median(106); usable_epochs=median(129); mean_r_squared=median(0.988462),"posterior_exponent ~ C(group) * bs(age_months, df=3, include_intercept=False, lower_bound=40.0, upper_bound=131.0) + C(sex) + IQ_total + usable_epochs + mean_r_squared"
spline_interaction,TD,56.05882352941177,1.988152513991277,1.8989692189455645,2.0773358090369896,statsmodels_get_prediction_mean_ci_alpha_0.05,138,61,77,sex=mode(M); IQ_total=median(106); usable_epochs=median(129); mean_r_squared=median(0.988462),"posterior_exponent ~ C(group) * bs(age_months, df=3, include_intercept=False, lower_bound=40.0, upper_bound=131.0) + C(sex) + IQ_total + usable_epochs + mean_r_squared"
spline_interaction,TD,56.8235294117647,1.9913716713309766,1.9030038500142987,2.0797394926476542,statsmodels_get_prediction_mean_ci_alpha_0.05,138,61,77,sex=mode(M); IQ_total=median(106); usable_epochs=median(129); mean_r_squared=median(0.988462),"posterior_exponent ~ C(group) * bs(age_months, df=3, include_intercept=False, lower_bound=40.0, upper_bound=131.0) + C(sex) + IQ_total + usable_epochs + mean_r_squared"
spline_interaction,TD,57.588235294117645,1.9944318667696317,1.9067744505074957,2.0820892830317677,statsmodels_get_prediction_mean_ci_alpha_0.05,138,61,77,sex=mode(M); IQ_total=median(106); usable_epochs=median(129); mean_r_squared=median(0.988462),"posterior_exponent ~ C(group) * bs(age_months, df=3, include_intercept=False, lower_bound=40.0, upper_bound=131.0) + C(sex) + IQ_total + usable_epochs + mean_r_squared"
spline_interaction,TD,58.35294117647059,1.997336118350355,1.9103132216670577,2.0843590150336526,statsmodels_get_prediction_mean_ci_alpha_0.05,138,61,77,sex=mode(M); IQ_total=median(106); usable_epochs=median(129); mean_r_squared=median(0.988462),"posterior_exponent ~ C(group) * bs(age_months, df=3, include_intercept=False, lower_bound=40.0, upper_bound=131.0) + C(sex) + IQ_total + usable_epochs + mean_r_squared"
spline_interaction,TD,59.11764705882353,2.000087444116257,1.9136493628978881,2.0865255253346255,statsmodels_get_prediction_mean_ci_alpha_0.05,138,61,77,sex=mode(M); IQ_total=median(106); usable_epochs=median(129); mean_r_squared=median(0.988462),"posterior_exponent ~ C(group) * bs(age_months, df=3, include_intercept=False, lower_bound=40.0, upper_bound=131.0) + C(sex) + IQ_total + usable_epochs + mean_r_squared"
spline_interaction,TD,59.88235294117647,2.002688862110451,1.9168090385284384,2.0885686856924637,statsmodels_get_prediction_mean_ci_alpha_0.05,138,61,77,sex=mode(M); IQ_total=median(106); usable_epochs=median(129); mean_r_squared=median(0.988462),"posterior_exponent ~ C(group) * bs(age_months, df=3, include_intercept=False, lower_bound=40.0, upper_bound=131.0) + C(sex) + IQ_total + usable_epochs + mean_r_squared"
spline_interaction,TD,60.647058823529406,2.0051433903760483,1.919815433771354,2.0904713469807423,statsmodels_get_prediction_mean_ci_alpha_0.05,138,61,77,sex=mode(M); IQ_total=median(106); usable_epochs=median(129); mean_r_squared=median(0.988462),"posterior_exponent ~ C(group) * bs(age_months, df=3, include_intercept=False, lower_bound=40.0, upper_bound=131.0) + C(sex) + IQ_total + usable_epochs + mean_r_squared"
spline_interaction,TD,61.41176470588235,2.0074540469561595,1.92268887520951,2.0922192187028092,statsmodels_get_prediction_mean_ci_alpha_0.05,138,61,77,sex=mode(M); IQ_total=median(106); usable_epochs=median(129); mean_r_squared=median(0.988462),"posterior_exponent ~ C(group) * bs(age_months, df=3, include_intercept=False, lower_bound=40.0, upper_bound=131.0) + C(sex) + IQ_total + usable_epochs + mean_r_squared"
spline_interaction,TD,62.17647058823529,2.009623849893897,1.9254469939325798,2.093800705855214,statsmodels_get_prediction_mean_ci_alpha_0.05,138,61,77,sex=mode(M); IQ_total=median(106); usable_epochs=median(129); mean_r_squared=median(0.988462),"posterior_exponent ~ C(group) * bs(age_months, df=3, include_intercept=False, lower_bound=40.0, upper_bound=131.0) + C(sex) + IQ_total + usable_epochs + mean_r_squared"
spline_interaction,TD,62.94117647058823,2.011655817232375,1.9281049132253292,2.0952067212394203,statsmodels_get_prediction_mean_ci_alpha_0.05,138,61,77,sex=mode(M); IQ_total=median(106); usable_epochs=median(129); mean_r_squared=median(0.988462),"posterior_exponent ~ C(group) * bs(age_months, df=3, include_intercept=False, lower_bound=40.0, upper_bound=131.0) + C(sex) + IQ_total + usable_epochs + mean_r_squared"
spline_interaction,TD,63.705882352941174,2.0135529670147005,1.9306754466825,2.0964304873469013,statsmodels_get_prediction_mean_ci_alpha_0.05,138,61,77,sex=mode(M); IQ_total=median(106); usable_epochs=median(129); mean_r_squared=median(0.988462),"posterior_exponent ~ C(group) * bs(age_months, df=3, include_intercept=False, lower_bound=40.0, upper_bound=131.0) + C(sex) + IQ_total + usable_epochs + mean_r_squared"
spline_interaction,TD,64.47058823529412,2.015318317283988,1.9331692963081597,2.0974673382598166,statsmodels_get_prediction_mean_ci_alpha_0.05,138,61,77,sex=mode(M); IQ_total=median(106); usable_epochs=median(129); mean_r_squared=median(0.988462),"posterior_exponent ~ C(group) * bs(age_months, df=3, include_intercept=False, lower_bound=40.0, upper_bound=131.0) + C(sex) + IQ_total + usable_epochs + mean_r_squared"
spline_interaction,TD,65.23529411764706,2.01695488608335,1.935595243307389,2.098314528859311,statsmodels_get_prediction_mean_ci_alpha_0.05,138,61,77,sex=mode(M); IQ_total=median(106); usable_epochs=median(129); mean_r_squared=median(0.988462),"posterior_exponent ~ C(group) * bs(age_months, df=3, include_intercept=False, lower_bound=40.0, upper_bound=131.0) + C(sex) + IQ_total + usable_epochs + mean_r_squared"
spline_interaction,TD,66.0,2.018465691455896,1.9379603268151895,2.0989710560966026,statsmodels_get_prediction_mean_ci_alpha_0.05,138,61,77,sex=mode(M); IQ_total=median(106); usable_epochs=median(129); mean_r_squared=median(0.988462),"posterior_exponent ~ C(group) * bs(age_months, df=3, include_intercept=False, lower_bound=40.0, upper_bound=131.0) + C(sex) + IQ_total + usable_epochs + mean_r_squared"
spline_interaction,TD,66.76470588235294,2.01985375144474,1.940270007755461,2.099437495134019,statsmodels_get_prediction_mean_ci_alpha_0.05,138,61,77,sex=mode(M); IQ_total=median(106); usable_epochs=median(129); mean_r_squared=median(0.988462),"posterior_exponent ~ C(group) * bs(age_months, df=3, include_intercept=False, lower_bound=40.0, upper_bound=131.0) + C(sex) + IQ_total + usable_epochs + mean_r_squared"
spline_interaction,TD,67.52941176470588,2.0211220840929927,1.942528316457407,2.0997158517285786,statsmodels_get_prediction_mean_ci_alpha_0.05,138,61,77,sex=mode(M); IQ_total=median(106); usable_epochs=median(129); mean_r_squared=median(0.988462),"posterior_exponent ~ C(group) * bs(age_months, df=3, include_intercept=False, lower_bound=40.0, upper_bound=131.0) + C(sex) + IQ_total + usable_epochs + mean_r_squared"
spline_interaction,TD,68.29411764705883,2.022273707443764,1.9447379836736634,2.099809431213864,statsmodels_get_prediction_mean_ci_alpha_0.05,138,61,77,sex=mode(M); IQ_total=median(106); usable_epochs=median(129); mean_r_squared=median(0.988462),"posterior_exponent ~ C(group) * bs(age_months, df=3, include_intercept=False, lower_bound=40.0, upper_bound=131.0) + C(sex) + IQ_total + usable_epochs + mean_r_squared"
spline_interaction,TD,69.05882352941177,2.0233116395401693,1.9469005553403749,2.099722723739964,statsmodels_get_prediction_mean_ci_alpha_0.05,138,61,77,sex=mode(M); IQ_total=median(106); usable_epochs=median(129); mean_r_squared=median(0.988462),"posterior_exponent ~ C(group) * bs(age_months, df=3, include_intercept=False, lower_bound=40.0, upper_bound=131.0) + C(sex) + IQ_total + usable_epochs + mean_r_squared"
spline_interaction,TD,69.8235294117647,2.0242388984253172,1.9490164918799837,2.0994613049706508,statsmodels_get_prediction_mean_ci_alpha_0.05,138,61,77,sex=mode(M); IQ_total=median(106); usable_epochs=median(129); mean_r_squared=median(0.988462),"posterior_exponent ~ C(group) * bs(age_months, df=3, include_intercept=False, lower_bound=40.0, upper_bound=131.0) + C(sex) + IQ_total + usable_epochs + mean_r_squared"
spline_interaction,TD,70.58823529411765,2.025058502142322,1.9510852531499154,2.0990317511347283,statsmodels_get_prediction_mean_ci_alpha_0.05,138,61,77,sex=mode(M); IQ_total=median(106); usable_epochs=median(129); mean_r_squared=median(0.988462),"posterior_exponent ~ C(group) * bs(age_months, df=3, include_intercept=False, lower_bound=40.0, upper_bound=131.0) + C(sex) + IQ_total + usable_epochs + mean_r_squared"
spline_interaction,TD,71.35294117647058,2.0257734687342928,1.9531053703427863,2.0984415671257994,statsmodels_get_prediction_mean_ci_alpha_0.05,138,61,77,sex=mode(M); IQ_total=median(106); usable_epochs=median(129); mean_r_squared=median(0.988462),"posterior_exponent ~ C(group) * bs(age_months, df=3, include_intercept=False, lower_bound=40.0, upper_bound=131.0) + C(sex) + IQ_total + usable_epochs + mean_r_squared"
spline_interaction,TD,72.11764705882354,2.026386816244343,1.955074506300807,2.0976991261878783,statsmodels_get_prediction_mean_ci_alpha_0.05,138,61,77,sex=mode(M); IQ_total=median(106); usable_epochs=median(129); mean_r_squared=median(0.988462),"posterior_exponent ~ C(group) * bs(age_months, df=3, include_intercept=False, lower_bound=40.0, upper_bound=131.0) + C(sex) + IQ_total + usable_epochs + mean_r_squared"
spline_interaction,TD,72.88235294117646,2.0269015627155835,1.956989505856516,2.0968136195746507,statsmodels_get_prediction_mean_ci_alpha_0.05,138,61,77,sex=mode(M); IQ_total=median(106); usable_epochs=median(129); mean_r_squared=median(0.988462),"posterior_exponent ~ C(group) * bs(age_months, df=3, include_intercept=False, lower_bound=40.0, upper_bound=131.0) + C(sex) + IQ_total + usable_epochs + mean_r_squared"
spline_interaction,TD,73.6470588235294,2.0273207261911272,1.9588464379944865,2.095795014387768,statsmodels_get_prediction_mean_ci_alpha_0.05,138,61,77,sex=mode(M); IQ_total=median(106); usable_epochs=median(129); mean_r_squared=median(0.988462),"posterior_exponent ~ C(group) * bs(age_months, df=3, include_intercept=False, lower_bound=40.0, upper_bound=131.0) + C(sex) + IQ_total + usable_epochs + mean_r_squared"
spline_interaction,TD,74.41176470588235,2.027647324714085,1.960640631869571,2.094654017558599,statsmodels_get_prediction_mean_ci_alpha_0.05,138,61,77,sex=mode(M); IQ_total=median(106); usable_epochs=median(129); mean_r_squared=median(0.988462),"posterior_exponent ~ C(group) * bs(age_months, df=3, include_intercept=False, lower_bound=40.0, upper_bound=131.0) + C(sex) + IQ_total + usable_epochs + mean_r_squared"
spline_interaction,TD,75.17647058823529,2.0278843763275685,1.9623667090467707,2.093402043608366,statsmodels_get_prediction_mean_ci_alpha_0.05,138,61,77,sex=mode(M); IQ_total=median(106); usable_epochs=median(129); mean_r_squared=median(0.988462),"posterior_exponent ~ C(group) * bs(age_months, df=3, include_intercept=False, lower_bound=40.0, upper_bound=131.0) + C(sex) + IQ_total + usable_epochs + mean_r_squared"
spline_interaction,TD,75.94117647058823,2.02803489907469,1.9640186147631788,2.0920511833862014,statsmodels_get_prediction_mean_ci_alpha_0.05,138,61,77,sex=mode(M); IQ_total=median(106); usable_epochs=median(129); mean_r_squared=median(0.988462),"posterior_exponent ~ C(group) * bs(age_months, df=3, include_intercept=False, lower_bound=40.0, upper_bound=131.0) + C(sex) + IQ_total + usable_epochs + mean_r_squared"
spline_interaction,TD,76.70588235294117,2.028101910998561,1.9655896515656144,2.0906141704315075,statsmodels_get_prediction_mean_ci_alpha_0.05,138,61,77,sex=mode(M); IQ_total=median(106); usable_epochs=median(129); mean_r_squared=median(0.988462),"posterior_exponent ~ C(group) * bs(age_months, df=3, include_intercept=False, lower_bound=40.0, upper_bound=131.0) + C(sex) + IQ_total + usable_epochs + mean_r_squared"
spline_interaction,TD,77.47058823529412,2.0280884301422923,1.967072519342294,2.0891043409422907,statsmodels_get_prediction_mean_ci_alpha_0.05,138,61,77,sex=mode(M); IQ_total=median(106); usable_epochs=median(129); mean_r_squared=median(0.988462),"posterior_exponent ~ C(group) * bs(age_months, df=3, include_intercept=False, lower_bound=40.0, upper_bound=131.0) + C(sex) + IQ_total + usable_epochs + mean_r_squared"
spline_interaction,TD,78.23529411764706,2.027997474548997,1.9684593665136876,2.0875355825843065,statsmodels_get_prediction_mean_ci_alpha_0.05,138,61,77,sex=mode(M); IQ_total=median(106); usable_epochs=median(129); mean_r_squared=median(0.988462),"posterior_exponent ~ C(group) * bs(age_months, df=3, include_intercept=False, lower_bound=40.0, upper_bound=131.0) + C(sex) + IQ_total + usable_epochs + mean_r_squared"
spline_interaction,TD,79.0,2.0278320622617865,1.9697418579033956,2.085922266620177,statsmodels_get_prediction_mean_ci_alpha_0.05,138,61,77,sex=mode(M); IQ_total=median(106); usable_epochs=median(129); mean_r_squared=median(0.988462),"posterior_exponent ~ C(group) * bs(age_months, df=3, include_intercept=False, lower_bound=40.0, upper_bound=131.0) + C(sex) + IQ_total + usable_epochs + mean_r_squared"
spline_interaction,TD,79.76470588235294,2.0275952113237725,1.9709112654534144,2.0842791571941306,statsmodels_get_prediction_mean_ci_alpha_0.05,138,61,77,sex=mode(M); IQ_total=median(106); usable_epochs=median(129); mean_r_squared=median(0.988462),"posterior_exponent ~ C(group) * bs(age_months, df=3, include_intercept=False, lower_bound=40.0, upper_bound=131.0) + C(sex) + IQ_total + usable_epochs + mean_r_squared"
spline_interaction,TD,80.52941176470588,2.0272899397780657,1.971958588282554,2.0826212912735773,statsmodels_get_prediction_mean_ci_alpha_0.05,138,61,77,sex=mode(M); IQ_total=median(106); usable_epochs=median(129); mean_r_squared=median(0.988462),"posterior_exponent ~ C(group) * bs(age_months, df=3, include_intercept=False, lower_bound=40.0, upper_bound=131.0) + C(sex) + IQ_total + usable_epochs + mean_r_squared"
spline_interaction,TD,81.29411764705881,2.0269192656677797,1.9728747083442515,2.0809638229913077,statsmodels_get_prediction_mean_ci_alpha_0.05,138,61,77,sex=mode(M); IQ_total=median(106); usable_epochs=median(129); mean_r_squared=median(0.988462),"posterior_exponent ~ C(group) * bs(age_months, df=3, include_intercept=False, lower_bound=40.0, upper_bound=131.0) + C(sex) + IQ_total + usable_epochs + mean_r_squared"
spline_interaction,TD,82.05882352941177,2.026486207036025,1.9736505867921053,2.0793218272799447,statsmodels_get_prediction_mean_ci_alpha_0.05,138,61,77,sex=mode(M); IQ_total=median(106); usable_epochs=median(129); mean_r_squared=median(0.988462),"posterior_exponent ~ C(group) * bs(age_months, df=3, include_intercept=False, lower_bound=40.0, upper_bound=131.0) + C(sex) + IQ_total + usable_epochs + mean_r_squared"
spline_interaction,TD,82.8235294117647,2.025993781925913,1.9742775037642244,2.0777100600876017,statsmodels_get_prediction_mean_ci_alpha_0.05,138,61,77,sex=mode(M); IQ_total=median(106); usable_epochs=median(129); mean_r_squared=median(0.988462),"posterior_exponent ~ C(group) * bs(age_months, df=3, include_intercept=False, lower_bound=40.0, upper_bound=131.0) + C(sex) + IQ_total + usable_epochs + mean_r_squared"
spline_interaction,TD,83.58823529411765,2.0254450083805553,1.9747473403921552,2.0761426763689554,statsmodels_get_prediction_mean_ci_alpha_0.05,138,61,77,sex=mode(M); IQ_total=median(106); usable_epochs=median(129); mean_r_squared=median(0.988462),"posterior_exponent ~ C(group) * bs(age_months, df=3, include_intercept=False, lower_bound=40.0, upper_bound=131.0) + C(sex) + IQ_total + usable_epochs + mean_r_squared"
spline_interaction,TD,84.35294117647058,2.0248429044430662,1.9750528963927612,2.0746329124933713,statsmodels_get_prediction_mean_ci_alpha_0.05,138,61,77,sex=mode(M); IQ_total=median(106); usable_epochs=median(129); mean_r_squared=median(0.988462),"posterior_exponent ~ C(group) * bs(age_months, df=3, include_intercept=False, lower_bound=40.0, upper_bound=131.0) + C(sex) + IQ_total + usable_epochs + mean_r_squared"
spline_interaction,TD,85.11764705882354,2.024190488156555,1.975188229962604,2.0731927463505064,statsmodels_get_prediction_mean_ci_alpha_0.05,138,61,77,sex=mode(M); IQ_total=median(106); usable_epochs=median(129); mean_r_squared=median(0.988462),"posterior_exponent ~ C(group) * bs(age_months, df=3, include_intercept=False, lower_bound=40.0, upper_bound=131.0) + C(sex) + IQ_total + usable_epochs + mean_r_squared"
spline_interaction,TD,85.88235294117646,2.0234907775641324,1.9751489997331113,2.0718325553951535,statsmodels_get_prediction_mean_ci_alpha_0.05,138,61,77,sex=mode(M); IQ_total=median(106); usable_epochs=median(129); mean_r_squared=median(0.988462),"posterior_exponent ~ C(group) * bs(age_months, df=3, include_intercept=False, lower_bound=40.0, upper_bound=131.0) + C(sex) + IQ_total + usable_epochs + mean_r_squared"
spline_interaction,TD,86.6470588235294,2.0227467907089127,1.974932782629892,2.0705607987879335,statsmodels_get_prediction_mean_ci_alpha_0.05,138,61,77,sex=mode(M); IQ_total=median(106); usable_epochs=median(129); mean_r_squared=median(0.988462),"posterior_exponent ~ C(group) * bs(age_months, df=3, include_intercept=False, lower_bound=40.0, upper_bound=131.0) + C(sex) + IQ_total + usable_epochs + mean_r_squared"
spline_interaction,TD,87.41176470588235,2.0219615456340074,1.9745393382629974,2.0693837530050176,statsmodels_get_prediction_mean_ci_alpha_0.05,138,61,77,sex=mode(M); IQ_total=median(106); usable_epochs=median(129); mean_r_squared=median(0.988462),"posterior_exponent ~ C(group) * bs(age_months, df=3, include_intercept=False, lower_bound=40.0, upper_bound=131.0) + C(sex) + IQ_total + usable_epochs + mean_r_squared"
spline_interaction,TD,88.17647058823529,2.0211380603825266,1.9739707914333748,2.0683053293316784,statsmodels_get_prediction_mean_ci_alpha_0.05,138,61,77,sex=mode(M); IQ_total=median(106); usable_epochs=median(129); mean_r_squared=median(0.988462),"posterior_exponent ~ C(group) * bs(age_months, df=3, include_intercept=False, lower_bound=40.0, upper_bound=131.0) + C(sex) + IQ_total + usable_epochs + mean_r_squared"
spline_interaction,TD,88.94117647058823,2.020279352997583,1.9732317101932533,2.067326995801913,statsmodels_get_prediction_mean_ci_alpha_0.05,138,61,77,sex=mode(M); IQ_total=median(106); usable_epochs=median(129); mean_r_squared=median(0.988462),"posterior_exponent ~ C(group) * bs(age_months, df=3, include_intercept=False, lower_bound=40.0, upper_bound=131.0) + C(sex) + IQ_total + usable_epochs + mean_r_squared"
spline_interaction,TD,89.70588235294117,2.019388441522289,1.9723290671629532,2.066447815881625,statsmodels_get_prediction_mean_ci_alpha_0.05,138,61,77,sex=mode(M); IQ_total=median(106); usable_epochs=median(129); mean_r_squared=median(0.988462),"posterior_exponent ~ C(group) * bs(age_months, df=3, include_intercept=False, lower_bound=40.0, upper_bound=131.0) + C(sex) + IQ_total + usable_epochs + mean_r_squared"
spline_interaction,TD,90.47058823529412,2.0184683439997553,1.9712720847093852,2.0656646032901254,statsmodels_get_prediction_mean_ci_alpha_0.05,138,61,77,sex=mode(M); IQ_total=median(106); usable_epochs=median(129); mean_r_squared=median(0.988462),"posterior_exponent ~ C(group) * bs(age_months, df=3, include_intercept=False, lower_bound=40.0, upper_bound=131.0) + C(sex) + IQ_total + usable_epochs + mean_r_squared"
spline_interaction,TD,91.23529411764706,2.017522078473094,1.9700719775160294,2.0649721794301583,statsmodels_get_prediction_mean_ci_alpha_0.05,138,61,77,sex=mode(M); IQ_total=median(106); usable_epochs=median(129); mean_r_squared=median(0.988462),"posterior_exponent ~ C(group) * bs(age_months, df=3, include_intercept=False, lower_bound=40.0, upper_bound=131.0) + C(sex) + IQ_total + usable_epochs + mean_r_squared"
spline_interaction,TD,92.0,2.0165526629854167,1.9687416163530338,2.0643637096177994,statsmodels_get_prediction_mean_ci_alpha_0.05,138,61,77,sex=mode(M); IQ_total=median(106); usable_epochs=median(129); mean_r_squared=median(0.988462),"posterior_exponent ~ C(group) * bs(age_months, df=3, include_intercept=False, lower_bound=40.0, upper_bound=131.0) + C(sex) + IQ_total + usable_epochs + mean_r_squared"
spline_interaction,TD,92.76470588235293,2.0155631155798344,1.9672951426232763,2.0638310885363924,statsmodels_get_prediction_mean_ci_alpha_0.05,138,61,77,sex=mode(M); IQ_total=median(106); usable_epochs=median(129); mean_r_squared=median(0.988462),"posterior_exponent ~ C(group) * bs(age_months, df=3, include_intercept=False, lower_bound=40.0, upper_bound=131.0) + C(sex) + IQ_total + usable_epochs + mean_r_squared"
spline_interaction,TD,93.52941176470588,2.0145564542994605,1.9657475639351685,2.0633653446637523,statsmodels_get_prediction_mean_ci_alpha_0.05,138,61,77,sex=mode(M); IQ_total=median(106); usable_epochs=median(129); mean_r_squared=median(0.988462),"posterior_exponent ~ C(group) * bs(age_months, df=3, include_intercept=False, lower_bound=40.0, upper_bound=131.0) + C(sex) + IQ_total + usable_epochs + mean_r_squared"
spline_interaction,TD,94.29411764705881,2.0135356971874048,1.9641143572340551,2.0629570371407544,statsmodels_get_prediction_mean_ci_alpha_0.05,138,61,77,sex=mode(M); IQ_total=median(106); usable_epochs=median(129); mean_r_squared=median(0.988462),"posterior_exponent ~ C(group) * bs(age_months, df=3, include_intercept=False, lower_bound=40.0, upper_bound=131.0) + C(sex) + IQ_total + usable_epochs + mean_r_squared"
spline_interaction,TD,95.05882352941177,2.0125038622867812,1.962411099452741,2.0625966251208214,statsmodels_get_prediction_mean_ci_alpha_0.05,138,61,77,sex=mode(M); IQ_total=median(106); usable_epochs=median(129); mean_r_squared=median(0.988462),"posterior_exponent ~ C(group) * bs(age_months, df=3, include_intercept=False, lower_bound=40.0, upper_bound=131.0) + C(sex) + IQ_total + usable_epochs + mean_r_squared"
spline_interaction,TD,95.8235294117647,2.011463967640699,1.9606531379784713,2.0622747973029267,statsmodels_get_prediction_mean_ci_alpha_0.05,138,61,77,sex=mode(M); IQ_total=median(106); usable_epochs=median(129); mean_r_squared=median(0.988462),"posterior_exponent ~ C(group) * bs(age_months, df=3, include_intercept=False, lower_bound=40.0, upper_bound=131.0) + C(sex) + IQ_total + usable_epochs + mean_r_squared"
spline_interaction,TD,96.58823529411765,2.0104190312922716,1.9588553059769531,2.06198275660759,statsmodels_get_prediction_mean_ci_alpha_0.05,138,61,77,sex=mode(M); IQ_total=median(106); usable_epochs=median(129); mean_r_squared=median(0.988462),"posterior_exponent ~ C(group) * bs(age_months, df=3, include_intercept=False, lower_bound=40.0, upper_bound=131.0) + C(sex) + IQ_total + usable_epochs + mean_r_squared"
spline_interaction,TD,97.35294117647058,2.0093720712846115,1.9570316817133433,2.0617124608558797,statsmodels_get_prediction_mean_ci_alpha_0.05,138,61,77,sex=mode(M); IQ_total=median(106); usable_epochs=median(129); mean_r_squared=median(0.988462),"posterior_exponent ~ C(group) * bs(age_months, df=3, include_intercept=False, lower_bound=40.0, upper_bound=131.0) + C(sex) + IQ_total + usable_epochs + mean_r_squared"
spline_interaction,TD,98.11764705882352,2.008326105660829,1.9551953868611236,2.0614568244605342,statsmodels_get_prediction_mean_ci_alpha_0.05,138,61,77,sex=mode(M); IQ_total=median(106); usable_epochs=median(129); mean_r_squared=median(0.988462),"posterior_exponent ~ C(group) * bs(age_months, df=3, include_intercept=False, lower_bound=40.0, upper_bound=131.0) + C(sex) + IQ_total + usable_epochs + mean_r_squared"
spline_interaction,TD,98.88235294117646,2.007284152464035,1.9533584163462048,2.0612098885818653,statsmodels_get_prediction_mean_ci_alpha_0.05,138,61,77,sex=mode(M); IQ_total=median(106); usable_epochs=median(129); mean_r_squared=median(0.988462),"posterior_exponent ~ C(group) * bs(age_months, df=3, include_intercept=False, lower_bound=40.0, upper_bound=131.0) + C(sex) + IQ_total + usable_epochs + mean_r_squared"
spline_interaction,TD,99.6470588235294,2.006249229737344,1.9515314912556811,2.0609669682190073,statsmodels_get_prediction_mean_ci_alpha_0.05,138,61,77,sex=mode(M); IQ_total=median(106); usable_epochs=median(129); mean_r_squared=median(0.988462),"posterior_exponent ~ C(group) * bs(age_months, df=3, include_intercept=False, lower_bound=40.0, upper_bound=131.0) + C(sex) + IQ_total + usable_epochs + mean_r_squared"
spline_interaction,TD,100.41176470588235,2.005224355523864,1.9497239263678972,2.0607247846798304,statsmodels_get_prediction_mean_ci_alpha_0.05,138,61,77,sex=mode(M); IQ_total=median(106); usable_epochs=median(129); mean_r_squared=median(0.988462),"posterior_exponent ~ C(group) * bs(age_months, df=3, include_intercept=False, lower_bound=40.0, upper_bound=131.0) + C(sex) + IQ_total + usable_epochs + mean_r_squared"
spline_interaction,TD,101.17647058823529,2.0042125478667105,1.9479435045954403,2.060481591137981,statsmodels_get_prediction_mean_ci_alpha_0.05,138,61,77,sex=mode(M); IQ_total=median(106); usable_epochs=median(129); mean_r_squared=median(0.988462),"posterior_exponent ~ C(group) * bs(age_months, df=3, include_intercept=False, lower_bound=40.0, upper_bound=131.0) + C(sex) + IQ_total + usable_epochs + mean_r_squared"
spline_interaction,TD,101.94117647058823,2.0032168248089928,1.9461963518059697,2.060237297812016,statsmodels_get_prediction_mean_ci_alpha_0.05,138,61,77,sex=mode(M); IQ_total=median(106); usable_epochs=median(129); mean_r_squared=median(0.988462),"posterior_exponent ~ C(group) * bs(age_months, df=3, include_intercept=False, lower_bound=40.0, upper_bound=131.0) + C(sex) + IQ_total + usable_epochs + mean_r_squared"
spline_interaction,TD,102.70588235294117,2.0022402043938237,1.944486806946737,2.0599936018409104,statsmodels_get_prediction_mean_ci_alpha_0.05,138,61,77,sex=mode(M); IQ_total=median(106); usable_epochs=median(129); mean_r_squared=median(0.988462),"posterior_exponent ~ C(group) * bs(age_months, df=3, include_intercept=False, lower_bound=40.0, upper_bound=131.0) + C(sex) + IQ_total + usable_epochs + mean_r_squared"
spline_interaction,TD,103.47058823529412,2.001285704664314,1.9428172840750018,2.059754125253627,statsmodels_get_prediction_mean_ci_alpha_0.05,138,61,77,sex=mode(M); IQ_total=median(106); usable_epochs=median(129); mean_r_squared=median(0.988462),"posterior_exponent ~ C(group) * bs(age_months, df=3, include_intercept=False, lower_bound=40.0, upper_bound=131.0) + C(sex) + IQ_total + usable_epochs + mean_r_squared"
spline_interaction,TD,104.23529411764706,2.000356343663577,1.9411881248096639,2.0595245625174905,statsmodels_get_prediction_mean_ci_alpha_0.05,138,61,77,sex=mode(M); IQ_total=median(106); usable_epochs=median(129); mean_r_squared=median(0.988462),"posterior_exponent ~ C(group) * bs(age_months, df=3, include_intercept=False, lower_bound=40.0, upper_bound=131.0) + C(sex) + IQ_total + usable_epochs + mean_r_squared"
spline_interaction,TD,105.0,1.999455139434723,1.9395974419274755,2.0593128369419706,statsmodels_get_prediction_mean_ci_alpha_0.05,138,61,77,sex=mode(M); IQ_total=median(106); usable_epochs=median(129); mean_r_squared=median(0.988462),"posterior_exponent ~ C(group) * bs(age_months, df=3, include_intercept=False, lower_bound=40.0, upper_bound=131.0) + C(sex) + IQ_total + usable_epochs + mean_r_squared"
spline_interaction,TD,105.76470588235294,1.9985851100208647,1.9380409574262045,2.059129262615525,statsmodels_get_prediction_mean_ci_alpha_0.05,138,61,77,sex=mode(M); IQ_total=median(106); usable_epochs=median(129); mean_r_squared=median(0.988462),"posterior_exponent ~ C(group) * bs(age_months, df=3, include_intercept=False, lower_bound=40.0, upper_bound=131.0) + C(sex) + IQ_total + usable_epochs + mean_r_squared"
spline_interaction,TD,106.52941176470588,1.997749273465112,1.9365118414415212,2.058986705488703,statsmodels_get_prediction_mean_ci_alpha_0.05,138,61,77,sex=mode(M); IQ_total=median(106); usable_epochs=median(129); mean_r_squared=median(0.988462),"posterior_exponent ~ C(group) * bs(age_months, df=3, include_intercept=False, lower_bound=40.0, upper_bound=131.0) + C(sex) + IQ_total + usable_epochs + mean_r_squared"
spline_interaction,TD,107.29411764705881,1.9969506478105794,1.9350005619517443,2.0589007336694145,statsmodels_get_prediction_mean_ci_alpha_0.05,138,61,77,sex=mode(M); IQ_total=median(106); usable_epochs=median(129); mean_r_squared=median(0.988462),"posterior_exponent ~ C(group) * bs(age_months, df=3, include_intercept=False, lower_bound=40.0, upper_bound=131.0) + C(sex) + IQ_total + usable_epochs + mean_r_squared"
spline_interaction,TD,108.05882352941175,1.9961922511003762,1.9334947591339462,2.058889743066806,statsmodels_get_prediction_mean_ci_alpha_0.05,138,61,77,sex=mode(M); IQ_total=median(106); usable_epochs=median(129); mean_r_squared=median(0.988462),"posterior_exponent ~ C(group) * bs(age_months, df=3, include_intercept=False, lower_bound=40.0, upper_bound=131.0) + C(sex) + IQ_total + usable_epochs + mean_r_squared"
spline_interaction,TD,108.8235294117647,1.995477101377615,1.9319791622430424,2.058975040512187,statsmodels_get_prediction_mean_ci_alpha_0.05,138,61,77,sex=mode(M); IQ_total=median(106); usable_epochs=median(129); mean_r_squared=median(0.988462),"posterior_exponent ~ C(group) * bs(age_months, df=3, include_intercept=False, lower_bound=40.0, upper_bound=131.0) + C(sex) + IQ_total + usable_epochs + mean_r_squared"
spline_interaction,TD,109.58823529411764,1.9948082166854082,1.9304355704049012,2.059180862965915,statsmodels_get_prediction_mean_ci_alpha_0.05,138,61,77,sex=mode(M); IQ_total=median(106); usable_epochs=median(129); mean_r_squared=median(0.988462),"posterior_exponent ~ C(group) * bs(age_months, df=3, include_intercept=False, lower_bound=40.0, upper_bound=131.0) + C(sex) + IQ_total + usable_epochs + mean_r_squared"
spline_interaction,TD,110.35294117647058,1.9941886150668666,1.9288429208587965,2.059534309274937,statsmodels_get_prediction_mean_ci_alpha_0.05,138,61,77,sex=mode(M); IQ_total=median(106); usable_epochs=median(129); mean_r_squared=median(0.988462),"posterior_exponent ~ C(group) * bs(age_months, df=3, include_intercept=False, lower_bound=40.0, upper_bound=131.0) + C(sex) + IQ_total + usable_epochs + mean_r_squared"
spline_interaction,TD,111.11764705882352,1.9936213145651038,1.927177467798224,2.0600651613319836,statsmodels_get_prediction_mean_ci_alpha_0.05,138,61,77,sex=mode(M); IQ_total=median(106); usable_epochs=median(129); mean_r_squared=median(0.988462),"posterior_exponent ~ C(group) * bs(age_months, df=3, include_intercept=False, lower_bound=40.0, upper_bound=131.0) + C(sex) + IQ_total + usable_epochs + mean_r_squared"
spline_interaction,TD,111.88235294117646,1.9931093332232281,1.9254130907824283,2.060805575664028,statsmodels_get_prediction_mean_ci_alpha_0.05,138,61,77,sex=mode(M); IQ_total=median(106); usable_epochs=median(129); mean_r_squared=median(0.988462),"posterior_exponent ~ C(group) * bs(age_months, df=3, include_intercept=False, lower_bound=40.0, upper_bound=131.0) + C(sex) + IQ_total + usable_epochs + mean_r_squared"
spline_interaction,TD,112.6470588235294,1.992655689084355,1.9235217427370352,2.061789635431675,statsmodels_get_prediction_mean_ci_alpha_0.05,138,61,77,sex=mode(M); IQ_total=median(106); usable_epochs=median(129); mean_r_squared=median(0.988462),"posterior_exponent ~ C(group) * bs(age_months, df=3, include_intercept=False, lower_bound=40.0, upper_bound=131.0) + C(sex) + IQ_total + usable_epochs + mean_r_squared"
spline_interaction,TD,113.41176470588235,1.9922634001915935,1.921474033627445,2.0630527667557423,statsmodels_get_prediction_mean_ci_alpha_0.05,138,61,77,sex=mode(M); IQ_total=median(106); usable_epochs=median(129); mean_r_squared=median(0.988462),"posterior_exponent ~ C(group) * bs(age_months, df=3, include_intercept=False, lower_bound=40.0, upper_bound=131.0) + C(sex) + IQ_total + usable_epochs + mean_r_squared"
spline_interaction,TD,114.17647058823529,1.9919354845880557,1.9192399280967403,2.0646310410793713,statsmodels_get_prediction_mean_ci_alpha_0.05,138,61,77,sex=mode(M); IQ_total=median(106); usable_epochs=median(129); mean_r_squared=median(0.988462),"posterior_exponent ~ C(group) * bs(age_months, df=3, include_intercept=False, lower_bound=40.0, upper_bound=131.0) + C(sex) + IQ_total + usable_epochs + mean_r_squared"
spline_interaction,TD,114.94117647058823,1.9916749603168546,1.9167895164452489,2.0665604041884604,statsmodels_get_prediction_mean_ci_alpha_0.05,138,61,77,sex=mode(M); IQ_total=median(106); usable_epochs=median(129); mean_r_squared=median(0.988462),"posterior_exponent ~ C(group) * bs(age_months, df=3, include_intercept=False, lower_bound=40.0, upper_bound=131.0) + C(sex) + IQ_total + usable_epochs + mean_r_squared"
spline_interaction,TD,115.70588235294117,1.991484845421101,1.9140938023429386,2.0688758884992633,statsmodels_get_prediction_mean_ci_alpha_0.05,138,61,77,sex=mode(M); IQ_total=median(106); usable_epochs=median(129); mean_r_squared=median(0.988462),"posterior_exponent ~ C(group) * bs(age_months, df=3, include_intercept=False, lower_bound=40.0, upper_bound=131.0) + C(sex) + IQ_total + usable_epochs + mean_r_squared"
spline_interaction,TD,116.47058823529412,1.9913681579439069,1.911125441989257,2.071610873898557,statsmodels_get_prediction_mean_ci_alpha_0.05,138,61,77,sex=mode(M); IQ_total=median(106); usable_epochs=median(129); mean_r_squared=median(0.988462),"posterior_exponent ~ C(group) * bs(age_months, df=3, include_intercept=False, lower_bound=40.0, upper_bound=131.0) + C(sex) + IQ_total + usable_epochs + mean_r_squared"
spline_interaction,TD,117.23529411764706,1.9913279159283839,1.907859371254799,2.0747964606019687,statsmodels_get_prediction_mean_ci_alpha_0.05,138,61,77,sex=mode(M); IQ_total=median(106); usable_epochs=median(129); mean_r_squared=median(0.988462),"posterior_exponent ~ C(group) * bs(age_months, df=3, include_intercept=False, lower_bound=40.0, upper_bound=131.0) + C(sex) + IQ_total + usable_epochs + mean_r_squared"
spline_interaction,TD,118.0,1.9913671374176438,1.9042732702757892,2.0784610045594984,statsmodels_get_prediction_mean_ci_alpha_0.05,138,61,77,sex=mode(M); IQ_total=median(106); usable_epochs=median(129); mean_r_squared=median(0.988462),"posterior_exponent ~ C(group) * bs(age_months, df=3, include_intercept=False, lower_bound=40.0, upper_bound=131.0) + C(sex) + IQ_total + usable_epochs + mean_r_squared"
spline_interaction,TD,118.76470588235294,1.991488840454799,1.9003478365171327,2.082629844392465,statsmodels_get_prediction_mean_ci_alpha_0.05,138,61,77,sex=mode(M); IQ_total=median(106); usable_epochs=median(129); mean_r_squared=median(0.988462),"posterior_exponent ~ C(group) * bs(age_months, df=3, include_intercept=False, lower_bound=40.0, upper_bound=131.0) + C(sex) + IQ_total + usable_epochs + mean_r_squared"
spline_interaction,TD,119.52941176470588,1.9916960430829591,1.8960668625562147,2.0873252236097035,statsmodels_get_prediction_mean_ci_alpha_0.05,138,61,77,sex=mode(M); IQ_total=median(106); usable_epochs=median(129); mean_r_squared=median(0.988462),"posterior_exponent ~ C(group) * bs(age_months, df=3, include_intercept=False, lower_bound=40.0, upper_bound=131.0) + C(sex) + IQ_total + usable_epochs + mean_r_squared"
spline_interaction,TD,120.29411764705881,1.9919917633452386,1.8914171381236333,2.092566388566844,statsmodels_get_prediction_mean_ci_alpha_0.05,138,61,77,sex=mode(M); IQ_total=median(106); usable_epochs=median(129); mean_r_squared=median(0.988462),"posterior_exponent ~ C(group) * bs(age_months, df=3, include_intercept=False, lower_bound=40.0, upper_bound=131.0) + C(sex) + IQ_total + usable_epochs + mean_r_squared"
spline_interaction,TD,121.05882352941175,1.9923790192847481,1.8863882127782299,2.0983698257912664,statsmodels_get_prediction_mean_ci_alpha_0.05,138,61,77,sex=mode(M); IQ_total=median(106); usable_epochs=median(129); mean_r_squared=median(0.988462),"posterior_exponent ~ C(group) * bs(age_months, df=3, include_intercept=False, lower_bound=40.0, upper_bound=131.0) + C(sex) + IQ_total + usable_epochs + mean_r_squared"
spline_interaction,TD,121.8235294117647,1.9928608289445986,1.880972063857169,2.1047495940320284,statsmodels_get_prediction_mean_ci_alpha_0.05,138,61,77,sex=mode(M); IQ_total=median(106); usable_epochs=median(129); mean_r_squared=median(0.988462),"posterior_exponent ~ C(group) * bs(age_months, df=3, include_intercept=False, lower_bound=40.0, upper_bound=131.0) + C(sex) + IQ_total + usable_epochs + mean_r_squared"
spline_interaction,TD,122.58823529411764,1.9934402103679019,1.875162714392044,2.11171770634376,statsmodels_get_prediction_mean_ci_alpha_0.05,138,61,77,sex=mode(M); IQ_total=median(106); usable_epochs=median(129); mean_r_squared=median(0.988462),"posterior_exponent ~ C(group) * bs(age_months, df=3, include_intercept=False, lower_bound=40.0, upper_bound=131.0) + C(sex) + IQ_total + usable_epochs + mean_r_squared"
spline_interaction,TD,123.35294117647058,1.9941201815977707,1.8689558396439954,2.119284523551546,statsmodels_get_prediction_mean_ci_alpha_0.05,138,61,77,sex=mode(M); IQ_total=median(106); usable_epochs=median(129); mean_r_squared=median(0.988462),"posterior_exponent ~ C(group) * bs(age_months, df=3, include_intercept=False, lower_bound=40.0, upper_bound=131.0) + C(sex) + IQ_total + usable_epochs + mean_r_squared"
spline_interaction,TD,124.11764705882352,1.9949037606773157,1.8623483915799073,2.1274591297747243,statsmodels_get_prediction_mean_ci_alpha_0.05,138,61,77,sex=mode(M); IQ_total=median(106); usable_epochs=median(129); mean_r_squared=median(0.988462),"posterior_exponent ~ C(group) * bs(age_months, df=3, include_intercept=False, lower_bound=40.0, upper_bound=131.0) + C(sex) + IQ_total + usable_epochs + mean_r_squared"
spline_interaction,TD,124.88235294117646,1.9957939656496508,1.8553382605356816,2.13624967076362,statsmodels_get_prediction_mean_ci_alpha_0.05,138,61,77,sex=mode(M); IQ_total=median(106); usable_epochs=median(129); mean_r_squared=median(0.988462),"posterior_exponent ~ C(group) * bs(age_months, df=3, include_intercept=False, lower_bound=40.0, upper_bound=131.0) + C(sex) + IQ_total + usable_epochs + mean_r_squared"
spline_interaction,TD,125.6470588235294,1.996793814557885,1.847923984270742,2.145663644845028,statsmodels_get_prediction_mean_ci_alpha_0.05,138,61,77,sex=mode(M); IQ_total=median(106); usable_epochs=median(129); mean_r_squared=median(0.988462),"posterior_exponent ~ C(group) * bs(age_months, df=3, include_intercept=False, lower_bound=40.0, upper_bound=131.0) + C(sex) + IQ_total + usable_epochs + mean_r_squared"
spline_interaction,TD,126.41176470588235,1.9979063254451317,1.8401045075315055,2.155708143358758,statsmodels_get_prediction_mean_ci_alpha_0.05,138,61,77,sex=mode(M); IQ_total=median(106); usable_epochs=median(129); mean_r_squared=median(0.988462),"posterior_exponent ~ C(group) * bs(age_months, df=3, include_intercept=False, lower_bound=40.0, upper_bound=131.0) + C(sex) + IQ_total + usable_epochs + mean_r_squared"
spline_interaction,TD,127.17647058823529,1.9991345163545011,1.8318789903311663,2.166390042377836,statsmodels_get_prediction_mean_ci_alpha_0.05,138,61,77,sex=mode(M); IQ_total=median(106); usable_epochs=median(129); mean_r_squared=median(0.988462),"posterior_exponent ~ C(group) * bs(age_months, df=3, include_intercept=False, lower_bound=40.0, upper_bound=131.0) + C(sex) + IQ_total + usable_epochs + mean_r_squared"
spline_interaction,TD,127.94117647058823,2.0004814053291065,1.8232466601982442,2.1777161504599687,statsmodels_get_prediction_mean_ci_alpha_0.05,138,61,77,sex=mode(M); IQ_total=median(106); usable_epochs=median(129); mean_r_squared=median(0.988462),"posterior_exponent ~ C(group) * bs(age_months, df=3, include_intercept=False, lower_bound=40.0, upper_bound=131.0) + C(sex) + IQ_total + usable_epochs + mean_r_squared"
spline_interaction,TD,128.70588235294116,2.001950010412059,1.8142067022237387,2.1896933186003795,statsmodels_get_prediction_mean_ci_alpha_0.05,138,61,77,sex=mode(M); IQ_total=median(106); usable_epochs=median(129); mean_r_squared=median(0.988462),"posterior_exponent ~ C(group) * bs(age_months, df=3, include_intercept=False, lower_bound=40.0, upper_bound=131.0) + C(sex) + IQ_total + usable_epochs + mean_r_squared"
spline_interaction,TD,129.47058823529412,2.0035433496464714,1.8047581803870583,2.2023285189058845,statsmodels_get_prediction_mean_ci_alpha_0.05,138,61,77,sex=mode(M); IQ_total=median(106); usable_epochs=median(129); mean_r_squared=median(0.988462),"posterior_exponent ~ C(group) * bs(age_months, df=3, include_intercept=False, lower_bound=40.0, upper_bound=131.0) + C(sex) + IQ_total + usable_epochs + mean_r_squared"
spline_interaction,TD,130.23529411764707,2.005264441075453,1.7948999839613455,2.21562889818956,statsmodels_get_prediction_mean_ci_alpha_0.05,138,61,77,sex=mode(M); IQ_total=median(106); usable_epochs=median(129); mean_r_squared=median(0.988462),"posterior_exponent ~ C(group) * bs(age_months, df=3, include_intercept=False, lower_bound=40.0, upper_bound=131.0) + C(sex) + IQ_total + usable_epochs + mean_r_squared"
spline_interaction,TD,131.0,2.0071163027421175,1.7846307934807577,2.2296018120034775,statsmodels_get_prediction_mean_ci_alpha_0.05,138,61,77,sex=mode(M); IQ_total=median(106); usable_epochs=median(129); mean_r_squared=median(0.988462),"posterior_exponent ~ C(group) * bs(age_months, df=3, include_intercept=False, lower_bound=40.0, upper_bound=131.0) + C(sex) + IQ_total + usable_epochs + mean_r_squared"
