time_seconds,group,isc_mean,ci_low,ci_high,n,isc_definition,segment_label
2.0,TD,0.03435612419972316,-0.08742567168082832,0.15613792008027463,,within_group_loo,Neutral
2.0,ASD,0.16024739607106003,0.01669530173863612,0.303799490403484,,within_group_loo,Neutral
2.5,TD,-0.03370529810301385,-0.13958368706687613,0.07217309086084842,,within_group_loo,Neutral
2.5,ASD,0.18467939051116705,0.047611189975026,0.3217475910473081,,within_group_loo,Neutral
3.0,TD,-0.0763844005735481,-0.17888551152834117,0.026116710381244967,,within_group_loo,Neutral
3.0,ASD,0.17441360915407284,0.053374186600383317,0.2954530317077624,,within_group_loo,Neutral
3.5,TD,-0.08856738585773179,-0.19354092306871856,0.01640615135325499,,within_group_loo,Neutral
3.5,ASD,0.17950228997388748,0.048157810503886234,0.3108467694438887,,within_group_loo,Neutral
4.0,TD,0.0029307581843113495,-0.10615415697033223,0.11201567333895493,,within_group_loo,Neutral
4.0,ASD,0.1601637366148283,0.026414896113344605,0.293912577116312,,within_group_loo,Neutral
4.5,TD,0.016838286369994876,-0.10360828896651718,0.13728486170650694,,within_group_loo,Neutral
4.5,ASD,0.08972980661807245,-0.022346355711313354,0.20180596894745825,,within_group_loo,Neutral
5.0,TD,0.04022126386317934,-0.08124824965569191,0.1616907773820506,,within_group_loo,Neutral
5.0,ASD,-0.13700425941780808,-0.23284391764019227,-0.041164601195423894,,within_group_loo,Neutral
5.5,TD,-0.06597049755259633,-0.15625543000610018,0.02431443490090751,,within_group_loo,Neutral
5.5,ASD,-0.08825565186967155,-0.19790263217244525,0.021391328433102166,,within_group_loo,Neutral
6.0,TD,-0.05898505671898915,-0.17263570642143375,0.05466559298345545,,within_group_loo,Neutral
6.0,ASD,-0.057529111791277864,-0.1639400585975573,0.048881835015001575,,within_group_loo,Neutral
6.5,TD,-0.037349880613883446,-0.15983936337627158,0.08513960214850469,,within_group_loo,Neutral
6.5,ASD,-0.08162742266965764,-0.18536029306980525,0.022105447730489974,,within_group_loo,Neutral
7.0,TD,0.11211960374358994,-0.010491123143958433,0.2347303306311383,,within_group_loo,Neutral
7.0,ASD,-0.15509222865473044,-0.260183023500999,-0.050001433808461906,,within_group_loo,Neutral
7.5,TD,0.13735475752331652,0.02418036756288497,0.2505291474837481,,within_group_loo,Neutral
7.5,ASD,-0.14997875644429456,-0.2593565989028021,-0.04060091398578701,,within_group_loo,Neutral
8.0,TD,0.1187335481692204,0.016940853395955316,0.22052624294248546,,within_group_loo,Neutral
8.0,ASD,0.06404627492445791,-0.049835039697108535,0.17792758954602436,,within_group_loo,Neutral
8.5,TD,0.15488212116698555,0.04643042926571242,0.26333381306825865,,within_group_loo,Neutral
8.5,ASD,0.0980419709513593,0.005472257641111394,0.1906116842616072,,within_group_loo,Neutral
9.0,TD,0.1485860714785455,0.02951279866438082,0.26765934429271016,,within_group_loo,Neutral
9.0,ASD,0.1378719102045132,0.024972274306489142,0.25077154610253727,,within_group_loo,Neutral
9.5,TD,0.16242944035541393,0.050349636393498695,0.27450924431732915,,within_group_loo,Neutral
9.5,ASD,0.13198408925903166,0.01561945681884945,0.24834872169921385,,within_group_loo,Neutral
10.0,TD,-0.018118901453614545,-0.12491073345665032,0.08867293054942124,,within_group_loo,Neutral
10.0,ASD,0.12909290243853966,0.013796232435544412,0.24438957244153492,,within_group_loo,Neutral
10.5,TD,0.03365948989798955,-0.07828169320471032,0.14560067300068943,,within_group_loo,Neutral
10.5,ASD,0.06057842733332016,-0.06866172960819408,0.18981858427483442,,within_group_loo,Neutral
11.0,TD,0.05703209549325205,-0.05796735706986108,0.17203154805636517,,within_group_loo,Neutral
11.0,ASD,0.08726730572040418,-0.046792470760547225,0.2213270822013556,,within_group_loo,Neutral
11.5,TD,0.1698717263073458,0.06852821980713779,0.2712152328075538,,within_group_loo,Neutral
11.5,ASD,-0.005515282699284095,-0.12213676866189374,0.11110620326332554,,within_group_loo,Neutral
12.0,TD,0.21697797494395854,0.10327691474553073,0.33067903514238633,,within_group_loo,Neutral
12.0,ASD,0.028744309119623158,-0.0932170128250963,0.15070563106434262,,within_group_loo,Neutral
12.5,TD,0.2470207797945215,0.13409485801750604,0.35994670157153696,,within_group_loo,Neutral
12.5,ASD,0.047405372404067427,-0.08198256622353145,0.1767933110316663,,within_group_loo,Neutral
13.0,TD,0.22853712109743363,0.1229177035591555,0.33415653863571176,,within_group_loo,Neutral
13.0,ASD,0.06321546469784112,-0.05140379399804117,0.17783472339372342,,within_group_loo,Neutral
13.5,TD,0.056752407618181566,-0.064782980186709,0.17828779542307213,,within_group_loo,Neutral
13.5,ASD,-0.0017624588223717368,-0.09966892410091534,0.09614400645617187,,within_group_loo,Neutral
14.0,TD,0.0782246674548592,-0.04671617779283077,0.20316551270254918,,within_group_loo,Neutral
14.0,ASD,-0.012785302559676229,-0.11881515887261046,0.09324455375325799,,within_group_loo,Neutral
14.5,TD,0.10080560419316009,-0.0058904280512769025,0.2075016364375971,,within_group_loo,Neutral
14.5,ASD,0.09346210197878993,-0.016392699338966935,0.20331690329654678,,within_group_loo,Neutral
15.0,TD,0.15445626511389102,0.03320788153209374,0.2757046486956883,,within_group_loo,Neutral
15.0,ASD,0.060996057465536886,-0.06308986429432115,0.1850819792253949,,within_group_loo,Neutral
15.5,TD,0.17274092803587038,0.04994408270441232,0.29553777336732845,,within_group_loo,Neutral
15.5,ASD,0.046334285547899666,-0.06950667454293447,0.16217524563873378,,within_group_loo,Neutral
16.0,TD,0.2189422861348381,0.1165719532650949,0.3213126190045813,,within_group_loo,Neutral
16.0,ASD,0.04943350191334061,-0.04191073925886279,0.140777743085544,,within_group_loo,Neutral
16.5,TD,0.07363291571377786,-0.03881691739725515,0.18608274882481088,,within_group_loo,Neutral
16.5,ASD,0.00804873188970945,-0.10596143748590392,0.12205890126532282,,within_group_loo,Neutral
17.0,TD,0.05411245143959772,-0.06316437055229843,0.17138927343149388,,within_group_loo,Neutral
17.0,ASD,-0.0043877178069119185,-0.10813223212289871,0.09935679650907489,,within_group_loo,Neutral
17.5,TD,0.07063780177584361,-0.04010846088008542,0.18138406443177263,,within_group_loo,Neutral
17.5,ASD,0.05490750435981555,-0.05179979902849863,0.16161480774812972,,within_group_loo,Neutral
18.0,TD,0.06894161566990147,-0.021068357615103492,0.1589515889549064,,within_group_loo,Neutral
18.0,ASD,0.114439884482127,-0.00800197874611086,0.23688174771036485,,within_group_loo,Neutral
18.5,TD,0.14199868562123374,0.030624196745754728,0.25337317449671276,,within_group_loo,Neutral
18.5,ASD,0.22584722036115026,0.10070242131589036,0.35099201940641017,,within_group_loo,Neutral
19.0,TD,0.15155626994154292,0.02997221077127661,0.27314032911180924,,within_group_loo,Neutral
19.0,ASD,0.155426636125615,0.037047536621749255,0.27380573562948074,,within_group_loo,Neutral
19.5,TD,0.12676775410411623,0.013339115994137757,0.2401963922140947,,within_group_loo,Neutral
19.5,ASD,0.194894814051602,0.07568259150974528,0.31410703659345873,,within_group_loo,Neutral
20.0,TD,-0.03550040021834743,-0.12298114084154821,0.05198034040485335,,within_group_loo,Neutral
20.0,ASD,0.1935389824811235,0.07631187195570235,0.3107660930065447,,within_group_loo,Neutral
20.5,TD,-0.022537976677313724,-0.1286245012500825,0.08354854789545506,,within_group_loo,Neutral
20.5,ASD,0.20463961118596358,0.09683442198201593,0.31244480038991124,,within_group_loo,Neutral
21.0,TD,-0.008618180038327353,-0.10914111460510294,0.09190475452844822,,within_group_loo,Neutral
21.0,ASD,0.1602156096368378,0.0658983993570454,0.25453281991663024,,within_group_loo,Neutral
21.5,TD,0.019728365946126914,-0.0942909718034437,0.13374770369569752,,within_group_loo,Neutral
21.5,ASD,0.17786323733281723,0.0686302689557978,0.2870962057098366,,within_group_loo,Neutral
22.0,TD,0.028225294611545663,-0.09657196141391977,0.1530225506370111,,within_group_loo,Neutral
22.0,ASD,0.02755918878147291,-0.09205903784848664,0.14717741541143245,,within_group_loo,Neutral
22.5,TD,0.09535874771974191,-0.033049451599043336,0.22376694703852718,,within_group_loo,Neutral
22.5,ASD,0.018164465876463958,-0.10505441553193808,0.14138334728486598,,within_group_loo,Neutral
23.0,TD,0.08812438926164347,-0.04171362120728701,0.21796239973057396,,within_group_loo,Neutral
23.0,ASD,0.06382193608274264,-0.04478772892328477,0.17243160108877004,,within_group_loo,Neutral
23.5,TD,0.058024462678354094,-0.05733333493382367,0.17338226029053186,,within_group_loo,Neutral
23.5,ASD,0.08921351844790887,-0.03856587139474488,0.2169929082905626,,within_group_loo,Neutral
24.0,TD,-0.005281646222039825,-0.10885816065265294,0.0982948682085733,,within_group_loo,Neutral
24.0,ASD,0.0976371346805256,-0.02905820116183938,0.22433247052289057,,within_group_loo,Neutral
24.5,TD,-0.19312870564684248,-0.28779990074783335,-0.09845751054585158,,within_group_loo,Neutral
24.5,ASD,0.03855507653054314,-0.06685973590605063,0.14396988896713692,,within_group_loo,Neutral
25.0,TD,-0.0703613891521495,-0.18659113311831485,0.045868354814015855,,within_group_loo,Neutral
25.0,ASD,-0.02501298155041808,-0.15688844950747008,0.10686248640663391,,within_group_loo,Neutral
25.5,TD,0.01584117935025527,-0.11282660974254465,0.1445089684430552,,within_group_loo,Neutral
25.5,ASD,-0.06987422126995817,-0.18609605604676943,0.0463476135068531,,within_group_loo,Neutral
26.0,TD,0.013329020464716257,-0.09422030971141211,0.12087835064084464,,within_group_loo,Neutral
26.0,ASD,-0.08440936089656843,-0.21129019178055314,0.042471469987416285,,within_group_loo,Neutral
26.5,TD,3.650013356980749e-05,-0.11094200291705508,0.11101500318419469,,within_group_loo,Neutral
26.5,ASD,-0.08385728797873407,-0.21338557491580734,0.045670998958339204,,within_group_loo,Neutral
27.0,TD,0.03282549620457942,-0.09075547455071244,0.15640646695987126,,within_group_loo,Neutral
27.0,ASD,-0.12392966839975245,-0.23535264540029716,-0.012506691399207723,,within_group_loo,Neutral
27.5,TD,0.07638511659151888,-0.04486295425976922,0.19763318744280697,,within_group_loo,Neutral
27.5,ASD,0.014651195514223482,-0.11259202054534323,0.14189441157379018,,within_group_loo,Neutral
28.0,TD,-0.04612093589160412,-0.15066642960373797,0.058424557820529736,,within_group_loo,Neutral
28.0,ASD,-0.003087540330927758,-0.13176362193660138,0.12558854127474586,,within_group_loo,Neutral
28.5,TD,0.11512606734688531,0.002725040631895409,0.2275270940618752,,within_group_loo,Neutral
28.5,ASD,0.03469226426548009,-0.09007655036515569,0.15946107889611585,,within_group_loo,Neutral
29.0,TD,0.11897285244993853,-0.003999087423916442,0.2419447923237935,,within_group_loo,Neutral
29.0,ASD,0.09012029466182901,-0.040237322260284494,0.22047791158394253,,within_group_loo,Neutral
29.5,TD,0.09926365567940854,-0.025456922227258122,0.2239842335860752,,within_group_loo,Neutral
29.5,ASD,0.05259497526584622,-0.07184793761897275,0.17703788815066518,,within_group_loo,Neutral
30.0,TD,0.0792416705626237,-0.016656627452410852,0.17513996857765823,,within_group_loo,Neutral
30.0,ASD,0.03291726228985853,-0.07218636529837587,0.1380208898780929,,within_group_loo,Neutral
30.5,TD,-0.06989783171300444,-0.15828377209485214,0.01848810866884326,,within_group_loo,Neutral
30.5,ASD,-0.06899010278905161,-0.14319235365919408,0.005212148081090856,,within_group_loo,Neutral
31.0,TD,0.17060704344409403,0.06991727319775154,0.2712968136904365,,within_group_loo,Neutral
31.0,ASD,0.01749517619873095,-0.08792138930638231,0.12291174170384421,,within_group_loo,Neutral
31.5,TD,0.21448672090438503,0.10375262537364222,0.32522081643512785,,within_group_loo,Neutral
31.5,ASD,0.007078859290898712,-0.11896126922652622,0.13311898780832365,,within_group_loo,Neutral
32.0,TD,0.20787565729255753,0.09493157471159862,0.3208197398735164,,within_group_loo,Neutral
32.0,ASD,0.028644694856439255,-0.10657683912080554,0.16386622883368404,,within_group_loo,Neutral
32.5,TD,0.14459290556332674,0.052736400315943024,0.23644941081071047,,within_group_loo,Neutral
32.5,ASD,0.0707502960891188,-0.038350826232760094,0.1798514184109977,,within_group_loo,Neutral
33.0,TD,0.013979670120608181,-0.07647645697326644,0.10443579721448279,,within_group_loo,Neutral
33.0,ASD,0.14644088473256253,0.01566852113712852,0.27721324832799654,,within_group_loo,Neutral
33.5,TD,0.08646916066057315,-0.02789588558494506,0.20083420690609138,,within_group_loo,Neutral
33.5,ASD,0.10951346348183089,-0.022203033516310478,0.24122996047997225,,within_group_loo,Neutral
34.0,TD,0.07732231434846124,-0.03486764228934444,0.1895122709862669,,within_group_loo,Neutral
34.0,ASD,0.07827197993905746,-0.03862896409059878,0.19517292396871372,,within_group_loo,Neutral
34.5,TD,0.10820497189155252,-0.0013514378497719304,0.21776138163287698,,within_group_loo,Neutral
34.5,ASD,-0.013849420766154518,-0.14626263594002206,0.11856379440771302,,within_group_loo,Neutral
35.0,TD,0.07052055250880722,-0.040282917658623074,0.1813240226762375,,within_group_loo,Neutral
35.0,ASD,-0.01190623814411718,-0.1499906442734856,0.12617816798525125,,within_group_loo,Neutral
35.5,TD,0.08155607145877036,-0.025911966499783876,0.18902410941732462,,within_group_loo,Neutral
35.5,ASD,-0.06538678691275794,-0.18196609738011882,0.05119252355460292,,within_group_loo,Neutral
36.0,TD,-0.02899206909437625,-0.11662969645773592,0.05864555826898342,,within_group_loo,Neutral
36.0,ASD,-0.12899569718067835,-0.24363092959138305,-0.014360464769973671,,within_group_loo,Neutral
36.5,TD,0.00772676903652222,-0.0998115554671906,0.11526509354023505,,within_group_loo,Neutral
36.5,ASD,0.03701668574660851,-0.07907906203460269,0.15311243352781972,,within_group_loo,Neutral
37.0,TD,-0.03157016413302521,-0.13539478193161592,0.07225445366556549,,within_group_loo,Neutral
37.0,ASD,0.04395665261674999,-0.080123127159543,0.168036432393043,,within_group_loo,Neutral
37.5,TD,-0.01693374721998099,-0.12165383729458669,0.08778634285462471,,within_group_loo,Neutral
37.5,ASD,0.025803775856971106,-0.10388019828845835,0.15548775000240056,,within_group_loo,Neutral
38.0,TD,-0.09113598559501122,-0.19617778101141564,0.013905809821393195,,within_group_loo,Neutral
38.0,ASD,-0.016951476120087253,-0.11735046826564123,0.08344751602546673,,within_group_loo,Neutral
38.5,TD,-0.01975272892146931,-0.12726789097515248,0.08776243313221387,,within_group_loo,Neutral
38.5,ASD,0.006334809736222894,-0.10849712443243145,0.12116674390487725,,within_group_loo,Neutral
39.0,TD,-0.021164216401070603,-0.10809454711897439,0.06576611431683317,,within_group_loo,Neutral
39.0,ASD,-0.01529993797245845,-0.1244868491748155,0.09388697322989861,,within_group_loo,Neutral
39.5,TD,0.036048832568849255,-0.07207110816783996,0.14416877330553848,,within_group_loo,Neutral
39.5,ASD,0.025311855729223003,-0.08113817360517886,0.13176188506362488,,within_group_loo,Neutral
40.0,TD,0.020982249089429084,-0.08689760473179009,0.12886210291064826,,within_group_loo,Neutral
40.0,ASD,0.04981723143306305,-0.05387982105537875,0.15351428392150485,,within_group_loo,Neutral
40.5,TD,0.07367448639522652,-0.027159014979389093,0.1745079877698421,,within_group_loo,Neutral
40.5,ASD,0.08641359411484419,-0.012529308196193481,0.18535649642588187,,within_group_loo,Neutral
41.0,TD,0.1042088549057059,-0.0015313574311881656,0.20994906724259998,,within_group_loo,Neutral
41.0,ASD,0.02734853946588508,-0.06000497886103517,0.11470205779280532,,within_group_loo,Neutral
41.5,TD,0.096437021396189,-0.016579086029595208,0.2094531288219732,,within_group_loo,Neutral
41.5,ASD,0.11472747817049848,0.00038051160723143185,0.22907444473376554,,within_group_loo,Neutral
42.0,TD,0.100935357978947,-0.012062194226374029,0.21393291018426802,,within_group_loo,Neutral
42.0,ASD,0.14729884521687608,0.02516791299761459,0.2694297774361376,,within_group_loo,Neutral
42.5,TD,0.002004214074832087,-0.09854524895139127,0.10255367710105545,,within_group_loo,Neutral
42.5,ASD,0.024905325256787715,-0.08303018293882752,0.13284083345240297,,within_group_loo,Neutral
43.0,TD,0.000555484907812599,-0.11788024095059323,0.11899121076621842,,within_group_loo,Neutral
43.0,ASD,-0.018297917066537998,-0.12082385538882957,0.08422802125575359,,within_group_loo,Neutral
43.5,TD,-0.049048911760858994,-0.15969760612984119,0.0615997826081232,,within_group_loo,Neutral
43.5,ASD,-0.001345085779043715,-0.12402560291395709,0.12133543135586966,,within_group_loo,Neutral
44.0,TD,-0.04100968243832339,-0.14228986345007982,0.060270498573433036,,within_group_loo,Neutral
44.0,ASD,-0.051659954079847636,-0.16977201309666884,0.06645210493697357,,within_group_loo,Neutral
44.5,TD,0.0358725931228933,-0.08657749530218636,0.15832268154797297,,within_group_loo,Neutral
44.5,ASD,-0.12045745813618008,-0.21291525124121657,-0.02799966503114358,,within_group_loo,Neutral
45.0,TD,0.03927325274530564,-0.06230546682984573,0.14085197232045701,,within_group_loo,Neutral
45.0,ASD,-0.03345189710679804,-0.13889588261131264,0.07199208839771658,,within_group_loo,Neutral
45.5,TD,0.07869454102752993,-0.038965849744907424,0.19635493179996727,,within_group_loo,Neutral
45.5,ASD,-0.03685965754862377,-0.14859672616092928,0.07487741106368176,,within_group_loo,Neutral
46.0,TD,0.07875745271698677,-0.052642898835568566,0.21015780426954211,,within_group_loo,Neutral
46.0,ASD,-0.03470889890940256,-0.15297464288461593,0.08355684506581082,,within_group_loo,Neutral
46.5,TD,0.04165226209025228,-0.06992138224788533,0.15322590642838987,,within_group_loo,Neutral
46.5,ASD,-0.14095576313440655,-0.23811223762141787,-0.043799288647395226,,within_group_loo,Neutral
47.0,TD,-0.018732440765202852,-0.11803343491643387,0.08056855338602817,,within_group_loo,Neutral
47.0,ASD,0.022400847305283793,-0.10605532977897009,0.15085702438953769,,within_group_loo,Neutral
47.5,TD,0.06751428889911215,-0.05553118360171022,0.19055976139993452,,within_group_loo,Neutral
47.5,ASD,0.005552937532451902,-0.12411597318582876,0.13522184825073255,,within_group_loo,Neutral
48.0,TD,0.04749547990684516,-0.07233594171611551,0.16732690152980584,,within_group_loo,Neutral
48.0,ASD,-0.05033305595410623,-0.16905716798056844,0.06839105607235599,,within_group_loo,Neutral
48.5,TD,0.06358662180938775,-0.04480696643351301,0.1719802100522885,,within_group_loo,Neutral
48.5,ASD,-0.14104776516478426,-0.2605431580475209,-0.021552372282047635,,within_group_loo,Neutral
49.0,TD,0.035550294005089536,-0.07244772000785708,0.14354830801803614,,within_group_loo,Neutral
49.0,ASD,-0.11522194594429988,-0.24456850849942005,0.01412461661082029,,within_group_loo,Neutral
49.5,TD,0.0993798264836507,-0.017432761532239438,0.21619241449954082,,within_group_loo,Neutral
49.5,ASD,-0.09763721560531836,-0.2188397504627736,0.023565319252136854,,within_group_loo,Neutral
50.0,TD,0.20282291998709567,0.0797650344878029,0.3258808054863884,,within_group_loo,Neutral
50.0,ASD,-0.22201409336135305,-0.3216963998080208,-0.12233178691468534,,within_group_loo,Neutral
50.5,TD,0.18047944731231066,0.06232835753970599,0.2986305370849153,,within_group_loo,Neutral
50.5,ASD,-0.14459068849989307,-0.25426762602927566,-0.03491375097051046,,within_group_loo,Neutral
51.0,TD,0.09964895929044355,-0.007812003255654704,0.2071099218365418,,within_group_loo,Neutral
51.0,ASD,0.02462011343930606,-0.09795459213132172,0.14719481900993384,,within_group_loo,Neutral
51.5,TD,0.05816190264244179,-0.039097820308344695,0.15542162559322828,,within_group_loo,Neutral
51.5,ASD,0.0230116158694182,-0.10061681564685762,0.14664004738569403,,within_group_loo,Neutral
52.0,TD,0.19994075717600904,0.08305210536508749,0.31682940898693057,,within_group_loo,Neutral
52.0,ASD,-0.014669791149010734,-0.12519736117182761,0.09585777887380616,,within_group_loo,Neutral
52.5,TD,0.09945948949201956,-0.020179108106580496,0.21909808709061962,,within_group_loo,Neutral
52.5,ASD,-0.05583301476791053,-0.1556620100729239,0.04399598053710284,,within_group_loo,Neutral
53.0,TD,0.10002984659339781,-0.005385128201115627,0.20544482138791126,,within_group_loo,Neutral
53.0,ASD,-0.05119539675555705,-0.17226204561057668,0.06987125209946259,,within_group_loo,Neutral
53.5,TD,0.09468566934198903,-0.014155463517083078,0.20352680220106115,,within_group_loo,Neutral
53.5,ASD,0.06190003161608478,-0.04554505961902463,0.16934512285119419,,within_group_loo,Neutral
54.0,TD,0.14750179607457845,0.026312373679987955,0.26869121846916894,,within_group_loo,Neutral
54.0,ASD,0.22665103874837103,0.11051646913327692,0.34278560836346517,,within_group_loo,Neutral
54.5,TD,0.09556362716866264,-0.010987549485755449,0.20211480382308072,,within_group_loo,Neutral
54.5,ASD,0.23321204788343936,0.11653369622443786,0.34989039954244083,,within_group_loo,Neutral
55.0,TD,0.19231763333587895,0.08402738501517187,0.30060788165658603,,within_group_loo,Neutral
55.0,ASD,0.19889342467934193,0.09158599661150987,0.306200852747174,,within_group_loo,Neutral
55.5,TD,0.1918109256437647,0.08229466356108961,0.3013271877264398,,within_group_loo,Neutral
55.5,ASD,0.08197815639428072,-0.016714685304102153,0.18067099809266357,,within_group_loo,Neutral
56.0,TD,0.156339131599829,0.05846330674694368,0.25421495645271436,,within_group_loo,Neutral
56.0,ASD,0.0831188477890825,-0.031276779013977074,0.19751447459214208,,within_group_loo,Neutral
56.5,TD,0.058852174513324584,-0.030465455433143912,0.14816980445979308,,within_group_loo,Neutral
56.5,ASD,0.10604576101739464,-0.0036883760303980523,0.21577989806518733,,within_group_loo,Neutral
57.0,TD,0.06788085061221301,-0.023935416428353812,0.15969711765277983,,within_group_loo,Neutral
57.0,ASD,0.16979727664924021,0.04494484701959191,0.29464970627888853,,within_group_loo,Neutral
57.5,TD,0.009701095149457382,-0.09416304745775755,0.11356523775667232,,within_group_loo,Neutral
57.5,ASD,0.18114789255336272,0.07471171318453146,0.287584071922194,,within_group_loo,Neutral
58.0,TD,0.07389155610999291,-0.044468786268228935,0.19225189848821478,,within_group_loo,Neutral
58.0,ASD,0.1975981289212345,0.08124527690334199,0.313950980939127,,within_group_loo,Neutral
58.5,TD,0.0879676325939307,-0.03400843201667568,0.2099436972045371,,within_group_loo,Neutral
58.5,ASD,0.1866887884142227,0.06437057203342521,0.3090070047950202,,within_group_loo,Neutral
59.0,TD,0.0739042736628328,-0.03042813522250236,0.17823668254816794,,within_group_loo,Neutral
59.0,ASD,0.19927715002301827,0.08473263304811353,0.313821666997923,,within_group_loo,Neutral
59.5,TD,0.05386462287474128,-0.06140452075830424,0.1691337665077868,,within_group_loo,Neutral
59.5,ASD,0.08913206842149791,-0.02386697579062974,0.20213111263362557,,within_group_loo,Neutral
60.0,TD,0.07165061769041002,-0.046927953602435846,0.1902291889832559,,within_group_loo,Neutral
60.0,ASD,0.1035105636842387,-0.019144551421987607,0.226165678790465,,within_group_loo,Neutral
60.5,TD,0.12398600533256048,0.016803752705982708,0.23116825795913826,,within_group_loo,Neutral
60.5,ASD,0.17202237499716586,0.06136079099457141,0.2826839589997603,,within_group_loo,Neutral
61.0,TD,0.05778254722202911,-0.05279367280802914,0.16835876725208737,,within_group_loo,Neutral
61.0,ASD,0.102548261005114,-0.02994809698796741,0.2350446189981954,,within_group_loo,Neutral
61.5,TD,0.09161567109428903,-0.01925660310916691,0.20248794529774497,,within_group_loo,Neutral
61.5,ASD,0.09984904707441938,-0.027055456931440708,0.22675355108027948,,within_group_loo,Neutral
62.0,TD,0.0985659822512741,-0.012123708668586766,0.20925567317113497,,within_group_loo,Neutral
62.0,ASD,0.0058185607744588065,-0.10926781704664881,0.12090493859556642,,within_group_loo,Neutral
62.5,TD,0.18180248506224764,0.07663097762133923,0.28697399250315603,,within_group_loo,Neutral
62.5,ASD,0.18999339642627228,0.0722977158115187,0.3076890770410259,,within_group_loo,Neutral
63.0,TD,0.1154158778775601,0.003607417485994552,0.22722433826912564,,within_group_loo,Neutral
63.0,ASD,0.21960117333622223,0.09924646034940598,0.33995588632303847,,within_group_loo,Neutral
63.5,TD,0.11106289069321969,0.00919443450807976,0.21293134687835963,,within_group_loo,Neutral
63.5,ASD,0.1550582269764886,0.029183432064606912,0.2809330218883703,,within_group_loo,Neutral
64.0,TD,0.10591898829096354,0.009163228962926706,0.20267474761900037,,within_group_loo,Neutral
64.0,ASD,0.10886879516823975,0.0027791451411910417,0.21495844519528845,,within_group_loo,Neutral
64.5,TD,0.12858246961612216,0.021864753180348695,0.23530018605189562,,within_group_loo,Neutral
64.5,ASD,0.013880303930011691,-0.09847920582617353,0.1262398136861969,,within_group_loo,Neutral
65.0,TD,0.12774768423469451,0.01732810485461965,0.23816726361476936,,within_group_loo,Neutral
65.0,ASD,0.023218376470254484,-0.08840534871995123,0.1348421016604602,,within_group_loo,Neutral
65.5,TD,0.20712964848511772,0.09434522948221477,0.31991406748802065,,within_group_loo,Neutral
65.5,ASD,-0.07936254046025985,-0.18540452491017828,0.02667944398965856,,within_group_loo,Neutral
66.0,TD,0.14459469943134176,0.015771396403873372,0.27341800245881015,,within_group_loo,Neutral
66.0,ASD,-0.037207427454846516,-0.16082904153008273,0.08641418662038972,,within_group_loo,Neutral
66.5,TD,0.0751060450267212,-0.04640138541452715,0.19661347546796956,,within_group_loo,Neutral
66.5,ASD,-0.004456210812086946,-0.1251716839474092,0.11625926232323533,,within_group_loo,Neutral
67.0,TD,0.12030197338379867,0.007439547506808253,0.23316439926078908,,within_group_loo,Neutral
67.0,ASD,-0.04416213197705032,-0.1591086753468513,0.07078441139275067,,within_group_loo,Neutral
67.5,TD,0.2540506922854286,0.144584211239271,0.3635171733315862,,within_group_loo,Neutral
67.5,ASD,0.04392236317133624,-0.06293089725953387,0.15077562360220637,,within_group_loo,Neutral
68.0,TD,0.2096952784968643,0.096177965788332,0.32321259120539664,,within_group_loo,Neutral
68.0,ASD,0.13997021744084945,0.025212695383177816,0.25472773949852107,,within_group_loo,Neutral
68.5,TD,0.18683913006081299,0.07902786756255459,0.2946503925590714,,within_group_loo,Neutral
68.5,ASD,0.14074841843905245,0.01161066872036301,0.2698861681577419,,within_group_loo,Neutral
69.0,TD,0.15290394578589597,0.033512174102792947,0.272295717468999,,within_group_loo,Neutral
69.0,ASD,0.106301685752895,-0.011941309256426058,0.22454468076221606,,within_group_loo,Neutral
69.5,TD,0.13922862611367917,0.018724570082212136,0.2597326821451462,,within_group_loo,Neutral
69.5,ASD,-0.06737893967328432,-0.1821424720438499,0.047384592697281264,,within_group_loo,Neutral
70.0,TD,0.0031788802939072456,-0.09884497335692113,0.10520273394473562,,within_group_loo,Pain-related
70.0,ASD,-0.04703292175631607,-0.15982890370909075,0.06576306019645863,,within_group_loo,Pain-related
70.5,TD,0.05427945559028937,-0.05284918423837046,0.1614080954189492,,within_group_loo,Pain-related
70.5,ASD,-0.09237466584303346,-0.20312734831709417,0.01837801663102724,,within_group_loo,Pain-related
71.0,TD,0.1036239724403722,-0.011530197874832226,0.21877814275557664,,within_group_loo,Pain-related
71.0,ASD,0.03686925511948618,-0.079814150171542,0.15355266041051435,,within_group_loo,Pain-related
71.5,TD,0.11813530734185101,0.0019517125542754116,0.23431890212942663,,within_group_loo,Pain-related
71.5,ASD,0.07846018922217063,-0.045045058345808964,0.20196543679015022,,within_group_loo,Pain-related
72.0,TD,0.1938582661903284,0.09049967120840173,0.29721686117225504,,within_group_loo,Pain-related
72.0,ASD,0.1099209444183586,-0.006853642310190672,0.22669553114690788,,within_group_loo,Pain-related
72.5,TD,0.29511450990895677,0.19289852483430575,0.3973304949836078,,within_group_loo,Pain-related
72.5,ASD,0.16072869809243062,0.03811486960799246,0.28334252657686876,,within_group_loo,Pain-related
73.0,TD,0.28516200277667947,0.18383117613740957,0.38649282941594937,,within_group_loo,Pain-related
73.0,ASD,0.17767705539019957,0.050742780622102523,0.3046113301582966,,within_group_loo,Pain-related
73.5,TD,0.26643933536873715,0.1748570596431162,0.3580216110943581,,within_group_loo,Neutral
73.5,ASD,0.10235561644561214,-0.010070642273275143,0.21478187516449943,,within_group_loo,Neutral
74.0,TD,0.09440645598650978,-0.015350407431664298,0.20416331940468385,,within_group_loo,Neutral
74.0,ASD,-0.004583065886000051,-0.11702925539375154,0.10786312362175145,,within_group_loo,Neutral
74.5,TD,0.11742043300862282,0.0031621417736223956,0.23167872424362324,,within_group_loo,Neutral
74.5,ASD,0.006527944137885477,-0.10318734058539485,0.1162432288611658,,within_group_loo,Neutral
75.0,TD,0.11423197861026729,0.00029177929696605487,0.22817217792356853,,within_group_loo,Neutral
75.0,ASD,-0.02529958770391664,-0.11628174321879098,0.06568256781095771,,within_group_loo,Neutral
75.5,TD,0.07161624004336138,-0.030980663335469324,0.17421314342219207,,within_group_loo,Neutral
75.5,ASD,-0.176526690480706,-0.2602497162570211,-0.09280366470439086,,within_group_loo,Neutral
76.0,TD,0.19116433998979557,0.08228854228328909,0.30004013769630206,,within_group_loo,Neutral
76.0,ASD,-0.15944831595929293,-0.26531976548760294,-0.0535768664309829,,within_group_loo,Neutral
76.5,TD,0.1718410502088421,0.059564780375411824,0.2841173200422724,,within_group_loo,Neutral
76.5,ASD,-0.11911740385476134,-0.23387504180551555,-0.004359765904007121,,within_group_loo,Neutral
77.0,TD,0.18879958995961862,0.07509524122343099,0.3025039386958063,,within_group_loo,Neutral
77.0,ASD,-0.006051352264035634,-0.11772773815909796,0.10562503363102668,,within_group_loo,Neutral
77.5,TD,0.1615646378028981,0.06357854258044195,0.25955073302535425,,within_group_loo,Neutral
77.5,ASD,-0.0026301622234278757,-0.12697625504687526,0.1217159306000195,,within_group_loo,Neutral
78.0,TD,0.1648971133634928,0.0536444818481492,0.2761497448788364,,within_group_loo,Neutral
78.0,ASD,0.00639446866494339,-0.11806618372457187,0.13085512105445865,,within_group_loo,Neutral
78.5,TD,0.09271993322492149,-0.02333373357297687,0.20877360002281986,,within_group_loo,Neutral
78.5,ASD,0.030641682885174833,-0.08515024920752465,0.14643361497787433,,within_group_loo,Neutral
79.0,TD,0.14031020845751485,0.03360920636338552,0.24701121055164418,,within_group_loo,Neutral
79.0,ASD,0.08352542097793478,-0.019442603320249968,0.18649344527611952,,within_group_loo,Neutral
79.5,TD,0.19438549044761402,0.08365512379810784,0.3051158570971202,,within_group_loo,Neutral
79.5,ASD,0.12419666873678155,0.00624831811343593,0.24214501936012717,,within_group_loo,Neutral
80.0,TD,0.2516726151523578,0.1358768868782874,0.3674683434264282,,within_group_loo,Neutral
80.0,ASD,0.09882514673668488,-0.027447341395557684,0.22509763486892745,,within_group_loo,Neutral
80.5,TD,0.20697487631876124,0.09895647774011991,0.3149932748974026,,within_group_loo,Neutral
80.5,ASD,0.10927391730606374,-0.0030285443215056496,0.22157637893363313,,within_group_loo,Neutral
81.0,TD,0.12302543645622682,0.014633110314569972,0.23141776259788366,,within_group_loo,Neutral
81.0,ASD,0.13476060233977977,0.005950582436674096,0.2635706222428854,,within_group_loo,Neutral
81.5,TD,0.14048529794372597,0.019604583668588457,0.26136601221886346,,within_group_loo,Neutral
81.5,ASD,0.13544077151475015,0.006427641647201027,0.2644539013822993,,within_group_loo,Neutral
82.0,TD,0.12159538399509695,0.0041968970318912585,0.23899387095830266,,within_group_loo,Neutral
82.0,ASD,0.07110129584804435,-0.04647989789633329,0.188682489592422,,within_group_loo,Neutral
82.5,TD,0.02188420435499912,-0.09407587364438856,0.1378442823543868,,within_group_loo,Neutral
82.5,ASD,0.01660484391864758,-0.10872975824040498,0.14193944607770015,,within_group_loo,Neutral
83.0,TD,-0.05935466930156896,-0.1675304184231395,0.048821079820001584,,within_group_loo,Neutral
83.0,ASD,-0.054936286483760484,-0.16869023677590686,0.0588176638083859,,within_group_loo,Neutral
83.5,TD,-0.04551746196520945,-0.16132043883236363,0.07028551490194472,,within_group_loo,Neutral
83.5,ASD,-0.09337275451775588,-0.1902853869207414,0.0035398778852296364,,within_group_loo,Neutral
84.0,TD,-0.021074143245408312,-0.12725407357179505,0.08510578708097842,,within_group_loo,Neutral
84.0,ASD,-0.15081076751282937,-0.2503130861401911,-0.05130844888546762,,within_group_loo,Neutral
84.5,TD,0.02015169301785726,-0.09705254800404543,0.13735593403975996,,within_group_loo,Neutral
84.5,ASD,0.018034275461480887,-0.08369116482575246,0.11975971574871423,,within_group_loo,Neutral
85.0,TD,0.011828880849775306,-0.10098095921563296,0.12463872091518358,,within_group_loo,Neutral
85.0,ASD,0.015899124344209186,-0.0663277554067327,0.09812600409515108,,within_group_loo,Neutral
85.5,TD,0.039093020727510176,-0.08089801396771262,0.159084055422733,,within_group_loo,Neutral
85.5,ASD,0.07264230113291961,-0.03133977398914245,0.17662437625498167,,within_group_loo,Neutral
86.0,TD,0.06962095806210394,-0.05854877740385314,0.19779069352806103,,within_group_loo,Neutral
86.0,ASD,0.1675433163873678,0.04953828104472391,0.2855483517300117,,within_group_loo,Neutral
86.5,TD,0.0914235140071789,-0.03348549534742473,0.21633252336178252,,within_group_loo,Mentalizing
86.5,ASD,0.1853952280572056,0.06289908160633918,0.307891374508072,,within_group_loo,Mentalizing
87.0,TD,0.06750802177990345,-0.03861589477602301,0.1736319383358299,,within_group_loo,Mentalizing
87.0,ASD,0.10361665074759885,-0.006696462214321824,0.21392976370951952,,within_group_loo,Mentalizing
87.5,TD,0.07426051808899065,-0.035336122629849226,0.18385715880783052,,within_group_loo,Neutral
87.5,ASD,0.13389395469126994,0.01627114736015413,0.25151676202238576,,within_group_loo,Neutral
88.0,TD,0.06529859684133317,-0.04889493743672729,0.17949213111939363,,within_group_loo,Neutral
88.0,ASD,0.14883632649748177,0.024656469398327677,0.2730161835966359,,within_group_loo,Neutral
88.5,TD,0.1896166488375394,0.0878881899272916,0.2913451077477872,,within_group_loo,Neutral
88.5,ASD,0.10974104235799256,-0.012725927709899207,0.23220801242588435,,within_group_loo,Neutral
89.0,TD,0.1536821875927336,0.051350393158122246,0.256013982027345,,within_group_loo,Mentalizing
89.0,ASD,-0.015583071841819882,-0.13056736051687318,0.09940121683323341,,within_group_loo,Mentalizing
89.5,TD,0.1418569796380513,0.04726172208885676,0.23645223718724584,,within_group_loo,Mentalizing
89.5,ASD,-0.04492644047736335,-0.17602524392610855,0.08617236297138184,,within_group_loo,Mentalizing
90.0,TD,0.14797286780159866,0.06213111640262352,0.23381461920057378,,within_group_loo,Neutral
90.0,ASD,-0.09252739525263548,-0.19457748782740525,0.009522697322134302,,within_group_loo,Neutral
90.5,TD,0.04658085025759471,-0.052233229688555434,0.14539493020374486,,within_group_loo,Neutral
90.5,ASD,-0.06960760357577675,-0.18332398324515198,0.04410877609359848,,within_group_loo,Neutral
91.0,TD,0.015490751146132789,-0.08684607020051839,0.11782757249278396,,within_group_loo,Neutral
91.0,ASD,-0.027817126593836315,-0.1503747884803488,0.09474053529267618,,within_group_loo,Neutral
91.5,TD,0.03943510903012253,-0.06965316070971839,0.14852337876996344,,within_group_loo,Neutral
91.5,ASD,-0.030404146015244396,-0.1541452245380972,0.09333693250760842,,within_group_loo,Neutral
92.0,TD,0.10391690055077757,-0.007823131340041464,0.21565693244159662,,within_group_loo,Pain-related
92.0,ASD,-0.009509210339179085,-0.1061260880111837,0.08710766733282552,,within_group_loo,Pain-related
92.5,TD,0.1381555030486522,0.02307460167217039,0.253236404425134,,within_group_loo,Pain-related
92.5,ASD,0.06726540806890507,-0.05152106245127894,0.1860518785890891,,within_group_loo,Pain-related
93.0,TD,0.11791133857631209,0.011441182499677724,0.22438149465294643,,within_group_loo,Pain-related
93.0,ASD,0.14090044284419068,0.020417083932235097,0.2613838017561463,,within_group_loo,Pain-related
93.5,TD,0.1945106514257646,0.08374788000834163,0.3052734228431876,,within_group_loo,Neutral
93.5,ASD,0.1566465861451876,0.0576680736501308,0.2556250986402444,,within_group_loo,Neutral
94.0,TD,0.24274073825478518,0.1248286395872002,0.36065283692237016,,within_group_loo,Neutral
94.0,ASD,0.3279244557841077,0.22081666304651987,0.4350322485216956,,within_group_loo,Neutral
94.5,TD,0.20740109080877164,0.09581804055310673,0.31898414106443657,,within_group_loo,Neutral
94.5,ASD,0.3217159313501481,0.21363194078996195,0.4297999219103342,,within_group_loo,Neutral
95.0,TD,0.32266545235995037,0.21813409624212116,0.4271968084777796,,within_group_loo,Neutral
95.0,ASD,0.2857706814349537,0.18968066389615973,0.3818606989737477,,within_group_loo,Neutral
95.5,TD,0.46249834136632967,0.3612451073518547,0.5637515753808047,,within_group_loo,Neutral
95.5,ASD,0.17161018262914834,0.0674271141403634,0.2757932511179333,,within_group_loo,Neutral
96.0,TD,0.4419345139962371,0.3485231619262065,0.5353458660662677,,within_group_loo,Neutral
96.0,ASD,0.23045475236777407,0.11615888156582824,0.34475062316971994,,within_group_loo,Neutral
96.5,TD,0.29621759216228527,0.204482346253292,0.38795283807127856,,within_group_loo,Neutral
96.5,ASD,0.1367492664285389,0.01141838045068383,0.262080152406394,,within_group_loo,Neutral
97.0,TD,0.17908502768300216,0.06349238930310559,0.29467766606289875,,within_group_loo,Neutral
97.0,ASD,0.09558252647937811,-0.04591103446207066,0.23707608742082686,,within_group_loo,Neutral
97.5,TD,0.2458115173357512,0.1287331697898611,0.3628898648816413,,within_group_loo,Neutral
97.5,ASD,0.10623542542657058,-0.007150923385085009,0.21962177423822615,,within_group_loo,Neutral
98.0,TD,0.18500384789383761,0.0659537543830107,0.3040539414046645,,within_group_loo,Mentalizing
98.0,ASD,0.10484885519039505,-0.01910319865904625,0.22880090903983635,,within_group_loo,Mentalizing
98.5,TD,0.10768430306613717,-0.007507301413760548,0.2228759075460349,,within_group_loo,Mentalizing
98.5,ASD,0.11090200339405021,-0.013426631467219396,0.2352306382553198,,within_group_loo,Mentalizing
99.0,TD,0.04002693605575026,-0.06356661764206234,0.14362048975356284,,within_group_loo,Mentalizing
99.0,ASD,0.07220436576818248,-0.035460289326241984,0.17986902086260695,,within_group_loo,Mentalizing
99.5,TD,-0.017672154890444984,-0.1042144715802189,0.06887016179932892,,within_group_loo,Mentalizing
99.5,ASD,-0.15487025021670853,-0.2701067378244537,-0.03963376260896333,,within_group_loo,Mentalizing
100.0,TD,-0.022193987753077602,-0.10964786906734035,0.06525989356118515,,within_group_loo,Neutral
100.0,ASD,-0.19711244643763665,-0.30889217770542343,-0.08533271516984983,,within_group_loo,Neutral
100.5,TD,-0.08709808291214137,-0.1903153341899037,0.016119168365620953,,within_group_loo,Mentalizing
100.5,ASD,-0.051265160191702325,-0.16359634492948233,0.06106602454607768,,within_group_loo,Mentalizing
101.0,TD,-0.10750869130041484,-0.21127777124827413,-0.0037396113525555302,,within_group_loo,Mentalizing
101.0,ASD,-0.058918138667607776,-0.16742032227636733,0.04958404494115178,,within_group_loo,Mentalizing
101.5,TD,0.053406113523124125,-0.04660102273303771,0.15341324977928597,,within_group_loo,Mentalizing
101.5,ASD,-0.004656504668406497,-0.11040522563523225,0.10109221629841925,,within_group_loo,Mentalizing
102.0,TD,0.06926675573444303,-0.0363206474217896,0.17485415889067568,,within_group_loo,Neutral
102.0,ASD,0.013086105381786757,-0.10472893901059482,0.13090114977416833,,within_group_loo,Neutral
102.5,TD,0.08229281665967261,-0.02853316276068195,0.1931187960800272,,within_group_loo,Mentalizing
102.5,ASD,0.026379506965961495,-0.0970845531743344,0.14984356710625737,,within_group_loo,Mentalizing
103.0,TD,0.10449778217934629,-0.008355413562135663,0.21735097792082825,,within_group_loo,Neutral
103.0,ASD,-0.06955440534487344,-0.18008171384685726,0.040972903157110385,,within_group_loo,Neutral
103.5,TD,0.07692471229511542,-0.045443306077531095,0.19929273066776193,,within_group_loo,Mentalizing
103.5,ASD,-0.18255696039285596,-0.27473361396719265,-0.09038030681851927,,within_group_loo,Mentalizing
104.0,TD,0.00804363469919316,-0.09673322793792401,0.11282049733631032,,within_group_loo,Neutral
104.0,ASD,-0.00020984536526775686,-0.12969638868720765,0.12927669795667215,,within_group_loo,Neutral
104.5,TD,0.08782901369776798,-0.03245389941366719,0.20811192680920315,,within_group_loo,Neutral
104.5,ASD,0.05751590564217523,-0.08489928539308914,0.1999310966774396,,within_group_loo,Neutral
105.0,TD,0.18377340967736952,0.06328109055176533,0.3042657288029737,,within_group_loo,Neutral
105.0,ASD,0.029921665757316827,-0.09109861188313631,0.15094194339776995,,within_group_loo,Neutral
105.5,TD,0.12750940934436727,0.010166927391473138,0.24485189129726143,,within_group_loo,Neutral
105.5,ASD,0.021687939029974925,-0.09102157298759134,0.1343974510475412,,within_group_loo,Neutral
106.0,TD,0.07634460091637081,-0.025987859211281286,0.17867706104402292,,within_group_loo,Neutral
106.0,ASD,0.057261651729857976,-0.061180525038272066,0.17570382849798802,,within_group_loo,Neutral
106.5,TD,0.04480002883459682,-0.06326999407493344,0.15287005174412707,,within_group_loo,Pain-related
106.5,ASD,0.03240153053921963,-0.07894145938676747,0.14374452046520672,,within_group_loo,Pain-related
107.0,TD,0.022172215617942304,-0.06899335113455804,0.11333778237044265,,within_group_loo,Neutral
107.0,ASD,0.03739370070936037,-0.09470347444464286,0.16949087586336362,,within_group_loo,Neutral
107.5,TD,0.08985574280514912,-0.021128690023307015,0.20084017563360523,,within_group_loo,Neutral
107.5,ASD,0.03578462308194847,-0.0769186051563382,0.14848785132023512,,within_group_loo,Neutral
108.0,TD,0.1467080825556629,0.027334943603701492,0.2660812215076243,,within_group_loo,Neutral
108.0,ASD,0.016637483263303218,-0.09294812063377034,0.12622308716037678,,within_group_loo,Neutral
108.5,TD,0.1398494075824475,0.034575255340992636,0.24512355982390233,,within_group_loo,Pain-related
108.5,ASD,0.02123433349060597,-0.0995482002226579,0.14201686720386983,,within_group_loo,Pain-related
109.0,TD,0.10830154498028245,-0.006471639419945427,0.22307472938051032,,within_group_loo,Neutral
109.0,ASD,0.023837517904666535,-0.0847774197781687,0.13245245558750177,,within_group_loo,Neutral
109.5,TD,0.0841599750447707,-0.04519440314020483,0.2135143532297462,,within_group_loo,Pain-related
109.5,ASD,-0.018768246991752422,-0.1428703974444011,0.10533390346089626,,within_group_loo,Pain-related
110.0,TD,0.11352116187956356,0.013314499856751788,0.21372782390237532,,within_group_loo,Neutral
110.0,ASD,0.059948032197380235,-0.03812597670507928,0.15802204109983975,,within_group_loo,Neutral
110.5,TD,0.12742315952745595,0.02108827662510976,0.23375804242980214,,within_group_loo,Neutral
110.5,ASD,0.06501634573860855,-0.03994199128354263,0.16997468276075972,,within_group_loo,Neutral
111.0,TD,0.12862036800881946,0.017882476519454973,0.23935825949818396,,within_group_loo,Neutral
111.0,ASD,0.05891055039079936,-0.04021716650278791,0.15803826728438664,,within_group_loo,Neutral
111.5,TD,0.16539901117574193,0.06303113695593829,0.2677668853955456,,within_group_loo,Neutral
111.5,ASD,0.03476914889574771,-0.053775359036457665,0.12331365682795309,,within_group_loo,Neutral
112.0,TD,0.12130744102758718,0.032254141017856564,0.2103607410373178,,within_group_loo,Neutral
112.0,ASD,-0.008609836876779343,-0.12105420311744133,0.10383452936388265,,within_group_loo,Neutral
112.5,TD,0.1249888665513116,0.03319354109418514,0.21678419200843807,,within_group_loo,Neutral
112.5,ASD,0.0001077140400989834,-0.12848803269040876,0.12870346077060674,,within_group_loo,Neutral
113.0,TD,0.08110726867262744,-0.0008387655102235075,0.16305330285547837,,within_group_loo,Neutral
113.0,ASD,0.033948910512507834,-0.07732746136724877,0.14522528239226443,,within_group_loo,Neutral
113.5,TD,0.2099772589976824,0.0962359400658224,0.3237185779295424,,within_group_loo,Neutral
113.5,ASD,0.0647200271734814,-0.0580833414614675,0.1875233958084303,,within_group_loo,Neutral
114.0,TD,0.1341362739118456,0.012672181707807331,0.2556003661158839,,within_group_loo,Neutral
114.0,ASD,0.07642434629953461,-0.03137622835421387,0.18422492095328308,,within_group_loo,Neutral
114.5,TD,0.11662864887855183,0.0035245553447755956,0.22973274241232805,,within_group_loo,Neutral
114.5,ASD,0.10636756840515522,-0.011411101578837776,0.2241462383891482,,within_group_loo,Neutral
115.0,TD,0.10440952260919582,-0.01098748073746611,0.21980652595585776,,within_group_loo,Neutral
115.0,ASD,0.12650161501333088,-0.002665323317949525,0.25566855334461125,,within_group_loo,Neutral
115.5,TD,0.15530711647642412,0.023850543567708077,0.2867636893851402,,within_group_loo,Neutral
115.5,ASD,0.14013472746334069,0.0202092392591441,0.2600602156675373,,within_group_loo,Neutral
116.0,TD,0.11710280743161662,-0.013636802479592577,0.2478424173428258,,within_group_loo,Neutral
116.0,ASD,0.051507226707115786,-0.04343422861672841,0.14644868203095998,,within_group_loo,Neutral
116.5,TD,0.020474240541587346,-0.09349291968366234,0.13444140076683703,,within_group_loo,Neutral
116.5,ASD,0.08907853737692323,-0.0321051670542189,0.21026224180806535,,within_group_loo,Neutral
117.0,TD,0.12851762266327796,0.021820874638867296,0.23521437068768863,,within_group_loo,Neutral
117.0,ASD,0.17715619325945495,0.049970698382636736,0.30434168813627316,,within_group_loo,Neutral
117.5,TD,0.33059540903580736,0.22412442544818126,0.4370663926234335,,within_group_loo,Neutral
117.5,ASD,0.27702671872797036,0.17090467593413014,0.38314876152181054,,within_group_loo,Neutral
118.0,TD,0.3158106717589495,0.21105764762093548,0.4205636958969635,,within_group_loo,Neutral
118.0,ASD,0.18372133919886152,0.072592873454644,0.29484980494307905,,within_group_loo,Neutral
118.5,TD,0.27614881239974115,0.17457378059839448,0.37772384420108784,,within_group_loo,Neutral
118.5,ASD,0.1830881104840379,0.07252572488918649,0.29365049607888927,,within_group_loo,Neutral
119.0,TD,0.17509903172366711,0.06649636785967082,0.2837016955876634,,within_group_loo,Neutral
119.0,ASD,0.15650699361408651,0.04022395340162277,0.27279003382655026,,within_group_loo,Neutral
119.5,TD,0.23241876926660368,0.11888040352844875,0.3459571350047586,,within_group_loo,Neutral
119.5,ASD,0.1561348999416125,0.035789097706284745,0.27648070217694026,,within_group_loo,Neutral
120.0,TD,0.14361526428890087,0.03413048813893822,0.2531000404388635,,within_group_loo,Neutral
120.0,ASD,0.02360174363713853,-0.09011851169767282,0.13732199897194988,,within_group_loo,Neutral
120.5,TD,0.0792631376150606,-0.02596182177842478,0.18448809700854596,,within_group_loo,Neutral
120.5,ASD,-0.08403570007301285,-0.20064072148904633,0.03256932134302061,,within_group_loo,Neutral
121.0,TD,0.12069083413812563,0.0118449550815872,0.22953671319466407,,within_group_loo,Neutral
121.0,ASD,-0.042056016012619615,-0.15009539730946642,0.06598336528422719,,within_group_loo,Neutral
121.5,TD,0.10164337367561789,-0.024719507449204217,0.22800625480044,,within_group_loo,Mentalizing
121.5,ASD,-0.05207766491395864,-0.1520890722246625,0.04793374239674521,,within_group_loo,Mentalizing
122.0,TD,0.08496247332864544,-0.029100668737171764,0.19902561539446265,,within_group_loo,Mentalizing
122.0,ASD,0.0786486397454427,-0.031040566635191627,0.188337846126077,,within_group_loo,Mentalizing
122.5,TD,-0.17232896128339512,-0.25267868379326625,-0.09197923877352397,,within_group_loo,Neutral
122.5,ASD,0.08200944395459507,-0.024204596163339337,0.18822348407252948,,within_group_loo,Neutral
123.0,TD,0.17873829608299116,0.07173527136913747,0.28574132079684483,,within_group_loo,Mentalizing
123.0,ASD,0.17539917391454543,0.06355766928804153,0.28724067854104934,,within_group_loo,Mentalizing
123.5,TD,0.2871484845892201,0.1718940913155078,0.4024028778629324,,within_group_loo,Mentalizing
123.5,ASD,0.1870095290290095,0.06781120751307396,0.30620785054494504,,within_group_loo,Mentalizing
124.0,TD,0.2747114829126431,0.15681071847408368,0.3926122473512025,,within_group_loo,Neutral
124.0,ASD,0.1711232251417657,0.04782601896806514,0.29442043131546625,,within_group_loo,Neutral
124.5,TD,0.3108383963842678,0.2049720890948336,0.416704703673702,,within_group_loo,Neutral
124.5,ASD,0.1021033505913557,-0.008097968304366043,0.21230466948707744,,within_group_loo,Neutral
125.0,TD,0.34455009051488333,0.22546601216433837,0.4636341688654283,,within_group_loo,Neutral
125.0,ASD,0.13806106193175857,0.006968297968473175,0.269153825895044,,within_group_loo,Neutral
125.5,TD,0.3583476315150624,0.2430216280673013,0.47367363496282344,,within_group_loo,Neutral
125.5,ASD,0.17412080870261726,0.041559100202073596,0.3066825172031609,,within_group_loo,Neutral
126.0,TD,0.29772979373170977,0.1958854512766811,0.3995741361867384,,within_group_loo,Neutral
126.0,ASD,0.12287241007238923,-0.0004901533776666273,0.2462349735224451,,within_group_loo,Neutral
126.5,TD,0.19954848096865316,0.08395888168985541,0.31513808024745094,,within_group_loo,Neutral
126.5,ASD,0.0661096866839806,-0.06053202496838059,0.19275139833634178,,within_group_loo,Neutral
127.0,TD,0.19642745137607645,0.08188696279564507,0.31096793995650784,,within_group_loo,Neutral
127.0,ASD,0.09286254299101336,-0.03723419213092065,0.22295927811294736,,within_group_loo,Neutral
127.5,TD,0.12416052885948765,0.014118434478771383,0.2342026232402039,,within_group_loo,Neutral
127.5,ASD,0.0891631443735562,-0.03539513640371393,0.21372142515082632,,within_group_loo,Neutral
128.0,TD,0.09122460263155541,-0.008548154647914669,0.19099735991102548,,within_group_loo,Neutral
128.0,ASD,-0.03192991829943461,-0.1336879430367105,0.06982810643784126,,within_group_loo,Neutral
128.5,TD,0.13031196807459802,0.014408464944950461,0.24621547120424558,,within_group_loo,Neutral
128.5,ASD,-0.2813029883542785,-0.3718239905165694,-0.19078198619198766,,within_group_loo,Neutral
129.0,TD,0.13747036445340108,0.009616151908181936,0.2653245769986202,,within_group_loo,Neutral
129.0,ASD,-0.12483652376784048,-0.22976381619200645,-0.019909231343674505,,within_group_loo,Neutral
129.5,TD,0.10146070724468674,-0.008863743891171186,0.21178515838054468,,within_group_loo,Neutral
129.5,ASD,-0.05901276339434447,-0.18573829361963956,0.06771276683095062,,within_group_loo,Neutral
130.0,TD,0.09529249410962153,-0.021972664991051327,0.21255765321029438,,within_group_loo,Neutral
130.0,ASD,-0.06964647312564129,-0.17764745139374238,0.03835450514245982,,within_group_loo,Neutral
130.5,TD,0.25227783540588683,0.1402574250868034,0.36429824572497027,,within_group_loo,Neutral
130.5,ASD,0.0701442646224707,-0.055649716743913724,0.19593824598885512,,within_group_loo,Neutral
131.0,TD,0.24487065828400412,0.13437443208212385,0.3553668844858844,,within_group_loo,Neutral
131.0,ASD,0.06543449811367064,-0.07634788708698448,0.20721688331432575,,within_group_loo,Neutral
131.5,TD,0.17801754769341427,0.06899395905420998,0.2870411363326186,,within_group_loo,Neutral
131.5,ASD,0.08067762408225142,-0.05910627396156355,0.2204615221260664,,within_group_loo,Neutral
132.0,TD,0.04369154419573605,-0.05669620682668704,0.14407929521815915,,within_group_loo,Neutral
132.0,ASD,-0.017121955901524512,-0.13635204352752617,0.10210813172447714,,within_group_loo,Neutral
132.5,TD,0.08920108451551635,-0.03634981691968532,0.21475198595071804,,within_group_loo,Neutral
132.5,ASD,0.03777997323262672,-0.08926774547179545,0.16482769193704888,,within_group_loo,Neutral
133.0,TD,0.06407905891941999,-0.050112216497408046,0.17827033433624803,,within_group_loo,Neutral
133.0,ASD,0.06493361811243098,-0.062179338500027825,0.19204657472488978,,within_group_loo,Neutral
133.5,TD,0.16146329622646724,0.05119100648257374,0.27173558597036074,,within_group_loo,Neutral
133.5,ASD,0.11263307168871477,-0.016852165409843203,0.24211830878727275,,within_group_loo,Neutral
134.0,TD,0.20220664590860002,0.08278259517565634,0.3216306966415437,,within_group_loo,Neutral
134.0,ASD,0.0927634121441619,-0.035574042530630595,0.22110086681895438,,within_group_loo,Neutral
134.5,TD,0.1506094338199624,0.04776595849377399,0.2534529091461508,,within_group_loo,Neutral
134.5,ASD,0.03115295787541608,-0.08591630554693466,0.14822222129776683,,within_group_loo,Neutral
135.0,TD,0.1329040868031582,0.0283413322510198,0.2374668413552966,,within_group_loo,Neutral
135.0,ASD,0.008958596308033678,-0.09914224545680819,0.11705943807287555,,within_group_loo,Neutral
135.5,TD,0.14466154712089865,0.0386168625048407,0.2507062317369566,,within_group_loo,Neutral
135.5,ASD,0.10140975666433784,-0.01764730076014462,0.2204668140888203,,within_group_loo,Neutral
136.0,TD,0.17047296463620212,0.060428649843442137,0.2805172794289621,,within_group_loo,Neutral
136.0,ASD,0.17362048652190712,0.04113769617246013,0.3061032768713541,,within_group_loo,Neutral
136.5,TD,0.1932130127607701,0.0735588357496851,0.3128671897718551,,within_group_loo,Pain-related
136.5,ASD,0.18510067595350355,0.05468226799801912,0.315519083908988,,within_group_loo,Pain-related
137.0,TD,0.11081709107080541,-5.131486849316302e-06,0.22163931362846012,,within_group_loo,Pain-related
137.0,ASD,0.1458044745428186,0.030024926210402633,0.2615840228752346,,within_group_loo,Pain-related
137.5,TD,0.04916970810882387,-0.06916944539929523,0.16750886161694298,,within_group_loo,Pain-related
137.5,ASD,0.1759610917640653,0.05268278333633328,0.2992394001917973,,within_group_loo,Pain-related
138.0,TD,0.15675224666613904,0.038199268335299116,0.27530522499697896,,within_group_loo,Pain-related
138.0,ASD,0.15937128753057464,0.03755532514366333,0.28118724991748595,,within_group_loo,Pain-related
138.5,TD,0.14896109904802912,0.040915239318487576,0.2570069587775707,,within_group_loo,Pain-related
138.5,ASD,0.08793521515748039,-0.015141641970707359,0.19101207228566813,,within_group_loo,Pain-related
139.0,TD,0.17130093923622136,0.06079070652048836,0.2818111719519544,,within_group_loo,Neutral
139.0,ASD,0.1429173995451984,0.02361979961424919,0.26221499947614757,,within_group_loo,Neutral
139.5,TD,0.17333935267054326,0.05408197229658372,0.2925967330445028,,within_group_loo,Pain-related
139.5,ASD,0.134865472484909,0.014897833619547121,0.25483311135027087,,within_group_loo,Pain-related
140.0,TD,0.16222774555199737,0.048086879640269406,0.2763686114637253,,within_group_loo,Pain-related
140.0,ASD,0.12396594148617908,0.00993866140684456,0.2379932215655136,,within_group_loo,Pain-related
140.5,TD,0.029710305090654834,-0.06137008412975546,0.12079069431106514,,within_group_loo,Neutral
140.5,ASD,0.10033655279329673,-0.025709695010021016,0.22638280059661448,,within_group_loo,Neutral
141.0,TD,0.04341211167481976,-0.05423570276980494,0.14105992611944446,,within_group_loo,Neutral
141.0,ASD,0.11204340027417016,-0.008654530108989394,0.23274133065732971,,within_group_loo,Neutral
141.5,TD,0.029865387042409538,-0.06591117210476881,0.12564194618958788,,within_group_loo,Neutral
141.5,ASD,0.08654030988510913,-0.028674815670356776,0.20175543544057506,,within_group_loo,Neutral
142.0,TD,0.07054509728817024,-0.04677643966967575,0.18786663424601624,,within_group_loo,Pain-related
142.0,ASD,0.0071800486071027965,-0.08541730707381663,0.09977740428802222,,within_group_loo,Pain-related
142.5,TD,0.11498356221353305,-0.001131239754798924,0.23109836418186502,,within_group_loo,Pain-related
142.5,ASD,0.0459097273753214,-0.06841260768087698,0.1602320624315198,,within_group_loo,Pain-related
143.0,TD,0.14629927704838705,0.022645857733473093,0.269952696363301,,within_group_loo,Neutral
143.0,ASD,0.13194363324163128,0.012362397615553342,0.2515248688677092,,within_group_loo,Neutral
143.5,TD,0.20309284019267562,0.09643219304247537,0.3097534873428759,,within_group_loo,Neutral
143.5,ASD,0.13140755795082928,0.018252974172937628,0.24456214172872093,,within_group_loo,Neutral
144.0,TD,0.24270361739496116,0.13013060915374697,0.35527662563617535,,within_group_loo,Pain-related
144.0,ASD,0.00814988706174301,-0.0961947298916438,0.11249450401512981,,within_group_loo,Pain-related
144.5,TD,0.2475303620903803,0.13327844785965814,0.36178227632110244,,within_group_loo,Pain-related
144.5,ASD,0.015027133185168013,-0.08689716132892936,0.11695142769926539,,within_group_loo,Pain-related
145.0,TD,0.21798908999229902,0.12095963551481013,0.3150185444697879,,within_group_loo,Pain-related
145.0,ASD,0.152300267389998,0.04593195399045567,0.2586685807895403,,within_group_loo,Pain-related
145.5,TD,0.15298856452067655,0.04505163778574045,0.26092549125561265,,within_group_loo,Neutral
145.5,ASD,0.14884362297593615,0.024914397037303804,0.2727728489145685,,within_group_loo,Neutral
146.0,TD,0.11516458977834708,0.024168140359239088,0.20616103919745507,,within_group_loo,Neutral
146.0,ASD,0.10089344948772118,-0.015552053884623426,0.21733895286006577,,within_group_loo,Neutral
146.5,TD,-0.03440810186756544,-0.14137094132439387,0.07255473758926298,,within_group_loo,Neutral
146.5,ASD,0.1444799588509703,0.025682928401891625,0.263276989300049,,within_group_loo,Neutral
147.0,TD,-0.0867399280604484,-0.18062431052176334,0.007144454400866529,,within_group_loo,Neutral
147.0,ASD,0.14292433826760023,0.021995765324769934,0.26385291121043053,,within_group_loo,Neutral
147.5,TD,-0.09463689041826084,-0.18850637483498217,-0.0007674060015395029,,within_group_loo,Neutral
147.5,ASD,0.1738795428665152,0.06122811559451076,0.28653097013851964,,within_group_loo,Neutral
148.0,TD,0.14737608986172782,0.03881573810191001,0.2559364416215456,,within_group_loo,Neutral
148.0,ASD,0.0991795453315393,0.0012980653448716323,0.19706102531820696,,within_group_loo,Neutral
148.5,TD,0.13399384214053567,0.013498987542066479,0.25448869673900487,,within_group_loo,Neutral
148.5,ASD,0.09052947846477002,-0.028725734130026284,0.20978469105956632,,within_group_loo,Neutral
149.0,TD,0.14591483978208553,0.031484071403935984,0.26034560816023505,,within_group_loo,Neutral
149.0,ASD,0.09976198624831391,-0.006199559931759996,0.2057235324283878,,within_group_loo,Neutral
149.5,TD,0.14646792506613895,0.034803784909797075,0.25813206522248083,,within_group_loo,Neutral
149.5,ASD,0.11161196960227054,0.0010954487454730572,0.22212849045906802,,within_group_loo,Neutral
150.0,TD,0.14139793619143043,0.021787316985110466,0.26100855539775036,,within_group_loo,Neutral
150.0,ASD,0.13539510581964392,0.015433489643267073,0.2553567219960208,,within_group_loo,Neutral
150.5,TD,0.09937829463496127,-0.0032907022017354404,0.20204729147165798,,within_group_loo,Neutral
150.5,ASD,0.13041795747802407,0.015467680014684612,0.2453682349413635,,within_group_loo,Neutral
151.0,TD,0.11701766441638291,0.0034507235109497714,0.23058460532181604,,within_group_loo,Neutral
151.0,ASD,0.06193876933175601,-0.05421348786363995,0.17809102652715197,,within_group_loo,Neutral
151.5,TD,0.14459451164684609,0.03567722166620939,0.25351180162748277,,within_group_loo,Neutral
151.5,ASD,0.08768496628446612,-0.03474278132820642,0.21011271389713865,,within_group_loo,Neutral
152.0,TD,0.30676192244860434,0.20116532738713994,0.41235851751006874,,within_group_loo,Neutral
152.0,ASD,0.053823139595351815,-0.07085499335633451,0.17850127254703813,,within_group_loo,Neutral
152.5,TD,0.3547112644210717,0.2471725626251845,0.4622499662169589,,within_group_loo,Neutral
152.5,ASD,0.01768927985113977,-0.09954269508635641,0.13492125478863595,,within_group_loo,Neutral
153.0,TD,0.34014564118444146,0.23761491352130798,0.44267636884757494,,within_group_loo,Neutral
153.0,ASD,0.11781908640442595,-0.0105570631526129,0.2461952359614648,,within_group_loo,Neutral
153.5,TD,0.20551561013978747,0.11728256484282032,0.29374865543675466,,within_group_loo,Neutral
153.5,ASD,0.1239618059571637,0.0022581810973833633,0.24566543081694403,,within_group_loo,Neutral
154.0,TD,0.1252513050399694,0.013968661775488236,0.23653394830445057,,within_group_loo,Neutral
154.0,ASD,0.11802943128735995,0.00031380745485574957,0.23574505511986416,,within_group_loo,Neutral
154.5,TD,0.16104585373300598,0.04369290567640921,0.27839880178960275,,within_group_loo,Neutral
154.5,ASD,0.1075410422945663,-0.019497953031177254,0.23458003762030988,,within_group_loo,Neutral
155.0,TD,0.1455696445246403,0.034539173014373634,0.25660011603490696,,within_group_loo,Neutral
155.0,ASD,0.08175910307183952,-0.0360405725284836,0.19955877867216265,,within_group_loo,Neutral
155.5,TD,0.019834487969532872,-0.07338796386079283,0.11305693979985856,,within_group_loo,Neutral
155.5,ASD,-0.004831043907021659,-0.1232446561386084,0.11358256832456508,,within_group_loo,Neutral
156.0,TD,0.018252202993900034,-0.07336961647477164,0.10987402246257172,,within_group_loo,Neutral
156.0,ASD,0.053178049918760045,-0.07308648354858513,0.17944258338610522,,within_group_loo,Neutral
156.5,TD,0.15296349961205627,0.049215481303038475,0.25671151792107405,,within_group_loo,Neutral
156.5,ASD,0.03510656615951551,-0.08324366198943467,0.15345679430846568,,within_group_loo,Neutral
157.0,TD,0.13542451019452678,0.026006210124932275,0.2448428102641213,,within_group_loo,Neutral
157.0,ASD,-0.10422370668925582,-0.18878030525196526,-0.01966710812654636,,within_group_loo,Neutral
157.5,TD,0.08722973734190483,-0.01368424989447975,0.1881437245782894,,within_group_loo,Neutral
157.5,ASD,-0.0779765361461995,-0.17637434849916467,0.020421276206765676,,within_group_loo,Neutral
158.0,TD,0.13925269755040556,0.05712625959441191,0.2213791355063992,,within_group_loo,Neutral
158.0,ASD,-0.01828589947147573,-0.13269185655367816,0.0961200576107267,,within_group_loo,Neutral
158.5,TD,0.03509030701388834,-0.06395552536376359,0.1341361393915403,,within_group_loo,Neutral
158.5,ASD,0.08175393098461882,-0.032916889552610004,0.19642475152184763,,within_group_loo,Neutral
159.0,TD,0.08590517930901774,-0.008331623902499558,0.18014198252053504,,within_group_loo,Neutral
159.0,ASD,-0.002904795219407026,-0.11141922427937616,0.10560963384056211,,within_group_loo,Neutral
159.5,TD,0.09422260445469645,-0.010038607248229442,0.19848381615762234,,within_group_loo,Neutral
159.5,ASD,0.10917380955132878,-0.003453397221271484,0.22180101632392907,,within_group_loo,Neutral
160.0,TD,0.08802409675980986,-0.03058522512293123,0.20663341864255097,,within_group_loo,Neutral
160.0,ASD,0.10066413819862419,-0.01866181670531028,0.21999009310255865,,within_group_loo,Neutral
160.5,TD,0.09153389140447916,-0.014089424973167175,0.1971572077821255,,within_group_loo,Neutral
160.5,ASD,0.11983905597799747,0.004213053134353106,0.23546505882164184,,within_group_loo,Neutral
161.0,TD,0.1581823176234412,0.045285309348480254,0.27107932589840217,,within_group_loo,Neutral
161.0,ASD,0.04905331191428937,-0.03874137771885913,0.13684800154743787,,within_group_loo,Neutral
161.5,TD,0.15466294767469105,0.0486623502429816,0.2606635451064005,,within_group_loo,Neutral
161.5,ASD,0.010001588937303341,-0.10225797507676813,0.12226115295137481,,within_group_loo,Neutral
162.0,TD,0.1731124302822451,0.06530270168508655,0.28092215887940364,,within_group_loo,Neutral
162.0,ASD,-0.0226931478792122,-0.13418129930144476,0.08879500354302036,,within_group_loo,Neutral
162.5,TD,0.12855787584509715,0.015012764788794777,0.24210298690139953,,within_group_loo,Neutral
162.5,ASD,0.01824430573945535,-0.10907889249715161,0.1455675039760623,,within_group_loo,Neutral
163.0,TD,0.12038938788601808,0.015901033286177202,0.22487774248585896,,within_group_loo,Neutral
163.0,ASD,0.050480888698135384,-0.07148102962778573,0.1724428070240565,,within_group_loo,Neutral
163.5,TD,0.03243934044788123,-0.0808113175412836,0.14568999843704605,,within_group_loo,Neutral
163.5,ASD,0.07418849309148295,-0.05032962052696391,0.19870660670992982,,within_group_loo,Neutral
164.0,TD,0.0713313038431616,-0.029901936863787046,0.17256454455011022,,within_group_loo,Neutral
164.0,ASD,0.10970952589297839,0.002818838265966947,0.21660021351998981,,within_group_loo,Neutral
164.5,TD,0.13258767906297017,0.014572042389698364,0.25060331573624195,,within_group_loo,Neutral
164.5,ASD,0.13992082449386203,0.018790473944397285,0.26105117504332676,,within_group_loo,Neutral
165.0,TD,0.1124365190423535,-0.009877729298418111,0.23475076738312511,,within_group_loo,Neutral
165.0,ASD,0.1353516155291664,0.01346573745490133,0.2572374936034315,,within_group_loo,Neutral
165.5,TD,0.11707549097811308,-0.0014439810692005867,0.23559496302542676,,within_group_loo,Neutral
165.5,ASD,0.1217126194561096,0.021452752514787482,0.22197248639743172,,within_group_loo,Neutral
166.0,TD,-0.0015520045482474547,-0.09640709831463087,0.09330308921813596,,within_group_loo,Neutral
166.0,ASD,-0.08255188105185561,-0.1707768095358495,0.005673047432138298,,within_group_loo,Neutral
166.5,TD,0.1808200126260835,0.06781715153270193,0.293822873719465,,within_group_loo,Neutral
166.5,ASD,0.05215207469313998,-0.04953437532902066,0.15383852471530063,,within_group_loo,Neutral
167.0,TD,0.1714473920396611,0.050513564710520084,0.2923812193688021,,within_group_loo,Neutral
167.0,ASD,0.09594867251733886,-0.022591429792287718,0.21448877482696543,,within_group_loo,Neutral
167.5,TD,0.17529055631094675,0.06966628518463612,0.2809148274372574,,within_group_loo,Neutral
167.5,ASD,0.09415815970677813,-0.024781305126638314,0.21309762454019457,,within_group_loo,Neutral
168.0,TD,0.20328197235718976,0.08774560786559484,0.3188183368487847,,within_group_loo,Neutral
168.0,ASD,0.1295668028941866,0.02566006049515865,0.23347354529321454,,within_group_loo,Neutral
168.5,TD,0.2568898761774199,0.1380357776482089,0.37574397470663085,,within_group_loo,Neutral
168.5,ASD,0.1670223849054977,0.040204904789282764,0.29383986502171267,,within_group_loo,Neutral
169.0,TD,0.24024396699369432,0.12323575018262338,0.35725218380476526,,within_group_loo,Neutral
169.0,ASD,0.15776641849121079,0.03441839365982219,0.2811144433225994,,within_group_loo,Neutral
169.5,TD,0.13218517931321952,0.024083003567525935,0.2402873550589131,,within_group_loo,Neutral
169.5,ASD,0.11227812037602652,0.0002848255995281379,0.2242714151525249,,within_group_loo,Neutral
170.0,TD,0.049966881228302305,-0.06507091735914164,0.16500467981574626,,within_group_loo,Neutral
170.0,ASD,0.05428813419851061,-0.05652790643036802,0.16510417482738926,,within_group_loo,Neutral
170.5,TD,0.08302700803471531,-0.013986501806719606,0.18004051787615022,,within_group_loo,Neutral
170.5,ASD,0.03383976004758047,-0.07893807025782812,0.14661759035298907,,within_group_loo,Neutral
171.0,TD,0.10305084196850454,-0.007490961125512771,0.21359264506252185,,within_group_loo,Neutral
171.0,ASD,0.0638610530696243,-0.045219627567343365,0.17294173370659194,,within_group_loo,Neutral
171.5,TD,0.14179207303416538,0.03384920272187403,0.24973494334645674,,within_group_loo,Neutral
171.5,ASD,0.12442711202772451,-0.0004857674926231209,0.24933999154807213,,within_group_loo,Neutral
172.0,TD,0.1444208686259005,0.0439373153330926,0.24490442191870843,,within_group_loo,Neutral
172.0,ASD,0.08114355695130217,-0.047032688897716377,0.2093198028003207,,within_group_loo,Neutral
172.5,TD,0.1830679595054962,0.07243933652512718,0.2936965824858652,,within_group_loo,Neutral
172.5,ASD,0.09940009623306398,-0.013167433869675144,0.2119676263358031,,within_group_loo,Neutral
173.0,TD,0.160874564982912,0.03892599725116411,0.28282313271465986,,within_group_loo,Neutral
173.0,ASD,0.09779194582955562,-0.035076671997652256,0.23066056365676352,,within_group_loo,Neutral
173.5,TD,0.1983487337486542,0.07412053063079842,0.32257693686650996,,within_group_loo,Neutral
173.5,ASD,0.10351463248085647,-0.024292525413162055,0.231321790374875,,within_group_loo,Neutral
174.0,TD,0.132991152931453,0.019040143964285314,0.24694216189862067,,within_group_loo,Neutral
174.0,ASD,0.013902620206919352,-0.10122807875902479,0.12903331917286348,,within_group_loo,Neutral
174.5,TD,0.07132255843890255,-0.043451980043094626,0.1860970969208997,,within_group_loo,Neutral
174.5,ASD,-0.03632201837054798,-0.14002136379687258,0.06737732705577662,,within_group_loo,Neutral
175.0,TD,0.10567547829686033,-0.025992696966979645,0.2373436535607003,,within_group_loo,Neutral
175.0,ASD,-0.008065804601041358,-0.13094059778872247,0.11480898858663974,,within_group_loo,Neutral
175.5,TD,0.21109483662711423,0.08536767968560766,0.3368219935686208,,within_group_loo,Neutral
175.5,ASD,0.08914893804543372,-0.04033523713343656,0.218633113224304,,within_group_loo,Neutral
176.0,TD,0.21723861126860283,0.10832610242502094,0.3261511201121847,,within_group_loo,Mentalizing
176.0,ASD,0.056680567735692106,-0.07302551760698,0.18638665307836422,,within_group_loo,Mentalizing
176.5,TD,0.1396466097896874,0.020135328319110024,0.2591578912602648,,within_group_loo,Mentalizing
176.5,ASD,0.11828081814754503,-0.0038363695654378416,0.2403980058605279,,within_group_loo,Mentalizing
177.0,TD,0.11070553496367287,-0.010542920554124133,0.23195399048146986,,within_group_loo,Mentalizing
177.0,ASD,0.09155234228800081,-0.03163893562603631,0.21474362020203794,,within_group_loo,Mentalizing
177.5,TD,0.03566324905587364,-0.07424400208493767,0.14557050019668497,,within_group_loo,Neutral
177.5,ASD,0.04706903603846002,-0.06371080145700288,0.1578488735339229,,within_group_loo,Neutral
178.0,TD,0.24227176397630307,0.13733866204178202,0.3472048659108241,,within_group_loo,Neutral
178.0,ASD,0.16291365669969526,0.047497103241945615,0.2783302101574449,,within_group_loo,Neutral
178.5,TD,0.32529322207600353,0.21124516119448247,0.4393412829575246,,within_group_loo,Mentalizing
178.5,ASD,0.1630250609358508,0.0434860959308373,0.2825640259408643,,within_group_loo,Mentalizing
179.0,TD,0.3945651064924339,0.28796674726828675,0.5011634657165811,,within_group_loo,Mentalizing
179.0,ASD,0.16542232477804897,0.062164828670346894,0.26867982088575104,,within_group_loo,Mentalizing
179.5,TD,0.2793711543343734,0.17714792001356802,0.3815943886551787,,within_group_loo,Mentalizing
179.5,ASD,0.1190353636374336,0.015107063559267414,0.22296366371559978,,within_group_loo,Mentalizing
180.0,TD,0.10124676693459704,-0.014403962208108856,0.21689749607730294,,within_group_loo,Mentalizing
180.0,ASD,0.03892879830247124,-0.06376735593269814,0.14162495253764062,,within_group_loo,Mentalizing
180.5,TD,0.10074364670875359,-0.018885430328103817,0.220372723745611,,within_group_loo,Mentalizing
180.5,ASD,0.08006599482660395,-0.02580402728912297,0.18593601694233086,,within_group_loo,Mentalizing
181.0,TD,0.10034981462698665,-0.006649387050679509,0.2073490163046528,,within_group_loo,Neutral
181.0,ASD,0.13168925935169817,0.012260442445202954,0.2511180762581934,,within_group_loo,Neutral
181.5,TD,0.15182479656749362,0.042042380888358655,0.2616072122466286,,within_group_loo,Neutral
181.5,ASD,0.13275461511693776,0.008733125067569444,0.25677610516630606,,within_group_loo,Neutral
182.0,TD,0.11338955012631358,-0.0004059823678742164,0.22718508262050136,,within_group_loo,Neutral
182.0,ASD,0.10784344541092353,-0.021124260396669287,0.23681115121851634,,within_group_loo,Neutral
182.5,TD,0.13326984411048867,0.028032751980434756,0.2385069362405426,,within_group_loo,Neutral
182.5,ASD,0.0938352425209994,-0.02992935977833039,0.21759984482032918,,within_group_loo,Neutral
183.0,TD,0.12348531772833543,0.029237737351301737,0.2177328981053691,,within_group_loo,Neutral
183.0,ASD,0.08391212007262147,-0.03453899360833339,0.20236323375357634,,within_group_loo,Neutral
183.5,TD,0.13038781779915434,0.033582417320351166,0.22719321827795752,,within_group_loo,Neutral
183.5,ASD,0.11096510017285799,0.0009441405841784933,0.22098605976153748,,within_group_loo,Neutral
184.0,TD,0.07358133843613207,-0.02863085992610344,0.17579353679836757,,within_group_loo,Neutral
184.0,ASD,0.12126715938245645,0.008808938768203642,0.23372537999670928,,within_group_loo,Neutral
184.5,TD,0.11640573182274919,0.018596575712015978,0.2142148879334824,,within_group_loo,Neutral
184.5,ASD,0.13267830463648808,0.019793273294944763,0.2455633359780314,,within_group_loo,Neutral
185.0,TD,0.22370971333731324,0.10410483018344178,0.3433145964911847,,within_group_loo,Neutral
185.0,ASD,0.11209498586833976,0.003250771245130027,0.22093920049154947,,within_group_loo,Neutral
185.5,TD,0.20905170972051892,0.08344862227091021,0.33465479717012764,,within_group_loo,Neutral
185.5,ASD,0.13636759390103326,0.020785957761596224,0.2519492300404703,,within_group_loo,Neutral
186.0,TD,0.16343745928270279,0.04393407223589266,0.2829408463295129,,within_group_loo,Neutral
186.0,ASD,0.09316446227483102,-0.002731930752282355,0.18906085530194439,,within_group_loo,Neutral
186.5,TD,0.10185561618898034,-0.004631193882909501,0.20834242626087018,,within_group_loo,Neutral
186.5,ASD,-0.013334767266942937,-0.11825572429434486,0.09158618976045899,,within_group_loo,Neutral
187.0,TD,0.22479362804652334,0.11000783396525689,0.3395794221277898,,within_group_loo,Neutral
187.0,ASD,0.05874069776855826,-0.058761285137868345,0.17624268067498486,,within_group_loo,Neutral
187.5,TD,0.1874655600151124,0.06904141853452735,0.30588970149569744,,within_group_loo,Mentalizing
187.5,ASD,0.09197977805235417,-0.04302616414838846,0.22698572025309682,,within_group_loo,Mentalizing
188.0,TD,0.16458331241962137,0.05537375338798209,0.27379287145126063,,within_group_loo,Neutral
188.0,ASD,0.09299557900062073,-0.04531725210063205,0.23130841010187353,,within_group_loo,Neutral
188.5,TD,0.15033641936189154,0.03830798493888203,0.26236485378490104,,within_group_loo,Neutral
188.5,ASD,0.00480083019495251,-0.10673904909869575,0.11634070948860076,,within_group_loo,Neutral
189.0,TD,0.1483348514144296,0.027534745565942834,0.26913495726291636,,within_group_loo,Neutral
189.0,ASD,0.03496837778097535,-0.09299219945539984,0.16292895501735055,,within_group_loo,Neutral
189.5,TD,0.07964520874976695,-0.027866411629075744,0.18715682912860965,,within_group_loo,Mentalizing
189.5,ASD,0.01669198563303217,-0.11122782146745949,0.14461179273352384,,within_group_loo,Mentalizing
190.0,TD,-0.03172241069635458,-0.15009053895346422,0.08664571756075506,,within_group_loo,Mentalizing
190.0,ASD,0.010624918420965766,-0.10827632390168634,0.12952616074361786,,within_group_loo,Mentalizing
190.5,TD,0.0031948294151189893,-0.10447303472381526,0.11086269355405325,,within_group_loo,Mentalizing
190.5,ASD,0.0057046598069423774,-0.12040410882670949,0.13181342844059424,,within_group_loo,Mentalizing
191.0,TD,0.03447945113645199,-0.07928973698033898,0.14824863925324297,,within_group_loo,Neutral
191.0,ASD,-0.006641623163693231,-0.13185912002838898,0.11857587370100252,,within_group_loo,Neutral
191.5,TD,0.12941937060056055,0.017739666864797887,0.24109907433632322,,within_group_loo,Neutral
191.5,ASD,0.07011106406159562,-0.0405556720082776,0.18077780013146882,,within_group_loo,Neutral
192.0,TD,0.1351854379591336,0.01863594113452667,0.25173493478374054,,within_group_loo,Neutral
192.0,ASD,0.17619575262096976,0.056795619694382904,0.2955958855475566,,within_group_loo,Neutral
192.5,TD,0.1113588704532406,0.010669198359868001,0.2120485425466132,,within_group_loo,Neutral
192.5,ASD,0.1758559242163526,0.0644595337763467,0.2872523146563585,,within_group_loo,Neutral
193.0,TD,0.1936253503826033,0.07865264303374812,0.3085980577314585,,within_group_loo,Neutral
193.0,ASD,0.16309391163222478,0.059339659099847106,0.26684816416460244,,within_group_loo,Neutral
193.5,TD,0.17471270231557,0.059674951477483126,0.2897504531536569,,within_group_loo,Neutral
193.5,ASD,0.11413158600823886,0.009264670222753804,0.21899850179372393,,within_group_loo,Neutral
194.0,TD,0.1492755940904721,0.04477671002569729,0.25377447815524695,,within_group_loo,Pain-related
194.0,ASD,0.17040268739827052,0.05970365199556259,0.28110172280097845,,within_group_loo,Pain-related
194.5,TD,0.10484289098179864,0.005799463262204624,0.20388631870139265,,within_group_loo,Pain-related
194.5,ASD,0.11331052931159263,-0.009321792879964014,0.23594285150314928,,within_group_loo,Pain-related
195.0,TD,0.18497194058757271,0.07002691218455791,0.2999169689905875,,within_group_loo,Pain-related
195.0,ASD,0.13855655927767438,0.03007654415831612,0.24703657439703264,,within_group_loo,Pain-related
195.5,TD,0.24615263464875548,0.13057678200040862,0.36172848729710233,,within_group_loo,Pain-related
195.5,ASD,0.18492080984096762,0.05739052238341785,0.3124510972985174,,within_group_loo,Pain-related
196.0,TD,0.1828876500325546,0.06491318061293373,0.3008621194521755,,within_group_loo,Pain-related
196.0,ASD,0.19581338984407842,0.0682420908068449,0.32338468888131194,,within_group_loo,Pain-related
196.5,TD,0.20695807961510287,0.1088549647033278,0.30506119452687797,,within_group_loo,Pain-related
196.5,ASD,0.15528650755816728,0.03937757048683922,0.27119544462949535,,within_group_loo,Pain-related
197.0,TD,0.24649869478007214,0.13273617886715786,0.36026121069298644,,within_group_loo,Pain-related
197.0,ASD,0.15084871990678358,0.024454314164691987,0.2772431256488752,,within_group_loo,Pain-related
197.5,TD,0.25753201757611005,0.1410473512387229,0.3740166839134972,,within_group_loo,Pain-related
197.5,ASD,0.2168903150328005,0.09570962052413619,0.33807100954146485,,within_group_loo,Pain-related
198.0,TD,0.22523376226024747,0.10322263613965231,0.3472448883808426,,within_group_loo,Neutral
198.0,ASD,0.23885860403017192,0.11715853537512182,0.360558672685222,,within_group_loo,Neutral
198.5,TD,0.1526173655082099,0.024144366745157853,0.28109036427126194,,within_group_loo,Neutral
198.5,ASD,0.10189474009315153,-0.022030997599443353,0.2258204777857464,,within_group_loo,Neutral
199.0,TD,0.0923963672222302,-0.020942586944486252,0.20573532138894665,,within_group_loo,Neutral
199.0,ASD,0.02680418209174884,-0.08437901040851535,0.13798737459201305,,within_group_loo,Neutral
199.5,TD,0.1492488395165072,0.034323647939227875,0.2641740310937865,,within_group_loo,Neutral
199.5,ASD,-0.01744372074015593,-0.13150796267628553,0.09662052119597367,,within_group_loo,Neutral
200.0,TD,0.14106628034495614,0.025158484905176512,0.25697407578473574,,within_group_loo,Neutral
200.0,ASD,0.009897428239303101,-0.10550231113270675,0.12529716761131296,,within_group_loo,Neutral
200.5,TD,0.1302989549045139,0.01902243102809638,0.24157547878093144,,within_group_loo,Neutral
200.5,ASD,-0.05794206636366103,-0.19040721746128214,0.07452308473396008,,within_group_loo,Neutral
201.0,TD,0.22207593889495417,0.13180288378422464,0.3123489940056837,,within_group_loo,Neutral
201.0,ASD,0.17351811270869805,0.05452963418197383,0.2925065912354223,,within_group_loo,Neutral
201.5,TD,0.21821060982963866,0.11642874961775067,0.31999247004152664,,within_group_loo,Neutral
201.5,ASD,0.16601499204379822,0.04619636680445684,0.2858336172831396,,within_group_loo,Neutral
202.0,TD,0.2243942354745035,0.13485211391370677,0.3139363570353002,,within_group_loo,Neutral
202.0,ASD,0.14727834165726386,0.036642910381478794,0.25791377293304896,,within_group_loo,Neutral
202.5,TD,0.24470781705624858,0.16142031524875783,0.32799531886373934,,within_group_loo,Neutral
202.5,ASD,0.154583225128786,0.04873657027347578,0.2604298799840962,,within_group_loo,Neutral
203.0,TD,0.1882252467942289,0.08328197819350652,0.29316851539495126,,within_group_loo,Neutral
203.0,ASD,0.15452994477961865,0.03776872462713228,0.27129116493210503,,within_group_loo,Neutral
203.5,TD,0.18492362218147254,0.08500002861315399,0.2848472157497911,,within_group_loo,Neutral
203.5,ASD,0.11867506355387909,0.019357909163539702,0.21799221794421847,,within_group_loo,Neutral
204.0,TD,0.20183303342900785,0.09777688069295233,0.3058891861650634,,within_group_loo,Neutral
204.0,ASD,0.11431048936151113,0.00822538401246127,0.22039559471056097,,within_group_loo,Neutral
204.5,TD,0.09027669039239092,0.0007616177930330342,0.17979176299174882,,within_group_loo,Neutral
204.5,ASD,0.1817127394463828,0.07191799869598464,0.29150748019678097,,within_group_loo,Neutral
205.0,TD,0.08832258459229128,0.0003240004557520104,0.17632116872883055,,within_group_loo,Neutral
205.0,ASD,0.187778793473155,0.09249475775313354,0.28306282919317644,,within_group_loo,Neutral
205.5,TD,0.040528342650028595,-0.049618759806750345,0.13067544510680754,,within_group_loo,Neutral
205.5,ASD,0.26356669818626527,0.15070456923051545,0.3764288271420151,,within_group_loo,Neutral
206.0,TD,0.005802261940579384,-0.08327170869469254,0.0948762325758513,,within_group_loo,Neutral
206.0,ASD,0.2610252327951393,0.1486290288579309,0.3734214367323477,,within_group_loo,Neutral
206.5,TD,0.1140519916831952,0.007718431634164358,0.22038555173222604,,within_group_loo,Neutral
206.5,ASD,0.24445517513722495,0.13560874502476555,0.35330160524968435,,within_group_loo,Neutral
207.0,TD,0.09356749607509596,-0.011779708996650526,0.19891470114684245,,within_group_loo,Neutral
207.0,ASD,0.13636859515052643,0.026985382476156616,0.24575180782489625,,within_group_loo,Neutral
207.5,TD,0.13176185455175993,0.022207747710705786,0.24131596139281408,,within_group_loo,Neutral
207.5,ASD,0.1273576225754357,0.012286240155980316,0.2424290049948911,,within_group_loo,Neutral
208.0,TD,0.14370108864327225,0.03514279526840623,0.25225938201813825,,within_group_loo,Neutral
208.0,ASD,-0.07965821914818132,-0.1782314884581664,0.018915050161803754,,within_group_loo,Neutral
208.5,TD,0.14599297854871135,0.033362856397846155,0.25862310069957656,,within_group_loo,Neutral
208.5,ASD,-0.0029629056833349043,-0.12286658947192734,0.11694077810525753,,within_group_loo,Neutral
209.0,TD,0.10431648411550944,-0.01119581751327113,0.21982878574429,,within_group_loo,Neutral
209.0,ASD,-0.016979154350718385,-0.13323337757900858,0.0992750688775718,,within_group_loo,Neutral
209.5,TD,0.09007612513449621,-0.028508745068568542,0.20866099533756097,,within_group_loo,Neutral
209.5,ASD,0.0009799295251853315,-0.1109648192578462,0.11292467830821686,,within_group_loo,Neutral
210.0,TD,0.0013379786887048654,-0.10568391673877374,0.10835987411618346,,within_group_loo,Neutral
210.0,ASD,0.07299132867120676,-0.054812314679566446,0.20079497202198,,within_group_loo,Neutral
210.5,TD,-0.0020810280908531652,-0.12865658974157088,0.12449453355986453,,within_group_loo,Pain-related
210.5,ASD,0.07115918998691298,-0.04860824973808871,0.19092662971191465,,within_group_loo,Pain-related
211.0,TD,-0.04676162226414703,-0.1592300425355689,0.06570679800727483,,within_group_loo,Pain-related
211.0,ASD,0.07577150388106707,-0.041727913469323516,0.19327092123145767,,within_group_loo,Pain-related
211.5,TD,0.0708028758221712,-0.046160269589716724,0.1877660212340591,,within_group_loo,Pain-related
211.5,ASD,0.1352256894068358,0.009214015723294389,0.2612373630903772,,within_group_loo,Pain-related
212.0,TD,0.07236344172133843,-0.03647428531756913,0.181201168760246,,within_group_loo,Pain-related
212.0,ASD,0.12867058196930858,0.003765102040291804,0.2535760618983254,,within_group_loo,Pain-related
212.5,TD,0.0658650641489221,-0.04152290059839765,0.17325302889624183,,within_group_loo,Pain-related
212.5,ASD,0.04355807321653826,-0.08298256519508362,0.17009871162816015,,within_group_loo,Pain-related
213.0,TD,0.20546693567177773,0.09454020303762334,0.31639366830593213,,within_group_loo,Pain-related
213.0,ASD,0.06491392992835096,-0.047817703533112654,0.17764556338981458,,within_group_loo,Pain-related
213.5,TD,0.22850234584120088,0.11567217031686892,0.3413325213655328,,within_group_loo,Pain-related
213.5,ASD,0.085040286699346,-0.039648557509001356,0.20972913090769335,,within_group_loo,Pain-related
214.0,TD,0.1517222934246799,0.038750483090113155,0.2646941037592467,,within_group_loo,Neutral
214.0,ASD,0.09034534274201614,-0.03511184603168638,0.21580253151571865,,within_group_loo,Neutral
214.5,TD,0.10910222761758484,0.0025639008874971114,0.21564055434767257,,within_group_loo,Pain-related
214.5,ASD,0.07620831208371191,-0.039345226113905785,0.1917618502813296,,within_group_loo,Pain-related
215.0,TD,0.1799082458306952,0.07906716547823754,0.28074932618315285,,within_group_loo,Neutral
215.0,ASD,0.04040739685510777,-0.04632946031445923,0.12714425402467477,,within_group_loo,Neutral
215.5,TD,0.2340140376341391,0.1157311588177321,0.3522969164505461,,within_group_loo,Pain-related
215.5,ASD,0.05422356993783881,-0.05034905597507192,0.15879619585074956,,within_group_loo,Pain-related
216.0,TD,0.21133814946138066,0.0963957951873929,0.32628050373536843,,within_group_loo,Pain-related
216.0,ASD,0.06768738091859361,-0.02251042527276116,0.15788518710994837,,within_group_loo,Pain-related
216.5,TD,0.23280571567339997,0.13122580731123223,0.3343856240355677,,within_group_loo,Pain-related
216.5,ASD,0.08766188364450435,-0.018507351291900773,0.19383111858090946,,within_group_loo,Pain-related
217.0,TD,0.03592235078078926,-0.04742352740245538,0.1192682289640339,,within_group_loo,Pain-related
217.0,ASD,0.06260989213961093,-0.040992143858616215,0.16621192813783808,,within_group_loo,Pain-related
217.5,TD,0.21285710500224064,0.11010151146754522,0.3156126985369361,,within_group_loo,Pain-related
217.5,ASD,0.07284077541935717,-0.021110840398610525,0.16679239123732487,,within_group_loo,Pain-related
218.0,TD,0.1882924182997931,0.07438921525383384,0.30219562134575234,,within_group_loo,Neutral
218.0,ASD,0.05376404716291949,-0.04918975568374853,0.15671785000958752,,within_group_loo,Neutral
218.5,TD,0.19692783000664268,0.08616558741019142,0.30769007260309394,,within_group_loo,Neutral
218.5,ASD,0.049330523490473774,-0.055652939615537536,0.1543139865964851,,within_group_loo,Neutral
219.0,TD,0.15806348060310463,0.053233368493751404,0.2628935927124578,,within_group_loo,Neutral
219.0,ASD,0.037016076003383504,-0.06455129860609404,0.13858345061286106,,within_group_loo,Neutral
219.5,TD,0.20395027354461717,0.09705007381232873,0.3108504732769056,,within_group_loo,Pain-related
219.5,ASD,0.00026725643942557904,-0.12433640667701223,0.12487091955586338,,within_group_loo,Pain-related
220.0,TD,0.12298917851312714,0.02448371394585229,0.221494643080402,,within_group_loo,Pain-related
220.0,ASD,0.025513002639279247,-0.09750317244907526,0.14852917772763374,,within_group_loo,Pain-related
220.5,TD,0.039075371682744504,-0.06502020871701764,0.14317095208250666,,within_group_loo,Pain-related
220.5,ASD,-0.00594158807458206,-0.12342894504305428,0.11154576889389016,,within_group_loo,Pain-related
221.0,TD,0.04282233846059806,-0.05795285812576649,0.1435975350469626,,within_group_loo,Pain-related
221.0,ASD,-0.10807094324725544,-0.1895926424454791,-0.026549244049031778,,within_group_loo,Pain-related
221.5,TD,0.06232883034511154,-0.03626928375770548,0.16092694444792854,,within_group_loo,Pain-related
221.5,ASD,-0.028241714314670083,-0.12694275567765423,0.07045932704831408,,within_group_loo,Pain-related
222.0,TD,-0.05405816454006837,-0.13373445586701083,0.02561812678687407,,within_group_loo,Neutral
222.0,ASD,0.010520760844879724,-0.10616169786438376,0.1272032195541432,,within_group_loo,Neutral
222.5,TD,0.059391533132004334,-0.03982296842452508,0.15860603468853374,,within_group_loo,Neutral
222.5,ASD,0.06394156004022924,-0.06336379495289587,0.19124691503335436,,within_group_loo,Neutral
223.0,TD,0.21696536085583348,0.10165548749864207,0.3322752342130249,,within_group_loo,Neutral
223.0,ASD,-0.013015571398385278,-0.13085788355400266,0.10482674075723211,,within_group_loo,Neutral
223.5,TD,0.18622716058803201,0.063290075930224,0.30916424524584,,within_group_loo,Neutral
223.5,ASD,0.004731627955198259,-0.10035202793343384,0.10981528384383035,,within_group_loo,Neutral
224.0,TD,0.16022889153005151,0.03701237269268656,0.28344541036741644,,within_group_loo,Neutral
224.0,ASD,0.07492605781311847,-0.04223555753727452,0.19208767316351144,,within_group_loo,Neutral
224.5,TD,0.12713312703859386,0.01197316662932306,0.24229308744786465,,within_group_loo,Neutral
224.5,ASD,0.07944900549807105,-0.027225857758941846,0.18612386875508394,,within_group_loo,Neutral
225.0,TD,0.1886835517822852,0.05721439698310832,0.3201527065814621,,within_group_loo,Neutral
225.0,ASD,0.058611079055806314,-0.03132102798344856,0.14854318609506117,,within_group_loo,Neutral
225.5,TD,0.17401963586517122,0.0407280105572396,0.3073112611731028,,within_group_loo,Neutral
225.5,ASD,0.021174365680810846,-0.0775494381002503,0.11989816946187198,,within_group_loo,Neutral
226.0,TD,0.1288894688856683,0.024902884032549047,0.23287605373878756,,within_group_loo,Neutral
226.0,ASD,0.0494281366277985,-0.038378107475539915,0.13723438073113692,,within_group_loo,Neutral
226.5,TD,0.03807342559924458,-0.07986003953796084,0.15600689073645,,within_group_loo,Neutral
226.5,ASD,0.06137693538071825,-0.054744579158122135,0.17749844991955863,,within_group_loo,Neutral
227.0,TD,0.007027859254005782,-0.10269976848964617,0.11675548699765774,,within_group_loo,Neutral
227.0,ASD,0.06188165190186796,-0.06509120191113785,0.18885450571487375,,within_group_loo,Neutral
227.5,TD,0.08277140612206726,-0.021220278933131595,0.18676309117726614,,within_group_loo,Neutral
227.5,ASD,0.028675921197914345,-0.07821133792272929,0.13556318031855796,,within_group_loo,Neutral
228.0,TD,0.1190857651728912,0.003015413789572166,0.23515611655621022,,within_group_loo,Pain-related
228.0,ASD,-0.11734244400251904,-0.22755045226264142,-0.0071344357423966664,,within_group_loo,Pain-related
228.5,TD,0.10698708632820714,-0.008678089128881614,0.2226522617852959,,within_group_loo,Neutral
228.5,ASD,0.0031485657914532535,-0.11658048624053356,0.12287761782344007,,within_group_loo,Neutral
229.0,TD,0.04806112028635318,-0.05112320530303419,0.14724544587574057,,within_group_loo,Neutral
229.0,ASD,0.06865187842238106,-0.055549636183113385,0.19285339302787552,,within_group_loo,Neutral
229.5,TD,0.09249467433597662,-0.019853829879802068,0.20484317855175532,,within_group_loo,Pain-related
229.5,ASD,0.0555108665704072,-0.03605691477010664,0.14707864791092104,,within_group_loo,Pain-related
230.0,TD,0.09467451936221613,-0.007585477876425509,0.19693451660085776,,within_group_loo,Pain-related
230.0,ASD,0.0337776991296955,-0.07500072973574563,0.14255612799513662,,within_group_loo,Pain-related
230.5,TD,0.05284237139488296,-0.05763795194363974,0.16332269473340566,,within_group_loo,Pain-related
230.5,ASD,0.03364870196032657,-0.08841617044755212,0.15571357436820527,,within_group_loo,Pain-related
231.0,TD,0.0828509384721467,-0.019545144544737783,0.18524702148903116,,within_group_loo,Pain-related
231.0,ASD,0.09444977248266483,-0.028600359998601527,0.21749990496393118,,within_group_loo,Pain-related
231.5,TD,0.0901540625590569,-0.02196085774110089,0.20226898285921469,,within_group_loo,Neutral
231.5,ASD,-0.062371490366527456,-0.16655428915807383,0.04181130842501891,,within_group_loo,Neutral
232.0,TD,0.15602136729916974,0.043686786233025784,0.2683559483653137,,within_group_loo,Neutral
232.0,ASD,-0.0782903511356403,-0.185497616640595,0.028916914369314414,,within_group_loo,Neutral
232.5,TD,0.22172710830706865,0.10351583058738258,0.33993838602675475,,within_group_loo,Neutral
232.5,ASD,-0.02136053380978562,-0.12523669669306509,0.08251562907349383,,within_group_loo,Neutral
233.0,TD,0.12071908534093546,-0.005826885596832296,0.2472650562787032,,within_group_loo,Pain-related
233.0,ASD,-0.01953742719305086,-0.1221155206519983,0.08304066626589657,,within_group_loo,Pain-related
233.5,TD,0.149453599910562,0.03098672726424813,0.2679204725568759,,within_group_loo,Pain-related
233.5,ASD,-0.01022483403963465,-0.12680593977675872,0.10635627169748942,,within_group_loo,Pain-related
234.0,TD,0.12624031124850205,0.008459871550125272,0.2440207509468788,,within_group_loo,Neutral
234.0,ASD,-0.01556668773183509,-0.12040220196879044,0.08926882650512026,,within_group_loo,Neutral
234.5,TD,0.16740425786532898,0.049656119353883255,0.2851523963767747,,within_group_loo,Neutral
234.5,ASD,-0.01800683334675474,-0.12654996954120154,0.09053630284769205,,within_group_loo,Neutral
235.0,TD,0.08980307774619414,-0.023303705434323196,0.20290986092671148,,within_group_loo,Neutral
235.0,ASD,-0.052651858271373635,-0.17551505280588758,0.0702113362631403,,within_group_loo,Neutral
235.5,TD,0.09483893121561282,-0.005439703368921758,0.19511756580014739,,within_group_loo,Neutral
235.5,ASD,-0.0014390821223039024,-0.10055797820980603,0.09767981396519823,,within_group_loo,Neutral
236.0,TD,0.1214902683016381,-0.001303966297922815,0.24428450290119902,,within_group_loo,Neutral
236.0,ASD,0.10636960881657967,-0.0097297721369278,0.22246898977008714,,within_group_loo,Neutral
236.5,TD,0.160468656197475,0.03209308365537569,0.28884422873957427,,within_group_loo,Neutral
236.5,ASD,0.10765666907070975,-0.013570367498489125,0.22888370563990862,,within_group_loo,Neutral
237.0,TD,0.13813051762980413,0.017075716030681587,0.2591853192289267,,within_group_loo,Neutral
237.0,ASD,0.0757025178131072,-0.038362629891784544,0.18976766551799895,,within_group_loo,Neutral
237.5,TD,0.017989832637197018,-0.0975152870513687,0.13349495232576272,,within_group_loo,Neutral
237.5,ASD,0.027181279310236253,-0.07709285085301726,0.13145540947348977,,within_group_loo,Neutral
238.0,TD,0.07697775841473245,-0.02217387083955591,0.1761293876690208,,within_group_loo,Mentalizing
238.0,ASD,0.02337723804090406,-0.09845177009811576,0.14520624617992386,,within_group_loo,Mentalizing
238.5,TD,0.07848461157422344,-0.01437312074179263,0.1713423438902395,,within_group_loo,Neutral
238.5,ASD,-0.033556237324520316,-0.14079251268629403,0.0736800380372534,,within_group_loo,Neutral
239.0,TD,0.06820786259769557,-0.028872159179604465,0.1652878843749956,,within_group_loo,Neutral
239.0,ASD,-0.016398311897612605,-0.13012967467304742,0.09733305087782222,,within_group_loo,Neutral
239.5,TD,0.07413710283637748,-0.021902515705277875,0.17017672137803283,,within_group_loo,Mentalizing
239.5,ASD,-0.032756095021185865,-0.14584354455059473,0.08033135450822299,,within_group_loo,Mentalizing
240.0,TD,0.08744104675606196,-0.014571344369678371,0.1894534378818023,,within_group_loo,Mentalizing
240.0,ASD,0.004223192006561637,-0.11694447332868974,0.12539085734181302,,within_group_loo,Mentalizing
240.5,TD,0.05285479499218445,-0.05738098139030965,0.16309057137467856,,within_group_loo,Mentalizing
240.5,ASD,-0.02649875976194418,-0.1608432115691399,0.10784569204525152,,within_group_loo,Mentalizing
241.0,TD,0.048992878304657136,-0.07668038368100079,0.17466614029031508,,within_group_loo,Mentalizing
241.0,ASD,-0.04552942215734484,-0.1473109990837517,0.056252154769062014,,within_group_loo,Mentalizing
241.5,TD,0.05826537773494968,-0.0612223548101784,0.17775311028007776,,within_group_loo,Mentalizing
241.5,ASD,0.0647639378787891,-0.05706355701263163,0.18659143277020984,,within_group_loo,Mentalizing
242.0,TD,-0.0018228844079864258,-0.10667330738099262,0.10302753856501978,,within_group_loo,Mentalizing
242.0,ASD,0.11202995157466807,-0.013711623541306076,0.23777152669064222,,within_group_loo,Mentalizing
242.5,TD,0.0394688407579825,-0.06317921001835232,0.14211689153431734,,within_group_loo,Neutral
242.5,ASD,0.09627775011913701,-0.02495295978479596,0.21750846002307,,within_group_loo,Neutral
243.0,TD,0.0675303248031507,-0.04852556680720646,0.18358621641350786,,within_group_loo,Mentalizing
243.0,ASD,-0.05042818349338598,-0.15325280487858972,0.05239643789181777,,within_group_loo,Mentalizing
243.5,TD,0.1076502930640962,-0.0003291855689591672,0.21562977169715156,,within_group_loo,Mentalizing
243.5,ASD,0.008272701457404224,-0.1171674034614304,0.13371280637623884,,within_group_loo,Mentalizing
244.0,TD,0.10536821989837689,0.008712515080153582,0.2020239247166002,,within_group_loo,Neutral
244.0,ASD,-0.05782306685315814,-0.16736400222117845,0.051717868514862174,,within_group_loo,Neutral
244.5,TD,0.06577577251438561,-0.03787415229454383,0.16942569732331506,,within_group_loo,Neutral
244.5,ASD,-0.1334516790192292,-0.2260564650436152,-0.04084689299484319,,within_group_loo,Neutral
245.0,TD,0.07309015278018036,-0.013330015157792682,0.1595103207181534,,within_group_loo,Neutral
245.0,ASD,-0.03571556450973867,-0.12968711627619323,0.05825598725671588,,within_group_loo,Neutral
245.5,TD,0.19269984056059572,0.08002567909786691,0.30537400202332454,,within_group_loo,Neutral
245.5,ASD,0.017613620416500206,-0.09077903975913294,0.12600628059213337,,within_group_loo,Neutral
246.0,TD,0.28782919763373455,0.17238519748935277,0.4032731977781163,,within_group_loo,Neutral
246.0,ASD,0.05467379570482314,-0.05930980496574584,0.16865739637539212,,within_group_loo,Neutral
246.5,TD,0.252178912355615,0.14096021933221697,0.36339760537901306,,within_group_loo,Neutral
246.5,ASD,-0.006481599751267788,-0.11859565189997476,0.10563245239743918,,within_group_loo,Neutral
247.0,TD,0.28501046518611073,0.18107929462897565,0.3889416357432458,,within_group_loo,Neutral
247.0,ASD,0.02097219719019971,-0.0954793688944749,0.13742376327487432,,within_group_loo,Neutral
247.5,TD,0.31156733518279006,0.19893276216467057,0.4242019082009095,,within_group_loo,Neutral
247.5,ASD,0.0657428007920441,-0.06286780146634886,0.19435340305043708,,within_group_loo,Neutral
248.0,TD,0.3275169866840033,0.2185841688548512,0.4364498045131554,,within_group_loo,Neutral
248.0,ASD,0.1739353984229197,0.05244478866575607,0.2954260081800833,,within_group_loo,Neutral
248.5,TD,0.10646563858560133,0.017145202615397495,0.19578607455580516,,within_group_loo,Neutral
248.5,ASD,0.1581068865289873,0.06821921026304774,0.24799456279492688,,within_group_loo,Neutral
249.0,TD,0.08120388268005434,-0.02154220406248465,0.18394996942259334,,within_group_loo,Neutral
249.0,ASD,0.18012210651255123,0.07244603101681739,0.28779818200828505,,within_group_loo,Neutral
249.5,TD,0.1820583093248644,0.07349285585972273,0.290623762790006,,within_group_loo,Neutral
249.5,ASD,0.16368612754871956,0.052756748190893044,0.27461550690654607,,within_group_loo,Neutral
250.0,TD,0.17968229021725055,0.06010625572894815,0.2992583247055529,,within_group_loo,Neutral
250.0,ASD,0.17700751212671587,0.07032356549294583,0.2836914587604859,,within_group_loo,Neutral
250.5,TD,0.15770285376737736,0.0466310362632706,0.26877467127148413,,within_group_loo,Neutral
250.5,ASD,0.13122258997519734,0.017999964676160773,0.2444452152742339,,within_group_loo,Neutral
251.0,TD,0.2666004985645487,0.14959614468215382,0.3836048524469436,,within_group_loo,Neutral
251.0,ASD,0.19152271026965356,0.06767292549942938,0.31537249503987774,,within_group_loo,Neutral
251.5,TD,0.2712438032747663,0.14914468206508913,0.3933429244844435,,within_group_loo,Neutral
251.5,ASD,0.08743595618103618,-0.035283452328295425,0.21015536469036777,,within_group_loo,Neutral
252.0,TD,0.2921936866426585,0.18301596413153842,0.40137140915377856,,within_group_loo,Mentalizing
252.0,ASD,0.08435283993014474,-0.026083396490767116,0.19478907635105658,,within_group_loo,Mentalizing
252.5,TD,0.32672157857035705,0.21555470722512782,0.4378884499155863,,within_group_loo,Mentalizing
252.5,ASD,0.15619683670945073,0.04173983317442448,0.270653840244477,,within_group_loo,Mentalizing
253.0,TD,0.33690429541664335,0.2255654242842992,0.4482431665489875,,within_group_loo,Neutral
253.0,ASD,0.20921449943678921,0.0919931215596838,0.3264358773138946,,within_group_loo,Neutral
253.5,TD,0.2709779068000472,0.1724013388898984,0.369554474710196,,within_group_loo,Neutral
253.5,ASD,0.1726602935514549,0.059984702423304004,0.2853358846796058,,within_group_loo,Neutral
254.0,TD,0.13391040209752253,0.014615258914114374,0.2532055452809307,,within_group_loo,Neutral
254.0,ASD,0.07759345474255873,-0.038250984835876675,0.19343789432099412,,within_group_loo,Neutral
254.5,TD,0.09674648130912492,-0.0089952639864299,0.20248822660467974,,within_group_loo,Neutral
254.5,ASD,0.0793483595301797,-0.050435838759182464,0.20913255781954188,,within_group_loo,Neutral
255.0,TD,-0.06911794635043098,-0.1586226030249833,0.020386710324121343,,within_group_loo,Neutral
255.0,ASD,0.09197185748454598,-0.02723429691847444,0.2111780118875664,,within_group_loo,Neutral
255.5,TD,-0.041170563628222405,-0.14558235931170352,0.0632412320552587,,within_group_loo,Mentalizing
255.5,ASD,-0.17179787333703359,-0.2677144132210632,-0.07588133345300395,,within_group_loo,Mentalizing
256.0,TD,-0.08303754627705386,-0.1850890349009234,0.019013942346815693,,within_group_loo,Mentalizing
256.0,ASD,0.070409169041125,-0.036173787402696875,0.17699212548494686,,within_group_loo,Mentalizing
256.5,TD,-0.047591763716079975,-0.14775994545456658,0.05257641802240664,,within_group_loo,Mentalizing
256.5,ASD,0.13339399270447164,0.010020086810237624,0.25676789859870564,,within_group_loo,Mentalizing
257.0,TD,0.019698905762881174,-0.07340510172168314,0.1128029132474455,,within_group_loo,Mentalizing
257.0,ASD,0.11855627920981374,-0.009662551558324378,0.24677510997795185,,within_group_loo,Mentalizing
257.5,TD,0.00748398492815653,-0.08932417460549205,0.1042921444618051,,within_group_loo,Neutral
257.5,ASD,0.046646399702596916,-0.07461541311112473,0.16790821251631854,,within_group_loo,Neutral
258.0,TD,0.0032139032129134895,-0.09559159280901947,0.10201939923484646,,within_group_loo,Mentalizing
258.0,ASD,-0.22895933260903298,-0.3326351998254891,-0.12528346539257684,,within_group_loo,Mentalizing
258.5,TD,0.13196653926282897,0.04243633316701767,0.22149674535864028,,within_group_loo,Mentalizing
258.5,ASD,0.10650899011371097,-0.0009511872348232225,0.21396916746224515,,within_group_loo,Mentalizing
259.0,TD,0.13124304611668006,0.026465016423402488,0.23602107580995763,,within_group_loo,Mentalizing
259.0,ASD,0.21346612857798328,0.08517841521011132,0.34175384194585523,,within_group_loo,Mentalizing
259.5,TD,0.1438137510308164,0.04750687647407545,0.24012062558755734,,within_group_loo,Mentalizing
259.5,ASD,0.2020418645322624,0.07653993238907603,0.32754379667544875,,within_group_loo,Mentalizing
260.0,TD,0.20071425746340688,0.0921140861673275,0.3093144287594862,,within_group_loo,Neutral
260.0,ASD,0.17074210951408486,0.05612396256359835,0.28536025646457136,,within_group_loo,Neutral
260.5,TD,0.1843841020251382,0.07056054431231898,0.2982076597379574,,within_group_loo,Neutral
260.5,ASD,0.10770677073203441,0.003939998365833516,0.2114735430982353,,within_group_loo,Neutral
261.0,TD,0.27494282523423186,0.16306912217020797,0.38681652829825575,,within_group_loo,Neutral
261.0,ASD,0.1598506007011019,0.052613574932904306,0.2670876264692995,,within_group_loo,Neutral
261.5,TD,0.2947406164133014,0.17999798315182192,0.4094832496747809,,within_group_loo,Neutral
261.5,ASD,0.14789999250260433,0.017387286869298857,0.2784126981359098,,within_group_loo,Neutral
262.0,TD,0.30151250416793896,0.196654530728099,0.4063704776077789,,within_group_loo,Neutral
262.0,ASD,0.15998580314566405,0.03702240013954672,0.2829492061517814,,within_group_loo,Neutral
262.5,TD,0.24637031380304708,0.14070178139473155,0.3520388462113626,,within_group_loo,Neutral
262.5,ASD,0.16275312892446722,0.03272113562472648,0.29278512222420794,,within_group_loo,Neutral
263.0,TD,0.22972948021393186,0.11102292740789202,0.3484360330199717,,within_group_loo,Pain-related
263.0,ASD,0.21386344324360868,0.08566335241408296,0.3420635340731344,,within_group_loo,Pain-related
263.5,TD,0.22313397194207435,0.11550385845730274,0.330764085426846,,within_group_loo,Neutral
263.5,ASD,0.15029611398657255,0.02893447344189337,0.27165775453125174,,within_group_loo,Neutral
264.0,TD,0.12725094872334075,0.02206928597314335,0.23243261147353816,,within_group_loo,Neutral
264.0,ASD,0.07832247346647793,-0.02291925048554716,0.17956419741850302,,within_group_loo,Neutral
264.5,TD,0.03470641353705478,-0.0642609245063961,0.13367375158050565,,within_group_loo,Neutral
264.5,ASD,-0.048686526512601885,-0.11461192598149396,0.017238872956290188,,within_group_loo,Neutral
265.0,TD,0.314971554012029,0.2237249116657246,0.40621819635833334,,within_group_loo,Neutral
265.0,ASD,0.15811141181624958,0.05322428768608284,0.2629985359464163,,within_group_loo,Neutral
265.5,TD,0.42630215497758683,0.3281961271233014,0.5244081828318723,,within_group_loo,Neutral
265.5,ASD,0.19923340258111735,0.08364094320888678,0.31482586195334794,,within_group_loo,Neutral
266.0,TD,0.4067044275651461,0.3035715186099027,0.5098373365203894,,within_group_loo,Neutral
266.0,ASD,0.20624552441713376,0.08936600176107966,0.32312504707318784,,within_group_loo,Neutral
266.5,TD,0.28695424488648924,0.18912072902986288,0.3847877607431156,,within_group_loo,Neutral
266.5,ASD,0.12892313046861978,0.028054094963999812,0.22979216597323976,,within_group_loo,Neutral
267.0,TD,0.12989871564141028,0.012310253331302881,0.2474871779515177,,within_group_loo,Neutral
267.0,ASD,0.05878288803186355,-0.0520157143162493,0.1695814903799764,,within_group_loo,Neutral
267.5,TD,0.1122038014424227,-0.006257986870795318,0.23066558975564072,,within_group_loo,Pain-related
267.5,ASD,0.10102151279851718,-0.012721813443767577,0.21476483904080193,,within_group_loo,Pain-related
268.0,TD,0.03737496319789597,-0.08494100325555054,0.1596909296513425,,within_group_loo,Neutral
268.0,ASD,0.11904649978165742,-0.001749536715538652,0.2398425362788535,,within_group_loo,Neutral
268.5,TD,0.140439984303203,0.021326060066282043,0.25955390854012395,,within_group_loo,Neutral
268.5,ASD,0.15036306271043404,0.04270255989149098,0.2580235655293771,,within_group_loo,Neutral
269.0,TD,0.20260888519260858,0.0779139893033127,0.3273037810819045,,within_group_loo,Neutral
269.0,ASD,0.1424200782791187,0.02375865252178215,0.26108150403645525,,within_group_loo,Neutral
269.5,TD,0.223133264798345,0.10043708001868247,0.34582944957800754,,within_group_loo,Neutral
269.5,ASD,0.12193883693800561,0.0016296888150472005,0.242247985060964,,within_group_loo,Neutral
270.0,TD,0.18008981981667457,0.06399823692055744,0.2961814027127917,,within_group_loo,Neutral
270.0,ASD,0.12778356492589932,0.013565757903769071,0.24200137194802956,,within_group_loo,Neutral
270.5,TD,0.07707433944348818,-0.021599742071947717,0.17574842095892407,,within_group_loo,Neutral
270.5,ASD,0.10167381863647783,-0.014654405345914459,0.21800204261887013,,within_group_loo,Neutral
271.0,TD,0.2291073755837915,0.11304960744084173,0.34516514372674123,,within_group_loo,Neutral
271.0,ASD,0.0981271484116844,-0.006055230357303487,0.2023095271806723,,within_group_loo,Neutral
271.5,TD,0.2928964066087636,0.1650522683549969,0.4207405448625303,,within_group_loo,Neutral
271.5,ASD,0.23687937522272914,0.11877486267265842,0.3549838877727999,,within_group_loo,Neutral
272.0,TD,0.31804152260057067,0.20022424214053552,0.4358588030606058,,within_group_loo,Neutral
272.0,ASD,0.24938406073842365,0.12548984676100122,0.37327827471584607,,within_group_loo,Neutral
272.5,TD,0.18759126142220228,0.07594126447859702,0.29924125836580756,,within_group_loo,Neutral
272.5,ASD,0.2241748971832765,0.10749574529321027,0.3408540490733427,,within_group_loo,Neutral
273.0,TD,0.026931862082170625,-0.06142493384487909,0.11528865800922034,,within_group_loo,Neutral
273.0,ASD,0.09536248289957788,-0.0005468942608686522,0.19127186006002442,,within_group_loo,Neutral
273.5,TD,0.019426616665042484,-0.08102948310022497,0.11988271643030994,,within_group_loo,Neutral
273.5,ASD,0.06152820466866304,-0.046881622418127745,0.16993803175545383,,within_group_loo,Neutral
274.0,TD,0.10402942195069573,-0.011780279136479888,0.21983912303787134,,within_group_loo,Neutral
274.0,ASD,-0.018090421181617754,-0.12314319410190633,0.08696235173867081,,within_group_loo,Neutral
274.5,TD,0.17056618528042744,0.05102753797342681,0.2901048325874281,,within_group_loo,Neutral
274.5,ASD,0.07722187002664999,-0.043467262951014926,0.1979110030043149,,within_group_loo,Neutral
275.0,TD,0.20831028131676382,0.0939900804282783,0.32263048220524937,,within_group_loo,Neutral
275.0,ASD,0.07697363444883779,-0.04331547110690044,0.197262740004576,,within_group_loo,Neutral
275.5,TD,0.13332268140725365,0.023889009193118232,0.24275635362138906,,within_group_loo,Neutral
275.5,ASD,0.06967007588320967,-0.04360982017320003,0.18294997193961937,,within_group_loo,Neutral
276.0,TD,0.08931653243296453,-0.012058271751277813,0.19069133661720689,,within_group_loo,Neutral
276.0,ASD,0.06501234416046342,-0.04064370150525566,0.1706683898261825,,within_group_loo,Neutral
276.5,TD,0.12934994835699654,0.036025963542106604,0.22267393317188647,,within_group_loo,Neutral
276.5,ASD,0.06807995306361757,-0.04285962567362213,0.17901953180085728,,within_group_loo,Neutral
277.0,TD,0.1416447096851819,0.05595782945035316,0.22733158992001062,,within_group_loo,Neutral
277.0,ASD,0.053174119392137696,-0.03554512900943999,0.1418933677937154,,within_group_loo,Neutral
277.5,TD,0.10602659264559719,0.00274306650733791,0.20931011878385647,,within_group_loo,Neutral
277.5,ASD,0.06774426537206896,-0.02374198986513079,0.1592305206092687,,within_group_loo,Neutral
278.0,TD,0.14303900317260765,0.044111535889898135,0.24196647045531716,,within_group_loo,Neutral
278.0,ASD,0.04054788834576598,-0.05576497414948165,0.13686075084101362,,within_group_loo,Neutral
278.5,TD,0.20204319213883876,0.13035304785371368,0.2737333364239638,,within_group_loo,Neutral
278.5,ASD,0.11855008788932762,0.031734300837377535,0.20536587494127773,,within_group_loo,Neutral
279.0,TD,0.18538899838275943,0.10127731670388641,0.26950068006163247,,within_group_loo,Neutral
279.0,ASD,0.09860653664961334,-0.01870336123293942,0.2159164345321661,,within_group_loo,Neutral
279.5,TD,0.204206602862935,0.11498329765395851,0.2934299080719115,,within_group_loo,Neutral
279.5,ASD,0.08800384311836452,-0.03552993560691989,0.21153762184364894,,within_group_loo,Neutral
280.0,TD,0.18987892418107585,0.0987065139400165,0.2810513344221352,,within_group_loo,Neutral
280.0,ASD,0.11270595672575152,-0.005894196606203703,0.23130611005770674,,within_group_loo,Neutral
280.5,TD,-0.13479422390861956,-0.22736406976208895,-0.042224378055150155,,within_group_loo,Neutral
280.5,ASD,0.11490860251462252,-0.020032106000534525,0.24984931102977959,,within_group_loo,Neutral
281.0,TD,-0.08381617730322241,-0.17242434914511942,0.004791994538674599,,within_group_loo,Neutral
281.0,ASD,0.07083204720986025,-0.062173001272156025,0.20383709569187652,,within_group_loo,Neutral
281.5,TD,-0.08604086756256411,-0.1674644895732244,-0.004617245551903806,,within_group_loo,Neutral
281.5,ASD,-0.05282962333621683,-0.16202392872579827,0.05636468205336461,,within_group_loo,Neutral
282.0,TD,-0.06371900437051962,-0.15000812526673385,0.0225701165256946,,within_group_loo,Neutral
282.0,ASD,0.02486141428531282,-0.07506472636321351,0.12478755493383917,,within_group_loo,Neutral
282.5,TD,0.09589016686393068,-0.020025906973910407,0.21180624070177176,,within_group_loo,Neutral
282.5,ASD,0.021001387783736346,-0.08160546862106004,0.12360824418853274,,within_group_loo,Neutral
283.0,TD,0.096086006123024,-0.026649001941600636,0.21882101418764863,,within_group_loo,Neutral
283.0,ASD,0.017576379830387883,-0.090723075583824,0.12587583524459978,,within_group_loo,Neutral
283.5,TD,0.12562576269170947,0.011256680763112134,0.2399948446203068,,within_group_loo,Neutral
283.5,ASD,0.024716132791814092,-0.08457946376204611,0.1340117293456743,,within_group_loo,Neutral
284.0,TD,0.12984904792862056,0.01786817327096267,0.24182992258627845,,within_group_loo,Neutral
284.0,ASD,-0.11159019531289283,-0.19807691651778,-0.025103474108005647,,within_group_loo,Neutral
284.5,TD,0.2124982179558076,0.10033537480936626,0.3246610611022489,,within_group_loo,Neutral
284.5,ASD,-0.1087840877083297,-0.19763862419938208,-0.019929551217277325,,within_group_loo,Neutral
285.0,TD,0.16949195385675586,0.061245203585791955,0.2777387041277198,,within_group_loo,Neutral
285.0,ASD,0.03724586511546615,-0.07500657652605805,0.14949830675699036,,within_group_loo,Neutral
285.5,TD,0.178167524959312,0.07710698234355767,0.27922806757506635,,within_group_loo,Neutral
285.5,ASD,0.11538835340892512,0.0027355953826179447,0.22804111143523229,,within_group_loo,Neutral
286.0,TD,0.18426133139371248,0.06886956240449096,0.299653100382934,,within_group_loo,Neutral
286.0,ASD,0.10923474461835421,-0.0062381235333330565,0.22470761277004148,,within_group_loo,Neutral
286.5,TD,0.20467666041570534,0.09802733677423824,0.31132598405717243,,within_group_loo,Neutral
286.5,ASD,0.09955835884635014,-0.001966630493648508,0.2010833481863488,,within_group_loo,Neutral
287.0,TD,0.22630772281317377,0.1245096034190771,0.32810584220727046,,within_group_loo,Neutral
287.0,ASD,0.15363552709846265,0.0417816993856161,0.2654893548113092,,within_group_loo,Neutral
287.5,TD,0.23654216554120844,0.11969790774951368,0.3533864233329032,,within_group_loo,Neutral
287.5,ASD,0.2151758166799898,0.09780672394952998,0.3325449094104496,,within_group_loo,Neutral
288.0,TD,0.18936195961980237,0.07717551470349089,0.30154840453611387,,within_group_loo,Neutral
288.0,ASD,0.1929940892914561,0.08028476363991607,0.30570341494299613,,within_group_loo,Neutral
288.5,TD,0.09975226224073327,-0.027885294488571327,0.22738981897003788,,within_group_loo,Neutral
288.5,ASD,0.05937650177796179,-0.0667334792327924,0.185486482788716,,within_group_loo,Neutral
289.0,TD,0.025857731046513472,-0.0949991409496561,0.14671460304268305,,within_group_loo,Neutral
289.0,ASD,0.026795102156048706,-0.07586233197502261,0.12945253628712003,,within_group_loo,Neutral
289.5,TD,0.044570590526288784,-0.05886134684038291,0.14800252789296048,,within_group_loo,Neutral
289.5,ASD,0.04261761551098059,-0.07732565407490775,0.16256088509686895,,within_group_loo,Neutral
290.0,TD,0.06721264922218786,-0.05660123129908559,0.19102652974346132,,within_group_loo,Neutral
290.0,ASD,0.08265554396154084,-0.02099410137792261,0.18630518930100431,,within_group_loo,Neutral
290.5,TD,0.12607115718591727,0.006579864225627022,0.24556245014620753,,within_group_loo,Neutral
290.5,ASD,0.1025947505370752,6.943894706600007e-05,0.2051200621270844,,within_group_loo,Neutral
291.0,TD,0.1161895391972487,-0.0019025484792790787,0.23428162687377646,,within_group_loo,Neutral
291.0,ASD,0.12070043520384961,0.008727461589639551,0.23267340881805967,,within_group_loo,Neutral
291.5,TD,-0.01684189379673482,-0.13882139780981487,0.10513761021634521,,within_group_loo,Neutral
291.5,ASD,0.10705718188855494,0.0014519806835801147,0.21266238309352975,,within_group_loo,Neutral
292.0,TD,0.030712878136367857,-0.06817895046178434,0.12960470673452004,,within_group_loo,Neutral
292.0,ASD,0.1279868455189546,0.009214036971218517,0.24675965406669065,,within_group_loo,Neutral
292.5,TD,0.0024541507073400815,-0.10694457348883352,0.11185287490351367,,within_group_loo,Neutral
292.5,ASD,0.1183458727073895,-0.0035860322928908256,0.24027777770766984,,within_group_loo,Neutral
293.0,TD,0.06171982124021847,-0.04033781341884329,0.16377745589928022,,within_group_loo,Neutral
293.0,ASD,0.1231354062391675,0.013006702964317524,0.23326410951401746,,within_group_loo,Neutral
293.5,TD,0.09973526094964602,-0.011470991894861463,0.2109415137941535,,within_group_loo,Neutral
293.5,ASD,0.14322311465175006,0.031026005095544443,0.2554202242079557,,within_group_loo,Neutral
294.0,TD,0.11323761723439223,-0.008515007596586133,0.23499024206537059,,within_group_loo,Neutral
294.0,ASD,0.1432909631487053,0.029443037137558206,0.2571388891598524,,within_group_loo,Neutral
294.5,TD,0.032375106362145835,-0.07230939075749801,0.13705960348178967,,within_group_loo,Neutral
294.5,ASD,0.019712189812355625,-0.08293129434301466,0.12235567396772593,,within_group_loo,Neutral
295.0,TD,-0.14586756584882532,-0.23014703705955955,-0.06158809463809109,,within_group_loo,Neutral
295.0,ASD,-0.06297288869777254,-0.14070712001249353,0.014761342616948447,,within_group_loo,Neutral
295.5,TD,-0.03579393433493618,-0.1367475190204257,0.06515965035055332,,within_group_loo,Neutral
295.5,ASD,-0.08052964692355001,-0.16605789732808923,0.004998603480989211,,within_group_loo,Neutral
296.0,TD,0.05116635424764788,-0.06413872388442221,0.16647143237971795,,within_group_loo,Neutral
296.0,ASD,-0.08253587720885575,-0.19134409008495043,0.02627233566723894,,within_group_loo,Neutral
296.5,TD,0.09812675159685616,-0.02145176609572627,0.2177052692894386,,within_group_loo,Neutral
296.5,ASD,-0.10357592756365543,-0.1888440007051947,-0.01830785442211616,,within_group_loo,Neutral
297.0,TD,0.09700189702113046,-0.02021093910877951,0.21421473315104045,,within_group_loo,Neutral
297.0,ASD,-0.09939830528900905,-0.19196779099832276,-0.006828819579695333,,within_group_loo,Neutral
297.5,TD,0.05275212460932235,-0.05462091633730417,0.16012516555594886,,within_group_loo,Neutral
297.5,ASD,-0.09495000561316574,-0.20016688839701427,0.010266877170682781,,within_group_loo,Neutral
298.0,TD,0.07247527163706195,-0.047088365953034575,0.1920389092271585,,within_group_loo,Neutral
298.0,ASD,-0.06935950461408157,-0.1759272095599829,0.03720820033181976,,within_group_loo,Neutral
298.5,ASD,-0.09920436701639149,-0.3317037565028305,0.13329502247004754,,within_group_loo,Neutral
299.0,ASD,-0.13385548535690397,-0.43943904224764485,0.17172807153383693,,within_group_loo,Neutral
299.5,ASD,-0.09375592738269495,-0.4200909092450544,0.23257905447966448,,within_group_loo,Neutral
300.0,ASD,-0.03694454151853424,-0.3346368227268367,0.26074773968976817,,within_group_loo,Neutral
300.5,ASD,-0.38238349172870395,-0.5606975338991992,-0.20406944955820872,,within_group_loo,Neutral
301.0,ASD,-0.20933084036251054,-0.47211092279252653,0.053449242067505454,,within_group_loo,Neutral
301.5,ASD,-0.0580169716514133,-0.3679468502496344,0.25191290694680785,,within_group_loo,Neutral
302.0,ASD,-0.11865852578267552,-0.4012427909451495,0.16392573937979846,,within_group_loo,Neutral
302.5,ASD,-0.06119251665489511,-0.33929277202792707,0.21690773871813684,,within_group_loo,Neutral
303.0,ASD,-0.12781260439607925,-0.35274502574677724,0.09711981695461874,,within_group_loo,Neutral
303.5,ASD,0.08734292437495444,-0.12621710880041426,0.30090295755032315,,within_group_loo,Neutral
304.0,ASD,-0.077166293288735,-0.26733352775399466,0.11300094117652465,,within_group_loo,Neutral
304.5,ASD,0.18986931348640795,0.0151557565788758,0.3645828703939401,,within_group_loo,Neutral
305.0,ASD,0.17737175400210084,0.015835412393919834,0.33890809561028185,,within_group_loo,Neutral
305.5,ASD,0.10830764636700237,-0.11111293235645424,0.32772822509045896,,within_group_loo,Neutral
306.0,ASD,0.09955489805111274,-0.12121702930129515,0.32032682540352064,,within_group_loo,Neutral
306.5,ASD,0.3949954465511408,0.20633863817138132,0.5836522549309003,,within_group_loo,Neutral
307.0,ASD,0.31832344260445977,0.07137567850985366,0.5652712066990659,,within_group_loo,Neutral
307.5,ASD,0.158861450219078,-0.10673028197353729,0.4244531824116933,,within_group_loo,Neutral
308.0,ASD,0.15860122100596624,-0.07639640003046555,0.39359884204239803,,within_group_loo,Neutral
308.5,ASD,0.21077100593278142,-0.021179823128577746,0.4427218349941406,,within_group_loo,Neutral
309.0,ASD,0.005222646411492532,-0.23621220212227786,0.24665749494526293,,within_group_loo,Neutral
309.5,ASD,-0.057160097162251344,-0.2293985215515748,0.11507832722707212,,within_group_loo,Neutral
310.0,ASD,-0.13159068389541284,-0.2874409558752674,0.024259588084441702,,within_group_loo,Neutral
310.5,ASD,0.023864400473364786,-0.13868218064258697,0.18641098158931657,,within_group_loo,Neutral
311.0,ASD,-0.1220066451689957,-0.3411731302463571,0.09715983990836566,,within_group_loo,Neutral
311.5,ASD,0.12634895981252464,-0.12046029285519694,0.3731582124802462,,within_group_loo,Neutral
312.0,ASD,0.27825370333252,0.02874267968569791,0.5277647269793421,,within_group_loo,Neutral
312.5,ASD,0.2819559305485226,0.0381723563145179,0.5257395047825273,,within_group_loo,Neutral
313.0,ASD,0.11224798242805957,-0.14295611561182364,0.36745208046794275,,within_group_loo,Neutral
313.5,ASD,0.11967956392251801,-0.16534737784732262,0.4047065056923586,,within_group_loo,Neutral
314.0,ASD,0.24399208377661558,-0.05654209306128466,0.5445262606145158,,within_group_loo,Neutral
314.5,ASD,0.19123946332566383,-0.08742078089196265,0.4698997075432903,,within_group_loo,Neutral
315.0,ASD,0.05920356600588118,-0.16823649083813447,0.2866436228498968,,within_group_loo,Neutral
315.5,ASD,-0.13542080253606145,-0.4294091617494109,0.15856755667728803,,within_group_loo,Neutral
316.0,ASD,0.007178792350018459,-0.2608267085879407,0.2751842932879776,,within_group_loo,Neutral
316.5,ASD,0.433121928319569,0.17701651291262432,0.6892273437265137,,within_group_loo,Neutral
317.0,ASD,0.5936760386735869,0.3723174762802487,0.815034601066925,,within_group_loo,Neutral
317.5,ASD,0.5533015544189563,0.3538980894148572,0.7527050194230556,,within_group_loo,Neutral
318.0,ASD,0.5214589712815313,0.3060067212673292,0.7369112212957334,,within_group_loo,Neutral
318.5,ASD,0.713189630204463,0.5714539906009556,0.8549252698079705,,within_group_loo,Neutral
319.0,ASD,0.47892559767605014,0.26042490704225446,0.6974262883098459,,within_group_loo,Neutral
319.5,ASD,0.14371413538552016,-0.575350265521015,0.8627785362920553,,within_group_loo,Neutral
320.0,ASD,-0.18253464791377264,-0.6252359148604806,0.26016661903293525,,within_group_loo,Neutral
320.5,ASD,-0.06277659340780492,-0.5824330238909864,0.4568798370753765,,within_group_loo,Neutral
321.0,ASD,0.018418842140376354,-0.42917276265275706,0.4660104469335098,,within_group_loo,Neutral
321.5,ASD,0.14040276570482063,-0.09273159218079394,0.3735371235904352,,within_group_loo,Neutral
322.0,ASD,0.37974709560317815,-0.0015103496895388924,0.7610045408958952,,within_group_loo,Neutral
322.5,ASD,0.2694961804236259,-0.0768721384656268,0.6158644993128786,,within_group_loo,Neutral
323.0,ASD,0.21546926566129418,-0.14596642637898175,0.5769049577015701,,within_group_loo,Neutral
323.5,ASD,-0.37307984474583494,-0.946756007838186,0.2005963183465161,,within_group_loo,Neutral
324.0,ASD,-0.22458612787978086,-0.9804076199910408,0.5312353642314791,,within_group_loo,Neutral
324.5,ASD,-0.2763162453173564,-1.040794581973234,0.48816209133852123,,within_group_loo,Neutral
325.0,ASD,-0.4308301401157396,-1.0908713144016278,0.22921103417014865,,within_group_loo,Neutral
325.5,ASD,-0.42666302255379135,-1.1137390060802745,0.2604129609726918,,within_group_loo,Neutral
326.0,ASD,-0.22288962451436672,-0.7877064208994975,0.3419271718707641,,within_group_loo,Neutral
326.5,ASD,0.27410727469522567,0.06736090065191438,0.480853648738537,,within_group_loo,Neutral
327.0,ASD,0.1355169563865988,-0.287407283886134,0.5584411966593317,,within_group_loo,Neutral
327.5,ASD,-0.009934388046697717,-0.3556639814596493,0.33579520536625385,,within_group_loo,Neutral
328.0,ASD,-0.18827414313968957,-0.7965143804079352,0.419966094128556,,within_group_loo,Neutral
328.5,ASD,-0.16910370642144446,-0.6902633635311688,0.3520559506882799,,within_group_loo,Neutral
329.0,ASD,-0.17529441835936993,-0.7358059809247428,0.3852171442060029,,within_group_loo,Neutral
329.5,ASD,0.00525562711298733,-0.5715897923669018,0.5821010465928764,,within_group_loo,Neutral
330.0,ASD,0.008176920578647037,-0.5856108066239508,0.6019646477812449,,within_group_loo,Neutral
330.5,ASD,-0.4017684546463076,-0.8616493945345232,0.058112485241907985,,within_group_loo,Neutral
331.0,ASD,-0.7032469466467195,-0.8874103406454947,-0.5190835526479443,,within_group_loo,Neutral
331.5,ASD,-0.7752371949188922,-0.854150359421387,-0.6963240304163975,,within_group_loo,Neutral
332.0,ASD,0.03203995262681751,-0.31191720114089555,0.3759971063945306,,within_group_loo,Neutral
332.5,ASD,0.24661324042338711,-0.23269634313855775,0.7259228239853319,,within_group_loo,Neutral
333.0,ASD,0.11933441029513671,-0.3808024026384552,0.6194712232287286,,within_group_loo,Neutral
333.5,ASD,-0.10668669075667495,-0.7178686878640416,0.5044953063506917,,within_group_loo,Neutral
334.0,ASD,-0.163257515399458,-0.6976725045351195,0.37115747373620356,,within_group_loo,Neutral
334.5,ASD,-0.3438950391802171,-0.6078695180397891,-0.07992056032064504,,within_group_loo,Neutral
335.0,ASD,-0.049321755165892676,-0.5712824217178666,0.4726389113860813,,within_group_loo,Neutral
335.5,ASD,-0.18221388191442378,-0.9566964808090593,0.5922687169802118,,within_group_loo,Neutral
336.0,ASD,0.03425533200144888,-0.7478647527834011,0.816375416786299,,within_group_loo,Neutral
336.5,ASD,-0.5062416203912221,-0.8487447335941962,-0.16373850718824806,,within_group_loo,Neutral
337.0,ASD,-0.05813110560406578,-0.46954866568665954,0.353286454478528,,within_group_loo,Neutral
337.5,ASD,0.09170195107738076,-0.2610799756595235,0.44448387781428506,,within_group_loo,Neutral
338.0,ASD,-0.05835339438669693,-0.713178958167266,0.596472169393872,,within_group_loo,Neutral
338.5,ASD,-0.1746128973016806,-0.4773412341346521,0.12811543953129093,,within_group_loo,Neutral
339.0,ASD,0.6139712529640226,0.34473673863976073,0.8832057672882844,,within_group_loo,Neutral
339.5,ASD,0.4316044016145326,-0.011807497452217486,0.8750163006812828,,within_group_loo,Neutral
340.0,ASD,0.22342140984665038,-0.2712045740618604,0.7180473937551611,,within_group_loo,Neutral
340.5,ASD,0.07873436983836941,-0.22422498455634,0.3816937242330788,,within_group_loo,Neutral
341.0,ASD,-0.36535179377616117,-0.6229752287946548,-0.10772835875766756,,within_group_loo,Neutral
341.5,ASD,-0.4263863249820343,-1.1453353958022854,0.29256274583821673,,within_group_loo,Neutral
342.0,ASD,-0.3934615497120064,-1.2370581531049314,0.45013505368091855,,within_group_loo,Neutral
342.5,ASD,-0.36041860268162956,-0.9447355274575606,0.22389832209430155,,within_group_loo,Neutral
343.0,ASD,-0.5192730791582015,-0.780692008701576,-0.2578541496148271,,within_group_loo,Neutral
343.5,ASD,-0.7320215081527939,-0.8440479344915187,-0.619995081814069,,within_group_loo,Neutral
344.0,ASD,-0.5000156173877953,-0.7447790289088189,-0.2552522058667718,,within_group_loo,Neutral
344.5,ASD,0.13770274209352729,-0.5032253967030621,0.7786308808901167,,within_group_loo,Neutral
345.0,ASD,-0.10549395037858236,-0.516772782404822,0.30578488164765727,,within_group_loo,Neutral
345.5,ASD,0.09773179067490351,-0.36146776700686634,0.5569313483566734,,within_group_loo,Neutral
346.0,ASD,0.20332956637537836,-0.1088444269506133,0.51550355970137,,within_group_loo,Neutral
346.5,ASD,0.2828374503662586,-0.22644959231400263,0.7921244930465199,,within_group_loo,Neutral
347.0,ASD,-0.1325280665965754,-0.6102466897865455,0.3451905565933947,,within_group_loo,Neutral
347.5,ASD,-0.31414234688176346,-0.6454603899416814,0.01717569617815451,,within_group_loo,Neutral
348.0,ASD,-0.18001794306975258,-0.7409656133339374,0.3809297271944322,,within_group_loo,Neutral
348.5,ASD,-0.27141236314875256,-0.7334485053355131,0.19062377903800792,,within_group_loo,Neutral
349.0,ASD,-0.30409350319873013,-0.759401342381179,0.1512143359837187,,within_group_loo,Neutral
349.5,ASD,-0.1114891091396731,-0.6570147903415776,0.4340365720622314,,within_group_loo,Neutral
350.0,ASD,0.0037899499813629778,-0.6366118894873305,0.6441917894500564,,within_group_loo,Neutral
350.5,ASD,-0.11194287856306402,-0.6160611442348823,0.39217538710875427,,within_group_loo,Neutral
351.0,ASD,0.31485618175923524,-0.17483146639057173,0.8045438299090422,,within_group_loo,Neutral
351.5,ASD,0.09832669103129127,-0.18242803402218122,0.37908141608476376,,within_group_loo,Neutral
352.0,ASD,0.0930890180989298,-0.37063174269506904,0.5568097788929286,,within_group_loo,Neutral
352.5,ASD,0.17344543634503232,-0.22654430258253386,0.5734351752725985,,within_group_loo,Neutral
353.0,ASD,0.4692732250449562,0.06638615808121873,0.8721602920086937,,within_group_loo,Neutral
353.5,ASD,0.3664867100217163,-0.32017404407540584,1.0531474641188385,,within_group_loo,Neutral
354.0,ASD,0.2904408741934419,-0.2718870845158845,0.8527688329027683,,within_group_loo,Neutral
354.5,ASD,-0.0041189842588930424,-0.5758080481164325,0.5675700795986465,,within_group_loo,Neutral
355.0,ASD,-0.08949651315797831,-0.8190467302826513,0.6400537039666946,,within_group_loo,Neutral
355.5,ASD,-0.6825825650259758,-0.9318372920936939,-0.43332783795825774,,within_group_loo,Neutral
356.0,ASD,0.009257413327117528,-0.7449409864555473,0.7634558131097823,,within_group_loo,Neutral
356.5,ASD,-0.052350158175313855,-0.9123065447101788,0.8076062283595511,,within_group_loo,Neutral
357.0,ASD,-0.20701399910760956,-1.0156391675279175,0.6016111693126984,,within_group_loo,Neutral
357.5,ASD,-0.3718079987405811,-0.8913551867603601,0.14773918927919782,,within_group_loo,Neutral
358.0,ASD,-0.6587940798116705,-0.9357204703539529,-0.3818676892693881,,within_group_loo,Neutral
358.5,ASD,-0.6857381350880946,-1.092341174789328,-0.2791350953868612,,within_group_loo,Neutral
359.0,ASD,-0.00043290678548605727,-0.7113810069183946,0.7105151933474225,,within_group_loo,Neutral
359.5,ASD,-0.09596062402714012,-0.6846543293318857,0.4927330812776055,,within_group_loo,Neutral
360.0,ASD,0.004698541499896809,-0.4577267522555501,0.4671238352553437,,within_group_loo,Neutral
360.5,ASD,0.14031799548792948,-0.3821155017504384,0.6627514927262973,,within_group_loo,Neutral
361.0,ASD,0.4210983136594067,0.21677992709169322,0.6254167002271201,,within_group_loo,Neutral
361.5,ASD,0.34058896340909744,-0.269428842511045,0.9506067693292399,,within_group_loo,Neutral
362.0,ASD,0.4863022299252406,0.08560103093552573,0.8870034289149554,,within_group_loo,Neutral
362.5,ASD,-0.07892547732076667,-0.56838838253388,0.41053742789234665,,within_group_loo,Neutral
363.0,ASD,-0.31968346590155133,-0.9269863969407774,0.2876194651376747,,within_group_loo,Neutral
363.5,ASD,0.17314757054348062,-0.7829991120639517,1.129294253150913,,within_group_loo,Neutral
364.0,ASD,0.027814311528633062,-0.45789863187904156,0.5135272549363077,,within_group_loo,Neutral
364.5,ASD,0.5832230209803738,0.4549960663973238,0.7114499755634238,,within_group_loo,Neutral
365.0,ASD,0.7118965695258699,0.6951957604977824,0.7285973785539573,,within_group_loo,Neutral
365.5,ASD,0.8272981843300643,0.6605323955330955,0.9940639731270331,,within_group_loo,Neutral
366.0,ASD,0.5327930480947268,0.3046694162793614,0.7609166799100923,,within_group_loo,Neutral
366.5,ASD,0.46397317694611245,0.07683289451248054,0.8511134593797444,,within_group_loo,Neutral
367.0,ASD,0.4757196493935243,0.2788705691042847,0.6725687296827638,,within_group_loo,Neutral
367.5,ASD,0.703002832999755,0.4586454346043902,0.9473602313951197,,within_group_loo,Neutral
368.0,ASD,0.05532623986429434,-0.6497212390940147,0.7603737188226033,,within_group_loo,Neutral
368.5,ASD,0.0955925909449128,-0.2947906939754487,0.4859758758652743,,within_group_loo,Neutral
369.0,ASD,0.7433178299823038,0.5872458431093643,0.8993898168552432,,within_group_loo,Neutral
369.5,ASD,0.5588049588592681,0.38799343316314505,0.7296164845553911,,within_group_loo,Neutral
370.0,ASD,-0.07015774474349554,-0.3507024622847973,0.2103869727978062,,within_group_loo,Neutral
