resample_id,beta_interaction,segment,cohort,interaction_term
0,-0.3491973561757245,mental,main_overlap,posterior_exponent × group
1,-0.2234922933737213,mental,main_overlap,posterior_exponent × group
2,-0.2299582862306833,mental,main_overlap,posterior_exponent × group
3,-0.3991542092466296,mental,main_overlap,posterior_exponent × group
4,-0.2177148267047098,mental,main_overlap,posterior_exponent × group
5,-0.4749887605693694,mental,main_overlap,posterior_exponent × group
6,-0.4803187157708397,mental,main_overlap,posterior_exponent × group
7,-0.2728327424756493,mental,main_overlap,posterior_exponent × group
8,-0.7499028535228499,mental,main_overlap,posterior_exponent × group
9,-0.2797059603634564,mental,main_overlap,posterior_exponent × group
10,-0.3788523487667456,mental,main_overlap,posterior_exponent × group
11,-0.164578562853279,mental,main_overlap,posterior_exponent × group
12,-0.4874750800890299,mental,main_overlap,posterior_exponent × group
13,-0.3211448337603328,mental,main_overlap,posterior_exponent × group
14,-0.5224254118616891,mental,main_overlap,posterior_exponent × group
15,-0.2275701474362935,mental,main_overlap,posterior_exponent × group
16,-0.5478151982397184,mental,main_overlap,posterior_exponent × group
17,-0.4517211061766815,mental,main_overlap,posterior_exponent × group
18,-1.0222310621675157,mental,main_overlap,posterior_exponent × group
19,-0.7690064254733523,mental,main_overlap,posterior_exponent × group
20,-0.3196137849400988,mental,main_overlap,posterior_exponent × group
21,-0.1025013201046523,mental,main_overlap,posterior_exponent × group
22,-0.3247727722153149,mental,main_overlap,posterior_exponent × group
23,-0.4934701702374985,mental,main_overlap,posterior_exponent × group
24,-0.385552981740993,mental,main_overlap,posterior_exponent × group
25,-0.6941154475176197,mental,main_overlap,posterior_exponent × group
26,-0.2995450664337455,mental,main_overlap,posterior_exponent × group
27,-0.7349987349792498,mental,main_overlap,posterior_exponent × group
28,-0.1961993564738026,mental,main_overlap,posterior_exponent × group
29,-0.2906002536316022,mental,main_overlap,posterior_exponent × group
30,-0.5461193114442264,mental,main_overlap,posterior_exponent × group
31,-0.3433256207533478,mental,main_overlap,posterior_exponent × group
32,-0.3809659069417297,mental,main_overlap,posterior_exponent × group
33,-0.3646818034233123,mental,main_overlap,posterior_exponent × group
34,-0.2611046859573965,mental,main_overlap,posterior_exponent × group
35,-0.3332393455638505,mental,main_overlap,posterior_exponent × group
36,-0.1815393199237246,mental,main_overlap,posterior_exponent × group
37,-0.3163075884960439,mental,main_overlap,posterior_exponent × group
38,-0.5418779294422144,mental,main_overlap,posterior_exponent × group
39,-0.2739856742683068,mental,main_overlap,posterior_exponent × group
40,-0.4473836990423049,mental,main_overlap,posterior_exponent × group
41,-0.2660543562819385,mental,main_overlap,posterior_exponent × group
42,-0.4410614845025373,mental,main_overlap,posterior_exponent × group
43,-0.2437571244761658,mental,main_overlap,posterior_exponent × group
44,-0.654601495998915,mental,main_overlap,posterior_exponent × group
45,-0.4371331517727593,mental,main_overlap,posterior_exponent × group
46,-0.6024581015243125,mental,main_overlap,posterior_exponent × group
47,-0.789444323979862,mental,main_overlap,posterior_exponent × group
48,-0.3830377917555688,mental,main_overlap,posterior_exponent × group
49,-0.3859874168487811,mental,main_overlap,posterior_exponent × group
50,-0.3026901216009275,mental,main_overlap,posterior_exponent × group
51,-0.4105937816563104,mental,main_overlap,posterior_exponent × group
52,-0.3693590518329659,mental,main_overlap,posterior_exponent × group
53,-0.3891138320064133,mental,main_overlap,posterior_exponent × group
54,-0.3298657300774963,mental,main_overlap,posterior_exponent × group
55,0.0637464220726127,mental,main_overlap,posterior_exponent × group
56,-0.5929980115367904,mental,main_overlap,posterior_exponent × group
57,-0.4308659964169611,mental,main_overlap,posterior_exponent × group
58,-0.4558159974193149,mental,main_overlap,posterior_exponent × group
59,-0.2832736756890779,mental,main_overlap,posterior_exponent × group
60,-0.3508401394037405,mental,main_overlap,posterior_exponent × group
61,-0.6512928272510266,mental,main_overlap,posterior_exponent × group
62,-0.5676251710820814,mental,main_overlap,posterior_exponent × group
63,0.005336618690822,mental,main_overlap,posterior_exponent × group
64,-0.77283617845533,mental,main_overlap,posterior_exponent × group
65,-0.2321865006446866,mental,main_overlap,posterior_exponent × group
66,-0.2296824876934675,mental,main_overlap,posterior_exponent × group
67,-0.1205298117897043,mental,main_overlap,posterior_exponent × group
68,-0.284598166825967,mental,main_overlap,posterior_exponent × group
69,-0.0831822223476131,mental,main_overlap,posterior_exponent × group
70,-0.0908238430418294,mental,main_overlap,posterior_exponent × group
71,-0.2856307196987598,mental,main_overlap,posterior_exponent × group
72,-0.5551471904801912,mental,main_overlap,posterior_exponent × group
73,0.0573562795008718,mental,main_overlap,posterior_exponent × group
74,-0.4020304194479822,mental,main_overlap,posterior_exponent × group
75,-0.1999157947634676,mental,main_overlap,posterior_exponent × group
76,-0.3969479776316108,mental,main_overlap,posterior_exponent × group
77,-0.4489620365729228,mental,main_overlap,posterior_exponent × group
78,-0.1073272278516934,mental,main_overlap,posterior_exponent × group
79,-0.1786694416168819,mental,main_overlap,posterior_exponent × group
80,-0.1429556922426855,mental,main_overlap,posterior_exponent × group
81,-0.650833069345482,mental,main_overlap,posterior_exponent × group
82,-0.1994002681241533,mental,main_overlap,posterior_exponent × group
83,-0.2887480992904972,mental,main_overlap,posterior_exponent × group
84,-0.3229110945244818,mental,main_overlap,posterior_exponent × group
85,-0.2993866395102575,mental,main_overlap,posterior_exponent × group
86,0.0275202036633711,mental,main_overlap,posterior_exponent × group
87,-0.3800082462747565,mental,main_overlap,posterior_exponent × group
88,-0.6861044777119006,mental,main_overlap,posterior_exponent × group
89,-0.3602789982214207,mental,main_overlap,posterior_exponent × group
90,-0.8054592496422035,mental,main_overlap,posterior_exponent × group
91,-0.1847339776023413,mental,main_overlap,posterior_exponent × group
92,-0.4203421319104602,mental,main_overlap,posterior_exponent × group
93,-0.1173244086215699,mental,main_overlap,posterior_exponent × group
94,-0.2287668243636578,mental,main_overlap,posterior_exponent × group
95,-0.5768229176607426,mental,main_overlap,posterior_exponent × group
96,-0.3889298095956479,mental,main_overlap,posterior_exponent × group
97,-0.0474992068951917,mental,main_overlap,posterior_exponent × group
98,-0.2280643285749353,mental,main_overlap,posterior_exponent × group
99,-0.3727945774161365,mental,main_overlap,posterior_exponent × group
100,-0.6232106674193371,mental,main_overlap,posterior_exponent × group
101,-0.2316400040540819,mental,main_overlap,posterior_exponent × group
102,-0.7041896916524498,mental,main_overlap,posterior_exponent × group
103,-0.3605169990373964,mental,main_overlap,posterior_exponent × group
104,-0.2434677239239579,mental,main_overlap,posterior_exponent × group
105,-0.0352148906050745,mental,main_overlap,posterior_exponent × group
106,-0.5914076963667376,mental,main_overlap,posterior_exponent × group
107,-0.5098582711775493,mental,main_overlap,posterior_exponent × group
108,-0.3329494671108795,mental,main_overlap,posterior_exponent × group
109,-0.4603615481194768,mental,main_overlap,posterior_exponent × group
110,-0.4731934152318472,mental,main_overlap,posterior_exponent × group
111,-0.7875011938404447,mental,main_overlap,posterior_exponent × group
112,-0.313032628945753,mental,main_overlap,posterior_exponent × group
113,-0.2810841592177075,mental,main_overlap,posterior_exponent × group
114,-0.4349791930707534,mental,main_overlap,posterior_exponent × group
115,-0.3027215126152391,mental,main_overlap,posterior_exponent × group
116,-0.6839537496509331,mental,main_overlap,posterior_exponent × group
117,-0.3164207302379074,mental,main_overlap,posterior_exponent × group
118,-0.5224473218279039,mental,main_overlap,posterior_exponent × group
119,0.0781119930150059,mental,main_overlap,posterior_exponent × group
120,-0.5824607463006459,mental,main_overlap,posterior_exponent × group
121,-0.1273649092406754,mental,main_overlap,posterior_exponent × group
122,-0.379805881261126,mental,main_overlap,posterior_exponent × group
123,-0.2760419136154196,mental,main_overlap,posterior_exponent × group
124,-0.2034231850150699,mental,main_overlap,posterior_exponent × group
125,-0.6562864025178531,mental,main_overlap,posterior_exponent × group
126,-0.3370793819947954,mental,main_overlap,posterior_exponent × group
127,-0.430448820368649,mental,main_overlap,posterior_exponent × group
128,-0.4453083884788815,mental,main_overlap,posterior_exponent × group
129,-0.1117895041144653,mental,main_overlap,posterior_exponent × group
130,-0.2807720767181849,mental,main_overlap,posterior_exponent × group
131,-0.6771361998764007,mental,main_overlap,posterior_exponent × group
132,-0.4610261920288958,mental,main_overlap,posterior_exponent × group
133,0.2824009835023519,mental,main_overlap,posterior_exponent × group
134,-0.4552606639831653,mental,main_overlap,posterior_exponent × group
135,-0.4821552568061641,mental,main_overlap,posterior_exponent × group
136,-0.1832648284966454,mental,main_overlap,posterior_exponent × group
137,-0.6491703194285944,mental,main_overlap,posterior_exponent × group
138,-0.5431047676502011,mental,main_overlap,posterior_exponent × group
139,-0.662953681792335,mental,main_overlap,posterior_exponent × group
140,-0.6772423067073705,mental,main_overlap,posterior_exponent × group
141,-0.714259019015339,mental,main_overlap,posterior_exponent × group
142,-0.3425254255667753,mental,main_overlap,posterior_exponent × group
143,-0.5172166858485756,mental,main_overlap,posterior_exponent × group
144,-0.4482513067683064,mental,main_overlap,posterior_exponent × group
145,-0.366870141436161,mental,main_overlap,posterior_exponent × group
146,-0.476813800088161,mental,main_overlap,posterior_exponent × group
147,0.0975963372887111,mental,main_overlap,posterior_exponent × group
148,-0.0302238327516439,mental,main_overlap,posterior_exponent × group
149,-0.1607360600790195,mental,main_overlap,posterior_exponent × group
150,-0.2472980456455332,mental,main_overlap,posterior_exponent × group
151,-0.6166211275824208,mental,main_overlap,posterior_exponent × group
152,-0.7047611717157725,mental,main_overlap,posterior_exponent × group
153,-0.5646994270328244,mental,main_overlap,posterior_exponent × group
154,-0.1653078222679105,mental,main_overlap,posterior_exponent × group
155,-0.3126913049074262,mental,main_overlap,posterior_exponent × group
156,-0.4551519418928622,mental,main_overlap,posterior_exponent × group
157,-0.3161743884821293,mental,main_overlap,posterior_exponent × group
158,-0.4833239666278581,mental,main_overlap,posterior_exponent × group
159,-0.3876889724066891,mental,main_overlap,posterior_exponent × group
160,-0.4733449396321247,mental,main_overlap,posterior_exponent × group
161,-0.5579766806341842,mental,main_overlap,posterior_exponent × group
162,0.4149534793364918,mental,main_overlap,posterior_exponent × group
163,-0.4113534300018088,mental,main_overlap,posterior_exponent × group
164,-0.4029096659164919,mental,main_overlap,posterior_exponent × group
165,-0.3112735861751569,mental,main_overlap,posterior_exponent × group
166,-0.339451217399797,mental,main_overlap,posterior_exponent × group
167,-0.4182360377036928,mental,main_overlap,posterior_exponent × group
168,-0.1721341559903857,mental,main_overlap,posterior_exponent × group
169,-0.5387409313988163,mental,main_overlap,posterior_exponent × group
170,-0.3956990815140973,mental,main_overlap,posterior_exponent × group
171,-0.7446048784235892,mental,main_overlap,posterior_exponent × group
172,-0.1632399453066853,mental,main_overlap,posterior_exponent × group
173,-0.4849478889288829,mental,main_overlap,posterior_exponent × group
174,-0.3786990367778924,mental,main_overlap,posterior_exponent × group
175,-0.7986783834473336,mental,main_overlap,posterior_exponent × group
176,0.1285654191871267,mental,main_overlap,posterior_exponent × group
177,-0.4625484067007561,mental,main_overlap,posterior_exponent × group
178,-0.3954278773254899,mental,main_overlap,posterior_exponent × group
179,-0.5048174705050892,mental,main_overlap,posterior_exponent × group
180,-0.4117865288595301,mental,main_overlap,posterior_exponent × group
181,-0.537327476318929,mental,main_overlap,posterior_exponent × group
182,-0.4437199830814305,mental,main_overlap,posterior_exponent × group
183,-0.2965404544744639,mental,main_overlap,posterior_exponent × group
184,-0.5465435402498993,mental,main_overlap,posterior_exponent × group
185,-0.0279915669728032,mental,main_overlap,posterior_exponent × group
186,-0.2600235855421395,mental,main_overlap,posterior_exponent × group
187,-0.5239417316926392,mental,main_overlap,posterior_exponent × group
188,-0.5852376951720023,mental,main_overlap,posterior_exponent × group
189,-0.634037183127967,mental,main_overlap,posterior_exponent × group
190,-0.329229671379423,mental,main_overlap,posterior_exponent × group
191,-0.1918806172480981,mental,main_overlap,posterior_exponent × group
192,-0.4421558357633067,mental,main_overlap,posterior_exponent × group
193,-0.4256681440602917,mental,main_overlap,posterior_exponent × group
194,-0.257342005409278,mental,main_overlap,posterior_exponent × group
195,-0.4002469893486552,mental,main_overlap,posterior_exponent × group
196,-0.1641906706240699,mental,main_overlap,posterior_exponent × group
197,-0.5926075504586787,mental,main_overlap,posterior_exponent × group
198,-0.3233408617412844,mental,main_overlap,posterior_exponent × group
199,-0.3120621683803998,mental,main_overlap,posterior_exponent × group
200,-0.5019494563094156,mental,main_overlap,posterior_exponent × group
201,-0.2464404971336814,mental,main_overlap,posterior_exponent × group
202,-0.1834897325640769,mental,main_overlap,posterior_exponent × group
203,-0.2596551186115569,mental,main_overlap,posterior_exponent × group
204,-0.4100156139432124,mental,main_overlap,posterior_exponent × group
205,-0.0891492764953573,mental,main_overlap,posterior_exponent × group
206,-0.4080630943308922,mental,main_overlap,posterior_exponent × group
207,-0.5562105946909089,mental,main_overlap,posterior_exponent × group
208,-0.160621934902783,mental,main_overlap,posterior_exponent × group
209,-0.6653937137805062,mental,main_overlap,posterior_exponent × group
210,-0.3465264257599989,mental,main_overlap,posterior_exponent × group
211,-0.4519171774133376,mental,main_overlap,posterior_exponent × group
212,-0.2522394187913366,mental,main_overlap,posterior_exponent × group
213,-0.391475680772316,mental,main_overlap,posterior_exponent × group
214,-0.0567115680056707,mental,main_overlap,posterior_exponent × group
215,-0.2632749749545541,mental,main_overlap,posterior_exponent × group
216,-0.1980678059769177,mental,main_overlap,posterior_exponent × group
217,-0.335741269576794,mental,main_overlap,posterior_exponent × group
218,-0.5250575975439656,mental,main_overlap,posterior_exponent × group
219,-0.5131165847677536,mental,main_overlap,posterior_exponent × group
220,-0.0602101362299727,mental,main_overlap,posterior_exponent × group
221,-0.0932417288131381,mental,main_overlap,posterior_exponent × group
222,-0.4777591316580852,mental,main_overlap,posterior_exponent × group
223,-0.3108828365854547,mental,main_overlap,posterior_exponent × group
224,-0.3366367130625373,mental,main_overlap,posterior_exponent × group
225,-0.3396232888343944,mental,main_overlap,posterior_exponent × group
226,-0.2506233455618974,mental,main_overlap,posterior_exponent × group
227,-0.4490099512025744,mental,main_overlap,posterior_exponent × group
228,-0.299242580101184,mental,main_overlap,posterior_exponent × group
229,-0.5025110478149311,mental,main_overlap,posterior_exponent × group
230,-0.6189882582649332,mental,main_overlap,posterior_exponent × group
231,-0.2825875125152079,mental,main_overlap,posterior_exponent × group
232,-0.3736204799600658,mental,main_overlap,posterior_exponent × group
233,-0.2308072493093718,mental,main_overlap,posterior_exponent × group
234,-0.5261906458488377,mental,main_overlap,posterior_exponent × group
235,-0.1789054383781987,mental,main_overlap,posterior_exponent × group
236,-0.5794099628634369,mental,main_overlap,posterior_exponent × group
237,-0.2300974900048281,mental,main_overlap,posterior_exponent × group
238,-0.5597592236112707,mental,main_overlap,posterior_exponent × group
239,-0.2314470805489415,mental,main_overlap,posterior_exponent × group
240,-0.4817952720114863,mental,main_overlap,posterior_exponent × group
241,-0.3235482965610811,mental,main_overlap,posterior_exponent × group
242,-0.2837843616751734,mental,main_overlap,posterior_exponent × group
243,-0.3943845766160793,mental,main_overlap,posterior_exponent × group
244,-0.493739465824578,mental,main_overlap,posterior_exponent × group
245,0.3254452846522415,mental,main_overlap,posterior_exponent × group
246,-0.3595863071147197,mental,main_overlap,posterior_exponent × group
247,-0.3727522209265431,mental,main_overlap,posterior_exponent × group
248,-0.6261421463820862,mental,main_overlap,posterior_exponent × group
249,-0.4062005177242871,mental,main_overlap,posterior_exponent × group
250,-0.4211040553409819,mental,main_overlap,posterior_exponent × group
251,-0.5901254942523231,mental,main_overlap,posterior_exponent × group
252,-0.2221216082093222,mental,main_overlap,posterior_exponent × group
253,-0.703875092784209,mental,main_overlap,posterior_exponent × group
254,-0.4098360158209296,mental,main_overlap,posterior_exponent × group
255,-0.3627038768645695,mental,main_overlap,posterior_exponent × group
256,-0.6613570198277329,mental,main_overlap,posterior_exponent × group
257,-0.3223988210261115,mental,main_overlap,posterior_exponent × group
258,0.057581339539386,mental,main_overlap,posterior_exponent × group
259,-0.5385143375537096,mental,main_overlap,posterior_exponent × group
260,-0.2872412422246858,mental,main_overlap,posterior_exponent × group
261,-0.7514102182043083,mental,main_overlap,posterior_exponent × group
262,-0.6199687650108727,mental,main_overlap,posterior_exponent × group
263,-0.4797101064496497,mental,main_overlap,posterior_exponent × group
264,-0.8591275724938036,mental,main_overlap,posterior_exponent × group
265,-0.5041031158093808,mental,main_overlap,posterior_exponent × group
266,-0.5850804487250659,mental,main_overlap,posterior_exponent × group
267,-0.3169835873221233,mental,main_overlap,posterior_exponent × group
268,-0.5233811029990232,mental,main_overlap,posterior_exponent × group
269,-0.0303680658889452,mental,main_overlap,posterior_exponent × group
270,-0.0479673469090183,mental,main_overlap,posterior_exponent × group
271,-0.2433806134638432,mental,main_overlap,posterior_exponent × group
272,-0.3647062693457972,mental,main_overlap,posterior_exponent × group
273,-0.7549082602472749,mental,main_overlap,posterior_exponent × group
274,-0.3648929078827405,mental,main_overlap,posterior_exponent × group
275,-0.1432697862563357,mental,main_overlap,posterior_exponent × group
276,-0.2582014403920898,mental,main_overlap,posterior_exponent × group
277,0.1509683177852102,mental,main_overlap,posterior_exponent × group
278,-0.3752758480071705,mental,main_overlap,posterior_exponent × group
279,-0.2895443915434942,mental,main_overlap,posterior_exponent × group
280,-0.4767333582237081,mental,main_overlap,posterior_exponent × group
281,-0.3977975823042652,mental,main_overlap,posterior_exponent × group
282,-0.1780446051263107,mental,main_overlap,posterior_exponent × group
283,-0.2970301720165716,mental,main_overlap,posterior_exponent × group
284,-0.4438994059989264,mental,main_overlap,posterior_exponent × group
285,-0.2228682700969272,mental,main_overlap,posterior_exponent × group
286,-0.5049301105495781,mental,main_overlap,posterior_exponent × group
287,-0.5515215083809887,mental,main_overlap,posterior_exponent × group
288,-0.5390109164388737,mental,main_overlap,posterior_exponent × group
289,-0.1394062654878044,mental,main_overlap,posterior_exponent × group
290,-0.3533328883354341,mental,main_overlap,posterior_exponent × group
291,-0.3707902370549125,mental,main_overlap,posterior_exponent × group
292,-0.3226523898623739,mental,main_overlap,posterior_exponent × group
293,-0.0898140651683031,mental,main_overlap,posterior_exponent × group
294,-0.3664003906559712,mental,main_overlap,posterior_exponent × group
295,-0.0343414638703747,mental,main_overlap,posterior_exponent × group
296,-0.7082321201167324,mental,main_overlap,posterior_exponent × group
297,-0.1697102594217731,mental,main_overlap,posterior_exponent × group
298,-0.6606944058810572,mental,main_overlap,posterior_exponent × group
299,-0.7143350518647311,mental,main_overlap,posterior_exponent × group
300,-0.3340341763352587,mental,main_overlap,posterior_exponent × group
301,-0.4321619520367753,mental,main_overlap,posterior_exponent × group
302,-0.7989996244899891,mental,main_overlap,posterior_exponent × group
303,-0.2547526312580896,mental,main_overlap,posterior_exponent × group
304,-0.3932175187016183,mental,main_overlap,posterior_exponent × group
305,-0.5536602492360795,mental,main_overlap,posterior_exponent × group
306,0.0272657745005812,mental,main_overlap,posterior_exponent × group
307,-0.0448088120536424,mental,main_overlap,posterior_exponent × group
308,-0.5566653394088168,mental,main_overlap,posterior_exponent × group
309,-0.3115234090862374,mental,main_overlap,posterior_exponent × group
310,-0.1652284474303046,mental,main_overlap,posterior_exponent × group
311,-0.4127870498479475,mental,main_overlap,posterior_exponent × group
312,-0.5580274728020699,mental,main_overlap,posterior_exponent × group
313,-0.5119109318745342,mental,main_overlap,posterior_exponent × group
314,-0.3549172169935568,mental,main_overlap,posterior_exponent × group
315,-0.4291206053351516,mental,main_overlap,posterior_exponent × group
316,-0.168062317567877,mental,main_overlap,posterior_exponent × group
317,-0.1797872337051758,mental,main_overlap,posterior_exponent × group
318,-0.2190358872440843,mental,main_overlap,posterior_exponent × group
319,-0.5234669435463012,mental,main_overlap,posterior_exponent × group
320,-0.6049275981406527,mental,main_overlap,posterior_exponent × group
321,-0.5329563799402616,mental,main_overlap,posterior_exponent × group
322,-0.6011965100751464,mental,main_overlap,posterior_exponent × group
323,-0.4771182027418192,mental,main_overlap,posterior_exponent × group
324,-0.3069453863262629,mental,main_overlap,posterior_exponent × group
325,-0.2588726885358648,mental,main_overlap,posterior_exponent × group
326,-0.6805988267664341,mental,main_overlap,posterior_exponent × group
327,-0.3233825965078296,mental,main_overlap,posterior_exponent × group
328,-0.5593527807262028,mental,main_overlap,posterior_exponent × group
329,0.0125813023076859,mental,main_overlap,posterior_exponent × group
330,-0.5748761016397982,mental,main_overlap,posterior_exponent × group
331,-0.559505292876441,mental,main_overlap,posterior_exponent × group
332,-0.5216030924667702,mental,main_overlap,posterior_exponent × group
333,-0.8020095217069065,mental,main_overlap,posterior_exponent × group
334,-0.401963237128728,mental,main_overlap,posterior_exponent × group
335,-0.2026694474756841,mental,main_overlap,posterior_exponent × group
336,-0.4597334952713688,mental,main_overlap,posterior_exponent × group
337,-0.7422171347987361,mental,main_overlap,posterior_exponent × group
338,-0.3796744897618708,mental,main_overlap,posterior_exponent × group
339,-0.4233782704339332,mental,main_overlap,posterior_exponent × group
340,-0.4945161457333182,mental,main_overlap,posterior_exponent × group
341,-0.6756168744151759,mental,main_overlap,posterior_exponent × group
342,-0.5748619316735621,mental,main_overlap,posterior_exponent × group
343,-0.3262623008718857,mental,main_overlap,posterior_exponent × group
344,-0.1592896447867184,mental,main_overlap,posterior_exponent × group
345,-0.1065932181863845,mental,main_overlap,posterior_exponent × group
346,-0.3121723640675148,mental,main_overlap,posterior_exponent × group
347,-0.1207303884409137,mental,main_overlap,posterior_exponent × group
348,-0.2627539760649457,mental,main_overlap,posterior_exponent × group
349,-0.4089384303333414,mental,main_overlap,posterior_exponent × group
350,-0.5147601250514148,mental,main_overlap,posterior_exponent × group
351,-0.2573640617213102,mental,main_overlap,posterior_exponent × group
352,-0.4253266109198262,mental,main_overlap,posterior_exponent × group
353,-0.6227447361778811,mental,main_overlap,posterior_exponent × group
354,-0.4898748431049182,mental,main_overlap,posterior_exponent × group
355,-0.210705018218121,mental,main_overlap,posterior_exponent × group
356,0.0562451157436707,mental,main_overlap,posterior_exponent × group
357,-0.8982539651644095,mental,main_overlap,posterior_exponent × group
358,-0.5805347858735719,mental,main_overlap,posterior_exponent × group
359,-0.6692967062830442,mental,main_overlap,posterior_exponent × group
360,-0.0343847370227233,mental,main_overlap,posterior_exponent × group
361,-0.1391750276192287,mental,main_overlap,posterior_exponent × group
362,-0.6384941681933907,mental,main_overlap,posterior_exponent × group
363,-0.1282898891401252,mental,main_overlap,posterior_exponent × group
364,-0.3370646068116562,mental,main_overlap,posterior_exponent × group
365,-0.2316449762548229,mental,main_overlap,posterior_exponent × group
366,-0.3955222118913558,mental,main_overlap,posterior_exponent × group
367,-0.9240661379397452,mental,main_overlap,posterior_exponent × group
368,-0.2992647552436815,mental,main_overlap,posterior_exponent × group
369,-0.2038443987992427,mental,main_overlap,posterior_exponent × group
370,-0.1919374129803814,mental,main_overlap,posterior_exponent × group
371,-0.5206590828219693,mental,main_overlap,posterior_exponent × group
372,-0.4293237004678599,mental,main_overlap,posterior_exponent × group
373,-0.4918312178284412,mental,main_overlap,posterior_exponent × group
374,-0.3548198968169919,mental,main_overlap,posterior_exponent × group
375,-0.4982030486430477,mental,main_overlap,posterior_exponent × group
376,-0.4433319401262341,mental,main_overlap,posterior_exponent × group
377,-0.0311915890867899,mental,main_overlap,posterior_exponent × group
378,-0.2278750818832716,mental,main_overlap,posterior_exponent × group
379,-0.5976794788415168,mental,main_overlap,posterior_exponent × group
380,-0.1789889266023858,mental,main_overlap,posterior_exponent × group
381,-0.4089662428934618,mental,main_overlap,posterior_exponent × group
382,-0.3842543017150157,mental,main_overlap,posterior_exponent × group
383,-0.2506827773158425,mental,main_overlap,posterior_exponent × group
384,-0.2437970334318692,mental,main_overlap,posterior_exponent × group
385,-0.6037466317460277,mental,main_overlap,posterior_exponent × group
386,-0.370705771894906,mental,main_overlap,posterior_exponent × group
387,-0.6361562033834789,mental,main_overlap,posterior_exponent × group
388,-0.2700356301644628,mental,main_overlap,posterior_exponent × group
389,-0.475258723616549,mental,main_overlap,posterior_exponent × group
390,-0.3924287015197256,mental,main_overlap,posterior_exponent × group
391,-0.2088743086862246,mental,main_overlap,posterior_exponent × group
392,-0.7533756704586115,mental,main_overlap,posterior_exponent × group
393,-0.5226954098652979,mental,main_overlap,posterior_exponent × group
394,-0.4258098931961865,mental,main_overlap,posterior_exponent × group
395,-0.6734477145071049,mental,main_overlap,posterior_exponent × group
396,-0.7753234520534592,mental,main_overlap,posterior_exponent × group
397,-0.6610479325298407,mental,main_overlap,posterior_exponent × group
398,-0.6791674756149814,mental,main_overlap,posterior_exponent × group
399,-0.0306231130997283,mental,main_overlap,posterior_exponent × group
400,-0.5292399928259214,mental,main_overlap,posterior_exponent × group
401,0.0471422740056726,mental,main_overlap,posterior_exponent × group
402,-0.3114571669464075,mental,main_overlap,posterior_exponent × group
403,-0.4086355748318379,mental,main_overlap,posterior_exponent × group
404,-0.0578744688717048,mental,main_overlap,posterior_exponent × group
405,-0.4262507045653238,mental,main_overlap,posterior_exponent × group
406,-0.2654693048494112,mental,main_overlap,posterior_exponent × group
407,-0.3464780729898538,mental,main_overlap,posterior_exponent × group
408,-0.5135518466770178,mental,main_overlap,posterior_exponent × group
409,-0.3372823589560876,mental,main_overlap,posterior_exponent × group
410,-0.31323310787402,mental,main_overlap,posterior_exponent × group
411,-0.2831170762508586,mental,main_overlap,posterior_exponent × group
412,-0.2165798356051492,mental,main_overlap,posterior_exponent × group
413,-0.3286054399483942,mental,main_overlap,posterior_exponent × group
414,-0.3108101653977913,mental,main_overlap,posterior_exponent × group
415,-0.573143049027942,mental,main_overlap,posterior_exponent × group
416,-0.5642927109877441,mental,main_overlap,posterior_exponent × group
417,-0.482029874710829,mental,main_overlap,posterior_exponent × group
418,-0.5284958669352787,mental,main_overlap,posterior_exponent × group
419,-0.3054701665170015,mental,main_overlap,posterior_exponent × group
420,-0.5400000632025235,mental,main_overlap,posterior_exponent × group
421,-0.4960576571245261,mental,main_overlap,posterior_exponent × group
422,0.0280347409946527,mental,main_overlap,posterior_exponent × group
423,-0.5318714626979322,mental,main_overlap,posterior_exponent × group
424,-0.4930252407288913,mental,main_overlap,posterior_exponent × group
425,-0.1958866233616128,mental,main_overlap,posterior_exponent × group
426,-0.1114864380354693,mental,main_overlap,posterior_exponent × group
427,-0.2478241713244878,mental,main_overlap,posterior_exponent × group
428,-0.2428808214237374,mental,main_overlap,posterior_exponent × group
429,-0.2133111066494419,mental,main_overlap,posterior_exponent × group
430,-0.612473868145726,mental,main_overlap,posterior_exponent × group
431,-0.5383169482092027,mental,main_overlap,posterior_exponent × group
432,-0.3318087056918694,mental,main_overlap,posterior_exponent × group
433,-0.5858274522810305,mental,main_overlap,posterior_exponent × group
434,-0.3940794615385303,mental,main_overlap,posterior_exponent × group
435,-0.4134698297783692,mental,main_overlap,posterior_exponent × group
436,-0.3062580809698015,mental,main_overlap,posterior_exponent × group
437,-0.331277131543237,mental,main_overlap,posterior_exponent × group
438,-0.4411178167822528,mental,main_overlap,posterior_exponent × group
439,-0.3466303521999873,mental,main_overlap,posterior_exponent × group
440,-0.5294587220847015,mental,main_overlap,posterior_exponent × group
441,-0.2892484313992044,mental,main_overlap,posterior_exponent × group
442,-0.5049895268607933,mental,main_overlap,posterior_exponent × group
443,-0.4496451803236312,mental,main_overlap,posterior_exponent × group
444,-0.3225636535282282,mental,main_overlap,posterior_exponent × group
445,-0.445715467732321,mental,main_overlap,posterior_exponent × group
446,-0.8091757775219733,mental,main_overlap,posterior_exponent × group
447,-0.744002514626086,mental,main_overlap,posterior_exponent × group
448,-0.8898742901293801,mental,main_overlap,posterior_exponent × group
449,-0.4163133433604093,mental,main_overlap,posterior_exponent × group
450,-0.238900708108846,mental,main_overlap,posterior_exponent × group
451,-0.3069786502399279,mental,main_overlap,posterior_exponent × group
452,-0.7592233964421607,mental,main_overlap,posterior_exponent × group
453,-0.4347218009388501,mental,main_overlap,posterior_exponent × group
454,-0.8434816665456936,mental,main_overlap,posterior_exponent × group
455,-0.6634809488382111,mental,main_overlap,posterior_exponent × group
456,-0.3869185366493946,mental,main_overlap,posterior_exponent × group
457,-0.0687876855965734,mental,main_overlap,posterior_exponent × group
458,-0.1057408672499805,mental,main_overlap,posterior_exponent × group
459,-0.2105187892819122,mental,main_overlap,posterior_exponent × group
460,-0.5864703419240507,mental,main_overlap,posterior_exponent × group
461,-0.6423450131814233,mental,main_overlap,posterior_exponent × group
462,-0.14462312020881,mental,main_overlap,posterior_exponent × group
463,-0.2193739348275187,mental,main_overlap,posterior_exponent × group
464,-0.7148813699236927,mental,main_overlap,posterior_exponent × group
465,-0.1353310740732006,mental,main_overlap,posterior_exponent × group
466,-0.3135121514712878,mental,main_overlap,posterior_exponent × group
467,-0.4056147497773269,mental,main_overlap,posterior_exponent × group
468,-0.2761943647292515,mental,main_overlap,posterior_exponent × group
469,-0.464387382276079,mental,main_overlap,posterior_exponent × group
470,-0.1534458652557008,mental,main_overlap,posterior_exponent × group
471,-0.4286947941548085,mental,main_overlap,posterior_exponent × group
472,-0.4241147926914835,mental,main_overlap,posterior_exponent × group
473,-0.8190529462376505,mental,main_overlap,posterior_exponent × group
474,-0.474646540395116,mental,main_overlap,posterior_exponent × group
475,-0.3466688674113345,mental,main_overlap,posterior_exponent × group
476,-0.3356407923081559,mental,main_overlap,posterior_exponent × group
477,-0.4905486937337966,mental,main_overlap,posterior_exponent × group
478,-0.2731862266301611,mental,main_overlap,posterior_exponent × group
479,-0.1541153835093709,mental,main_overlap,posterior_exponent × group
480,-0.3284150578589246,mental,main_overlap,posterior_exponent × group
481,-0.6455926252706643,mental,main_overlap,posterior_exponent × group
482,-0.4213655087426066,mental,main_overlap,posterior_exponent × group
483,-0.4419461033130177,mental,main_overlap,posterior_exponent × group
484,-0.7610323079787621,mental,main_overlap,posterior_exponent × group
485,-0.2471289664589166,mental,main_overlap,posterior_exponent × group
486,-0.550675791603699,mental,main_overlap,posterior_exponent × group
487,-0.1710541150512972,mental,main_overlap,posterior_exponent × group
488,-0.171324308953915,mental,main_overlap,posterior_exponent × group
489,-0.1895881039876718,mental,main_overlap,posterior_exponent × group
490,-0.3884798739953914,mental,main_overlap,posterior_exponent × group
491,-0.3630550927768834,mental,main_overlap,posterior_exponent × group
492,-0.2578159574842937,mental,main_overlap,posterior_exponent × group
493,-0.2914302871989658,mental,main_overlap,posterior_exponent × group
494,-0.3867973030968396,mental,main_overlap,posterior_exponent × group
495,-0.28762417605488,mental,main_overlap,posterior_exponent × group
496,-0.5862891095857015,mental,main_overlap,posterior_exponent × group
497,-0.3211996109728899,mental,main_overlap,posterior_exponent × group
498,-0.3089414031433098,mental,main_overlap,posterior_exponent × group
499,-0.6408205302291629,mental,main_overlap,posterior_exponent × group
500,-0.628263197647738,mental,main_overlap,posterior_exponent × group
501,-0.4562054485021337,mental,main_overlap,posterior_exponent × group
502,-0.4344729111772689,mental,main_overlap,posterior_exponent × group
503,-0.5071351814794491,mental,main_overlap,posterior_exponent × group
504,-0.2224215037562099,mental,main_overlap,posterior_exponent × group
505,-0.1211360177535745,mental,main_overlap,posterior_exponent × group
506,-0.4378183017040093,mental,main_overlap,posterior_exponent × group
507,-0.5918302728750937,mental,main_overlap,posterior_exponent × group
508,-0.5725907079579124,mental,main_overlap,posterior_exponent × group
509,-0.1809733582831889,mental,main_overlap,posterior_exponent × group
510,-0.4287308125882995,mental,main_overlap,posterior_exponent × group
511,-0.3249294353476897,mental,main_overlap,posterior_exponent × group
512,-0.281720665461984,mental,main_overlap,posterior_exponent × group
513,-0.3823297448979701,mental,main_overlap,posterior_exponent × group
514,-0.4431371881396649,mental,main_overlap,posterior_exponent × group
515,-0.5792384563425776,mental,main_overlap,posterior_exponent × group
516,-0.120107423659651,mental,main_overlap,posterior_exponent × group
517,-0.4906886566404262,mental,main_overlap,posterior_exponent × group
518,-0.2519470576793091,mental,main_overlap,posterior_exponent × group
519,-0.1124012813479593,mental,main_overlap,posterior_exponent × group
520,-0.1263984722268881,mental,main_overlap,posterior_exponent × group
521,-0.3115962852451197,mental,main_overlap,posterior_exponent × group
522,-0.4183735805971809,mental,main_overlap,posterior_exponent × group
523,-0.1698339010650187,mental,main_overlap,posterior_exponent × group
524,-0.2335053667305208,mental,main_overlap,posterior_exponent × group
525,-0.3340579130169737,mental,main_overlap,posterior_exponent × group
526,-0.1740259629394019,mental,main_overlap,posterior_exponent × group
527,-0.9983548734329378,mental,main_overlap,posterior_exponent × group
528,-0.4112819386629708,mental,main_overlap,posterior_exponent × group
529,-0.1301176001316061,mental,main_overlap,posterior_exponent × group
530,-0.6530381580575711,mental,main_overlap,posterior_exponent × group
531,-0.544887114489473,mental,main_overlap,posterior_exponent × group
532,-0.3795874636233919,mental,main_overlap,posterior_exponent × group
533,-0.1396164868686452,mental,main_overlap,posterior_exponent × group
534,-0.3104895241609674,mental,main_overlap,posterior_exponent × group
535,-0.1622807562175172,mental,main_overlap,posterior_exponent × group
536,-0.7020541578173027,mental,main_overlap,posterior_exponent × group
537,-0.4216272458635548,mental,main_overlap,posterior_exponent × group
538,-0.162946564218028,mental,main_overlap,posterior_exponent × group
539,-0.2300418798110255,mental,main_overlap,posterior_exponent × group
540,-0.5108679032583283,mental,main_overlap,posterior_exponent × group
541,-0.387045430445629,mental,main_overlap,posterior_exponent × group
542,-0.3035930834472651,mental,main_overlap,posterior_exponent × group
543,-0.7822039901995279,mental,main_overlap,posterior_exponent × group
544,-0.516237454899821,mental,main_overlap,posterior_exponent × group
545,-0.3911831547511556,mental,main_overlap,posterior_exponent × group
546,0.1265318660384747,mental,main_overlap,posterior_exponent × group
547,-0.3379394167357931,mental,main_overlap,posterior_exponent × group
548,-0.2443746198949078,mental,main_overlap,posterior_exponent × group
549,-0.2450555583981982,mental,main_overlap,posterior_exponent × group
550,-0.446965212703902,mental,main_overlap,posterior_exponent × group
551,0.1356269392326549,mental,main_overlap,posterior_exponent × group
552,-0.3704003618042568,mental,main_overlap,posterior_exponent × group
553,-0.2796499655204553,mental,main_overlap,posterior_exponent × group
554,0.0356587696720814,mental,main_overlap,posterior_exponent × group
555,-0.761826676529853,mental,main_overlap,posterior_exponent × group
556,-0.55481738379587,mental,main_overlap,posterior_exponent × group
557,-0.3580441751245372,mental,main_overlap,posterior_exponent × group
558,-0.1336041168238723,mental,main_overlap,posterior_exponent × group
559,-0.2279249376920175,mental,main_overlap,posterior_exponent × group
560,-0.0865135032238234,mental,main_overlap,posterior_exponent × group
561,-0.4463488747415983,mental,main_overlap,posterior_exponent × group
562,-0.1179048722663895,mental,main_overlap,posterior_exponent × group
563,-0.3045423123842365,mental,main_overlap,posterior_exponent × group
564,-0.3054949997370572,mental,main_overlap,posterior_exponent × group
565,-0.4706165578177795,mental,main_overlap,posterior_exponent × group
566,-0.6149880005629351,mental,main_overlap,posterior_exponent × group
567,-0.1294437951621684,mental,main_overlap,posterior_exponent × group
568,-0.6463591674405424,mental,main_overlap,posterior_exponent × group
569,0.1331901076334168,mental,main_overlap,posterior_exponent × group
570,-0.255033637611652,mental,main_overlap,posterior_exponent × group
571,-0.2910520061214752,mental,main_overlap,posterior_exponent × group
572,0.0202992049872934,mental,main_overlap,posterior_exponent × group
573,-0.1950243621441163,mental,main_overlap,posterior_exponent × group
574,-0.6116958860384474,mental,main_overlap,posterior_exponent × group
575,-0.2110757066467787,mental,main_overlap,posterior_exponent × group
576,-0.8665757133419426,mental,main_overlap,posterior_exponent × group
577,-0.1668466636254853,mental,main_overlap,posterior_exponent × group
578,-0.2580059891786063,mental,main_overlap,posterior_exponent × group
579,-0.3933376730286861,mental,main_overlap,posterior_exponent × group
580,-0.3028341550079562,mental,main_overlap,posterior_exponent × group
581,-0.5232306276975458,mental,main_overlap,posterior_exponent × group
582,-0.450065694679013,mental,main_overlap,posterior_exponent × group
583,-0.8436320866153009,mental,main_overlap,posterior_exponent × group
584,-0.5638734578534438,mental,main_overlap,posterior_exponent × group
585,-0.3992372672305144,mental,main_overlap,posterior_exponent × group
586,-0.3757316752818228,mental,main_overlap,posterior_exponent × group
587,-0.5017575207362865,mental,main_overlap,posterior_exponent × group
588,-0.4300470991754196,mental,main_overlap,posterior_exponent × group
589,-0.2438666781918864,mental,main_overlap,posterior_exponent × group
590,-0.2194210602434175,mental,main_overlap,posterior_exponent × group
591,-0.2552129535891062,mental,main_overlap,posterior_exponent × group
592,-0.4798644061185647,mental,main_overlap,posterior_exponent × group
593,-0.3360481043044213,mental,main_overlap,posterior_exponent × group
594,-0.2569459077544695,mental,main_overlap,posterior_exponent × group
595,-0.558081033958915,mental,main_overlap,posterior_exponent × group
596,0.0161225421293292,mental,main_overlap,posterior_exponent × group
597,-0.3681523005304763,mental,main_overlap,posterior_exponent × group
598,-0.9920178906732268,mental,main_overlap,posterior_exponent × group
599,-0.3497949201044723,mental,main_overlap,posterior_exponent × group
600,-0.2301252898781596,mental,main_overlap,posterior_exponent × group
601,-0.4056650768316344,mental,main_overlap,posterior_exponent × group
602,-0.2757206271979052,mental,main_overlap,posterior_exponent × group
603,-0.3391994848335687,mental,main_overlap,posterior_exponent × group
604,-0.0315409897467216,mental,main_overlap,posterior_exponent × group
605,-0.59052253779557,mental,main_overlap,posterior_exponent × group
606,-0.8544065442409755,mental,main_overlap,posterior_exponent × group
607,-0.3183776036205686,mental,main_overlap,posterior_exponent × group
608,0.1197988063328134,mental,main_overlap,posterior_exponent × group
609,-0.454382659334529,mental,main_overlap,posterior_exponent × group
610,-0.4079512148655326,mental,main_overlap,posterior_exponent × group
611,-0.2602124158979881,mental,main_overlap,posterior_exponent × group
612,-0.4649699908450543,mental,main_overlap,posterior_exponent × group
613,-0.413968266030858,mental,main_overlap,posterior_exponent × group
614,-0.8189905590140213,mental,main_overlap,posterior_exponent × group
615,-0.2878954666233799,mental,main_overlap,posterior_exponent × group
616,-0.2572979907393854,mental,main_overlap,posterior_exponent × group
617,-0.6026444294025736,mental,main_overlap,posterior_exponent × group
618,-0.1937143055526326,mental,main_overlap,posterior_exponent × group
619,-0.089074674458743,mental,main_overlap,posterior_exponent × group
620,-0.4775001931192337,mental,main_overlap,posterior_exponent × group
621,0.0791478272705944,mental,main_overlap,posterior_exponent × group
622,-0.0782552471508819,mental,main_overlap,posterior_exponent × group
623,-0.3559831534567491,mental,main_overlap,posterior_exponent × group
624,-0.434271611095554,mental,main_overlap,posterior_exponent × group
625,-0.7444269573666568,mental,main_overlap,posterior_exponent × group
626,-0.9341049644196848,mental,main_overlap,posterior_exponent × group
627,-0.3709049738452827,mental,main_overlap,posterior_exponent × group
628,-0.3519070477278516,mental,main_overlap,posterior_exponent × group
629,-0.1928897903445457,mental,main_overlap,posterior_exponent × group
630,-0.5350670376426282,mental,main_overlap,posterior_exponent × group
631,-0.4316330465590036,mental,main_overlap,posterior_exponent × group
632,-0.3745939468787937,mental,main_overlap,posterior_exponent × group
633,-0.286648451368719,mental,main_overlap,posterior_exponent × group
634,-0.6734155218605542,mental,main_overlap,posterior_exponent × group
635,-0.2847612444429171,mental,main_overlap,posterior_exponent × group
636,-0.1550180357334474,mental,main_overlap,posterior_exponent × group
637,-0.3633619048412758,mental,main_overlap,posterior_exponent × group
638,-0.2184652842009281,mental,main_overlap,posterior_exponent × group
639,-0.1450348820189979,mental,main_overlap,posterior_exponent × group
640,-0.6301407453001662,mental,main_overlap,posterior_exponent × group
641,-0.8782541951379872,mental,main_overlap,posterior_exponent × group
642,-0.5689895016967413,mental,main_overlap,posterior_exponent × group
643,-0.2570485686299942,mental,main_overlap,posterior_exponent × group
644,-0.641172352943134,mental,main_overlap,posterior_exponent × group
645,-0.5741790216751351,mental,main_overlap,posterior_exponent × group
646,-0.1066087242139532,mental,main_overlap,posterior_exponent × group
647,-0.3048599087873425,mental,main_overlap,posterior_exponent × group
648,-0.7144325751358898,mental,main_overlap,posterior_exponent × group
649,-0.4618808669605669,mental,main_overlap,posterior_exponent × group
650,-0.2483908574849721,mental,main_overlap,posterior_exponent × group
651,-0.5423264975725214,mental,main_overlap,posterior_exponent × group
652,-0.2152804797513124,mental,main_overlap,posterior_exponent × group
653,-0.2808473014353367,mental,main_overlap,posterior_exponent × group
654,-0.5685716379141896,mental,main_overlap,posterior_exponent × group
655,-0.6840121918239805,mental,main_overlap,posterior_exponent × group
656,-0.6056419709986512,mental,main_overlap,posterior_exponent × group
657,-0.3867002773142787,mental,main_overlap,posterior_exponent × group
658,-0.5248062206656159,mental,main_overlap,posterior_exponent × group
659,-0.5335943667867776,mental,main_overlap,posterior_exponent × group
660,-0.4902731497741816,mental,main_overlap,posterior_exponent × group
661,0.0350852727381446,mental,main_overlap,posterior_exponent × group
662,-0.5942780581411966,mental,main_overlap,posterior_exponent × group
663,-0.0908573697011127,mental,main_overlap,posterior_exponent × group
664,-0.1391655608434262,mental,main_overlap,posterior_exponent × group
665,-0.2183746602381178,mental,main_overlap,posterior_exponent × group
666,-0.3538861184450342,mental,main_overlap,posterior_exponent × group
667,-0.6408149618453378,mental,main_overlap,posterior_exponent × group
668,-0.24961033248059,mental,main_overlap,posterior_exponent × group
669,-0.3574472936257525,mental,main_overlap,posterior_exponent × group
670,-0.2893593774968356,mental,main_overlap,posterior_exponent × group
671,-0.4076094350952173,mental,main_overlap,posterior_exponent × group
672,-0.2948470833459561,mental,main_overlap,posterior_exponent × group
673,-0.3541184806882776,mental,main_overlap,posterior_exponent × group
674,-0.2663763437672771,mental,main_overlap,posterior_exponent × group
675,-0.5553333520298845,mental,main_overlap,posterior_exponent × group
676,-0.4464528985985033,mental,main_overlap,posterior_exponent × group
677,-0.1835005730087232,mental,main_overlap,posterior_exponent × group
678,-0.4300081210536746,mental,main_overlap,posterior_exponent × group
679,-0.5891696081751517,mental,main_overlap,posterior_exponent × group
680,-0.1656004250191927,mental,main_overlap,posterior_exponent × group
681,-0.7487935286100061,mental,main_overlap,posterior_exponent × group
682,-0.338554587052949,mental,main_overlap,posterior_exponent × group
683,-0.7015472736735112,mental,main_overlap,posterior_exponent × group
684,-0.1958353939983538,mental,main_overlap,posterior_exponent × group
685,-0.7121772822847867,mental,main_overlap,posterior_exponent × group
686,-0.420341469006655,mental,main_overlap,posterior_exponent × group
687,-0.4023651146973553,mental,main_overlap,posterior_exponent × group
688,-0.1404527135749503,mental,main_overlap,posterior_exponent × group
689,-0.360304304763071,mental,main_overlap,posterior_exponent × group
690,-0.7092133590629215,mental,main_overlap,posterior_exponent × group
691,-0.3189370646191499,mental,main_overlap,posterior_exponent × group
692,-0.3421570370110939,mental,main_overlap,posterior_exponent × group
693,-0.2563358595925083,mental,main_overlap,posterior_exponent × group
694,-0.6469014010990733,mental,main_overlap,posterior_exponent × group
695,-0.2248163902816775,mental,main_overlap,posterior_exponent × group
696,-0.3420236187928244,mental,main_overlap,posterior_exponent × group
697,-0.2161699476752379,mental,main_overlap,posterior_exponent × group
698,-0.477061951874466,mental,main_overlap,posterior_exponent × group
699,-0.3283460493975788,mental,main_overlap,posterior_exponent × group
700,-0.3691641689740589,mental,main_overlap,posterior_exponent × group
701,-0.5019970038292499,mental,main_overlap,posterior_exponent × group
702,-0.6860067209370149,mental,main_overlap,posterior_exponent × group
703,-0.8031317763555168,mental,main_overlap,posterior_exponent × group
704,-0.1547785610208568,mental,main_overlap,posterior_exponent × group
705,-0.3577541132445507,mental,main_overlap,posterior_exponent × group
706,-0.5817956505045977,mental,main_overlap,posterior_exponent × group
707,-0.4361419142424232,mental,main_overlap,posterior_exponent × group
708,-0.5188641927252504,mental,main_overlap,posterior_exponent × group
709,-0.4641911985611331,mental,main_overlap,posterior_exponent × group
710,-0.518811249214193,mental,main_overlap,posterior_exponent × group
711,-0.1577510458104594,mental,main_overlap,posterior_exponent × group
712,-0.651092101818759,mental,main_overlap,posterior_exponent × group
713,-0.212495457600811,mental,main_overlap,posterior_exponent × group
714,-0.3842967800832039,mental,main_overlap,posterior_exponent × group
715,-0.2593467133381036,mental,main_overlap,posterior_exponent × group
716,-0.4974106731787242,mental,main_overlap,posterior_exponent × group
717,0.0519348891727853,mental,main_overlap,posterior_exponent × group
718,-0.0654246067617359,mental,main_overlap,posterior_exponent × group
719,-0.6129229009141134,mental,main_overlap,posterior_exponent × group
720,-0.7267082561046747,mental,main_overlap,posterior_exponent × group
721,-0.7252145359947979,mental,main_overlap,posterior_exponent × group
722,0.0576907621039568,mental,main_overlap,posterior_exponent × group
723,-0.3462839305930028,mental,main_overlap,posterior_exponent × group
724,-0.6475295853531979,mental,main_overlap,posterior_exponent × group
725,-0.620221228100058,mental,main_overlap,posterior_exponent × group
726,-0.1549607416541796,mental,main_overlap,posterior_exponent × group
727,-0.2891346669769463,mental,main_overlap,posterior_exponent × group
728,-0.6083515536617806,mental,main_overlap,posterior_exponent × group
729,-0.1293411376558966,mental,main_overlap,posterior_exponent × group
730,-0.530801660484822,mental,main_overlap,posterior_exponent × group
731,-1.0228289882687027,mental,main_overlap,posterior_exponent × group
732,-0.6369286418067449,mental,main_overlap,posterior_exponent × group
733,-0.3486088618589288,mental,main_overlap,posterior_exponent × group
734,-0.3231168147749261,mental,main_overlap,posterior_exponent × group
735,-0.4572040890055635,mental,main_overlap,posterior_exponent × group
736,-0.9231344829907026,mental,main_overlap,posterior_exponent × group
737,-0.3626523492760873,mental,main_overlap,posterior_exponent × group
738,0.0960469288662101,mental,main_overlap,posterior_exponent × group
739,-0.2158526092741022,mental,main_overlap,posterior_exponent × group
740,-0.4787542217186239,mental,main_overlap,posterior_exponent × group
741,-0.5152198187399053,mental,main_overlap,posterior_exponent × group
742,-0.5737168067709482,mental,main_overlap,posterior_exponent × group
743,-0.0941915865922192,mental,main_overlap,posterior_exponent × group
744,-0.4829140496632528,mental,main_overlap,posterior_exponent × group
745,-0.4943843349261784,mental,main_overlap,posterior_exponent × group
746,-0.3361629409456295,mental,main_overlap,posterior_exponent × group
747,-0.4113282915826481,mental,main_overlap,posterior_exponent × group
748,-0.2663241413057443,mental,main_overlap,posterior_exponent × group
749,-0.5326020093929558,mental,main_overlap,posterior_exponent × group
750,-0.5551724370332528,mental,main_overlap,posterior_exponent × group
751,-0.2482966214064582,mental,main_overlap,posterior_exponent × group
752,-0.8697603306000917,mental,main_overlap,posterior_exponent × group
753,-0.2671528244070367,mental,main_overlap,posterior_exponent × group
754,0.0059555225011976,mental,main_overlap,posterior_exponent × group
755,-0.2720468196942199,mental,main_overlap,posterior_exponent × group
756,-0.4000518707800533,mental,main_overlap,posterior_exponent × group
757,-0.327933848310351,mental,main_overlap,posterior_exponent × group
758,-0.6098072497779322,mental,main_overlap,posterior_exponent × group
759,-0.0981432990875644,mental,main_overlap,posterior_exponent × group
760,-0.3520762195715055,mental,main_overlap,posterior_exponent × group
761,-0.3522054061710715,mental,main_overlap,posterior_exponent × group
762,-0.8375337088443199,mental,main_overlap,posterior_exponent × group
763,-0.6395547231533237,mental,main_overlap,posterior_exponent × group
764,-0.3383313327221632,mental,main_overlap,posterior_exponent × group
765,-0.5732718484835002,mental,main_overlap,posterior_exponent × group
766,-0.2907936876040634,mental,main_overlap,posterior_exponent × group
767,-0.3821466814358433,mental,main_overlap,posterior_exponent × group
768,-0.1021851933991294,mental,main_overlap,posterior_exponent × group
769,-0.4198912245063915,mental,main_overlap,posterior_exponent × group
770,-0.0828119684683088,mental,main_overlap,posterior_exponent × group
771,-0.6093060423437627,mental,main_overlap,posterior_exponent × group
772,-0.029351876226567,mental,main_overlap,posterior_exponent × group
773,0.0644804529031632,mental,main_overlap,posterior_exponent × group
774,-0.5198924176996705,mental,main_overlap,posterior_exponent × group
775,-0.4297151538077473,mental,main_overlap,posterior_exponent × group
776,-0.3503621554905467,mental,main_overlap,posterior_exponent × group
777,-0.4720979212009956,mental,main_overlap,posterior_exponent × group
778,-0.1668132975487941,mental,main_overlap,posterior_exponent × group
779,-0.4161314654329642,mental,main_overlap,posterior_exponent × group
780,-0.2836650766858254,mental,main_overlap,posterior_exponent × group
781,-0.4959293823769051,mental,main_overlap,posterior_exponent × group
782,-0.6674474600906874,mental,main_overlap,posterior_exponent × group
783,-0.62658926617719,mental,main_overlap,posterior_exponent × group
784,-0.2891894313177217,mental,main_overlap,posterior_exponent × group
785,-0.3641987526628887,mental,main_overlap,posterior_exponent × group
786,-0.2022788933493765,mental,main_overlap,posterior_exponent × group
787,-0.3143997842455495,mental,main_overlap,posterior_exponent × group
788,-0.3481464646795497,mental,main_overlap,posterior_exponent × group
789,-0.2036107345170973,mental,main_overlap,posterior_exponent × group
790,-0.5176363822310595,mental,main_overlap,posterior_exponent × group
791,-0.3981613316773071,mental,main_overlap,posterior_exponent × group
792,-0.6369533614567735,mental,main_overlap,posterior_exponent × group
793,-0.4618716159078183,mental,main_overlap,posterior_exponent × group
794,-0.1908147978437653,mental,main_overlap,posterior_exponent × group
795,-0.847666259758345,mental,main_overlap,posterior_exponent × group
796,-0.6444227680319243,mental,main_overlap,posterior_exponent × group
797,-0.5390460846630728,mental,main_overlap,posterior_exponent × group
798,-0.0298895710166428,mental,main_overlap,posterior_exponent × group
799,-0.5531657890469776,mental,main_overlap,posterior_exponent × group
800,-0.6833942395061827,mental,main_overlap,posterior_exponent × group
801,-0.7683153747947028,mental,main_overlap,posterior_exponent × group
802,-0.4212257756141613,mental,main_overlap,posterior_exponent × group
803,-0.2895103600054116,mental,main_overlap,posterior_exponent × group
804,-0.4847590678464639,mental,main_overlap,posterior_exponent × group
805,-0.5797428598056543,mental,main_overlap,posterior_exponent × group
806,-0.6263943297344288,mental,main_overlap,posterior_exponent × group
807,-0.5679188237719778,mental,main_overlap,posterior_exponent × group
808,-0.5895046178928034,mental,main_overlap,posterior_exponent × group
809,-0.3842277451936646,mental,main_overlap,posterior_exponent × group
810,-0.5086613135266048,mental,main_overlap,posterior_exponent × group
811,-0.7623159845205687,mental,main_overlap,posterior_exponent × group
812,-0.5417811268623124,mental,main_overlap,posterior_exponent × group
813,-0.3278210266055533,mental,main_overlap,posterior_exponent × group
814,-0.6425604106890995,mental,main_overlap,posterior_exponent × group
815,-0.1836013703990743,mental,main_overlap,posterior_exponent × group
816,-0.2533946912296415,mental,main_overlap,posterior_exponent × group
817,-0.7439643454204065,mental,main_overlap,posterior_exponent × group
818,-0.3716290474026089,mental,main_overlap,posterior_exponent × group
819,-0.4231390913658641,mental,main_overlap,posterior_exponent × group
820,-0.2498725811582714,mental,main_overlap,posterior_exponent × group
821,-0.7894164362955383,mental,main_overlap,posterior_exponent × group
822,-0.7513248526322686,mental,main_overlap,posterior_exponent × group
823,-0.4597641795723831,mental,main_overlap,posterior_exponent × group
824,-0.6244554920175862,mental,main_overlap,posterior_exponent × group
825,-0.470789640257557,mental,main_overlap,posterior_exponent × group
826,-0.3608997037085995,mental,main_overlap,posterior_exponent × group
827,-0.5473391862776337,mental,main_overlap,posterior_exponent × group
828,-0.1702478370297761,mental,main_overlap,posterior_exponent × group
829,-0.2854937238768841,mental,main_overlap,posterior_exponent × group
830,-0.3776908220662365,mental,main_overlap,posterior_exponent × group
831,-0.4141982439316812,mental,main_overlap,posterior_exponent × group
832,-0.6389733975841199,mental,main_overlap,posterior_exponent × group
833,-0.5637361561886425,mental,main_overlap,posterior_exponent × group
834,-0.5827230497587286,mental,main_overlap,posterior_exponent × group
835,-0.3114448640587784,mental,main_overlap,posterior_exponent × group
836,-0.271026676350762,mental,main_overlap,posterior_exponent × group
837,-0.1472266246770936,mental,main_overlap,posterior_exponent × group
838,-0.2668063255133613,mental,main_overlap,posterior_exponent × group
839,-0.1519131345800884,mental,main_overlap,posterior_exponent × group
840,-0.1532813289784898,mental,main_overlap,posterior_exponent × group
841,-0.5501891020306827,mental,main_overlap,posterior_exponent × group
842,-0.3705837581338661,mental,main_overlap,posterior_exponent × group
843,-0.6390256556708499,mental,main_overlap,posterior_exponent × group
844,-0.4583216198665228,mental,main_overlap,posterior_exponent × group
845,0.0089493055838219,mental,main_overlap,posterior_exponent × group
846,-0.6489072622777333,mental,main_overlap,posterior_exponent × group
847,-0.5867390404461954,mental,main_overlap,posterior_exponent × group
848,-0.3874964678986294,mental,main_overlap,posterior_exponent × group
849,-0.3956082501397356,mental,main_overlap,posterior_exponent × group
850,-0.2424274931975456,mental,main_overlap,posterior_exponent × group
851,-0.5879819578466614,mental,main_overlap,posterior_exponent × group
852,-0.6508111686111686,mental,main_overlap,posterior_exponent × group
853,-0.1757927848123167,mental,main_overlap,posterior_exponent × group
854,-0.4074650197613246,mental,main_overlap,posterior_exponent × group
855,-0.315348395369747,mental,main_overlap,posterior_exponent × group
856,-0.4781706076194294,mental,main_overlap,posterior_exponent × group
857,-0.636015669081322,mental,main_overlap,posterior_exponent × group
858,-0.5016519751215689,mental,main_overlap,posterior_exponent × group
859,-0.3081391071930831,mental,main_overlap,posterior_exponent × group
860,-0.3546830101804398,mental,main_overlap,posterior_exponent × group
861,-0.3253311214447126,mental,main_overlap,posterior_exponent × group
862,-0.6431039970564697,mental,main_overlap,posterior_exponent × group
863,-0.5155444626592467,mental,main_overlap,posterior_exponent × group
864,-0.6655812737301141,mental,main_overlap,posterior_exponent × group
865,-0.2956483044827499,mental,main_overlap,posterior_exponent × group
866,0.1995422385119142,mental,main_overlap,posterior_exponent × group
867,-0.6701219421730649,mental,main_overlap,posterior_exponent × group
868,-0.5032259581690025,mental,main_overlap,posterior_exponent × group
869,-0.4548285244319885,mental,main_overlap,posterior_exponent × group
870,-0.618976257885944,mental,main_overlap,posterior_exponent × group
871,-0.7040665447904211,mental,main_overlap,posterior_exponent × group
872,-0.1005214189155938,mental,main_overlap,posterior_exponent × group
873,-0.5951660338144985,mental,main_overlap,posterior_exponent × group
874,-0.3774552154302382,mental,main_overlap,posterior_exponent × group
875,-0.48802669395134,mental,main_overlap,posterior_exponent × group
876,0.0136511517230795,mental,main_overlap,posterior_exponent × group
877,-0.6067220030408934,mental,main_overlap,posterior_exponent × group
878,-0.3705231597810522,mental,main_overlap,posterior_exponent × group
879,-0.6683424988310757,mental,main_overlap,posterior_exponent × group
880,-0.3398282807389026,mental,main_overlap,posterior_exponent × group
881,-0.4519054479217327,mental,main_overlap,posterior_exponent × group
882,-0.2255743697691141,mental,main_overlap,posterior_exponent × group
883,-0.4659089368397141,mental,main_overlap,posterior_exponent × group
884,-0.0403071499197739,mental,main_overlap,posterior_exponent × group
885,-0.3317158544632347,mental,main_overlap,posterior_exponent × group
886,-0.4012289699479928,mental,main_overlap,posterior_exponent × group
887,-0.6117319666462295,mental,main_overlap,posterior_exponent × group
888,-0.5237364403246195,mental,main_overlap,posterior_exponent × group
889,-0.6835008638326067,mental,main_overlap,posterior_exponent × group
890,-0.1155994333538206,mental,main_overlap,posterior_exponent × group
891,-0.5493001566892995,mental,main_overlap,posterior_exponent × group
892,-0.6060122955212051,mental,main_overlap,posterior_exponent × group
893,-0.9288132666818952,mental,main_overlap,posterior_exponent × group
894,-0.3738804161993881,mental,main_overlap,posterior_exponent × group
895,-0.0508568656458634,mental,main_overlap,posterior_exponent × group
896,-0.498079103895397,mental,main_overlap,posterior_exponent × group
897,-0.0894271228820445,mental,main_overlap,posterior_exponent × group
898,-0.2164483318631162,mental,main_overlap,posterior_exponent × group
899,-0.0134115556813751,mental,main_overlap,posterior_exponent × group
900,-0.195127950967911,mental,main_overlap,posterior_exponent × group
901,-0.3104291355531366,mental,main_overlap,posterior_exponent × group
902,-0.0815819507579484,mental,main_overlap,posterior_exponent × group
903,-0.2987923416017699,mental,main_overlap,posterior_exponent × group
904,-0.2952083717257891,mental,main_overlap,posterior_exponent × group
905,-0.4388710405779055,mental,main_overlap,posterior_exponent × group
906,-0.5060348492527865,mental,main_overlap,posterior_exponent × group
907,-0.7583958937112873,mental,main_overlap,posterior_exponent × group
908,-0.1823537050400744,mental,main_overlap,posterior_exponent × group
909,-0.2652009921464095,mental,main_overlap,posterior_exponent × group
910,-0.4464856922658897,mental,main_overlap,posterior_exponent × group
911,-0.8426039769009454,mental,main_overlap,posterior_exponent × group
912,-0.5775684796265216,mental,main_overlap,posterior_exponent × group
913,-0.3368489684858694,mental,main_overlap,posterior_exponent × group
914,-0.6589967656262494,mental,main_overlap,posterior_exponent × group
915,-0.6639511280571749,mental,main_overlap,posterior_exponent × group
916,-0.3770151446785647,mental,main_overlap,posterior_exponent × group
917,-0.6845689401305546,mental,main_overlap,posterior_exponent × group
918,-0.5406027108682809,mental,main_overlap,posterior_exponent × group
919,-0.5986178621104375,mental,main_overlap,posterior_exponent × group
920,-0.5388696526612975,mental,main_overlap,posterior_exponent × group
921,-0.22929062745289,mental,main_overlap,posterior_exponent × group
922,-0.8424332319997472,mental,main_overlap,posterior_exponent × group
923,-0.5907145874180687,mental,main_overlap,posterior_exponent × group
924,-0.1017003956362078,mental,main_overlap,posterior_exponent × group
925,-0.8691115300170174,mental,main_overlap,posterior_exponent × group
926,-0.5311137600234825,mental,main_overlap,posterior_exponent × group
927,-0.6442069125836675,mental,main_overlap,posterior_exponent × group
928,-0.3663145892141675,mental,main_overlap,posterior_exponent × group
929,-0.3703085638959614,mental,main_overlap,posterior_exponent × group
930,-0.2939004586884784,mental,main_overlap,posterior_exponent × group
931,-0.6096463377346771,mental,main_overlap,posterior_exponent × group
932,-0.5385132774446961,mental,main_overlap,posterior_exponent × group
933,-0.0205560457756519,mental,main_overlap,posterior_exponent × group
934,-0.4011767319787092,mental,main_overlap,posterior_exponent × group
935,-0.6005212728167736,mental,main_overlap,posterior_exponent × group
936,-0.548201491214082,mental,main_overlap,posterior_exponent × group
937,-0.8043628658650827,mental,main_overlap,posterior_exponent × group
938,-0.1879513041563424,mental,main_overlap,posterior_exponent × group
939,-0.4874124109886049,mental,main_overlap,posterior_exponent × group
940,-0.5699643379527377,mental,main_overlap,posterior_exponent × group
941,-0.5133010057262519,mental,main_overlap,posterior_exponent × group
942,-0.4559963605070368,mental,main_overlap,posterior_exponent × group
943,-0.2170066463253064,mental,main_overlap,posterior_exponent × group
944,-0.1721028859534346,mental,main_overlap,posterior_exponent × group
945,-0.2153460677774968,mental,main_overlap,posterior_exponent × group
946,-0.0883013579219048,mental,main_overlap,posterior_exponent × group
947,-0.6101026666475311,mental,main_overlap,posterior_exponent × group
948,-0.8028462448947908,mental,main_overlap,posterior_exponent × group
949,-0.4112625977589222,mental,main_overlap,posterior_exponent × group
950,-0.1803695565778962,mental,main_overlap,posterior_exponent × group
951,-0.4004180260533417,mental,main_overlap,posterior_exponent × group
952,-0.4093690711855261,mental,main_overlap,posterior_exponent × group
953,-0.1644781558208564,mental,main_overlap,posterior_exponent × group
954,0.0329651852412938,mental,main_overlap,posterior_exponent × group
955,-0.4691143112765286,mental,main_overlap,posterior_exponent × group
956,-0.1879921256791045,mental,main_overlap,posterior_exponent × group
957,-0.259620074921559,mental,main_overlap,posterior_exponent × group
958,-0.5414227951907136,mental,main_overlap,posterior_exponent × group
959,-0.1822149524909963,mental,main_overlap,posterior_exponent × group
960,-0.461120009693261,mental,main_overlap,posterior_exponent × group
961,0.2821003919521699,mental,main_overlap,posterior_exponent × group
962,-0.3919529168376481,mental,main_overlap,posterior_exponent × group
963,-0.6639203964104627,mental,main_overlap,posterior_exponent × group
964,-0.624498783136787,mental,main_overlap,posterior_exponent × group
965,-0.582059925098822,mental,main_overlap,posterior_exponent × group
966,-0.4119537935506888,mental,main_overlap,posterior_exponent × group
967,-0.2936752943525407,mental,main_overlap,posterior_exponent × group
968,-0.1890108429939972,mental,main_overlap,posterior_exponent × group
969,-0.142436358002108,mental,main_overlap,posterior_exponent × group
970,-0.146028285976597,mental,main_overlap,posterior_exponent × group
971,-0.7764032040102379,mental,main_overlap,posterior_exponent × group
972,-0.6274388692540777,mental,main_overlap,posterior_exponent × group
973,-0.5103495924908579,mental,main_overlap,posterior_exponent × group
974,-0.6655716426649755,mental,main_overlap,posterior_exponent × group
975,-0.452293771197195,mental,main_overlap,posterior_exponent × group
976,-0.457626803006032,mental,main_overlap,posterior_exponent × group
977,-0.4293687968075153,mental,main_overlap,posterior_exponent × group
978,-0.3667462775064685,mental,main_overlap,posterior_exponent × group
979,-0.4055230383220849,mental,main_overlap,posterior_exponent × group
980,-0.4099245814977698,mental,main_overlap,posterior_exponent × group
981,-0.4429629925549979,mental,main_overlap,posterior_exponent × group
982,-0.5724262265817048,mental,main_overlap,posterior_exponent × group
983,-0.4589996906280686,mental,main_overlap,posterior_exponent × group
984,-0.2076041181646141,mental,main_overlap,posterior_exponent × group
985,-0.2170259359817169,mental,main_overlap,posterior_exponent × group
986,-0.2921110403819401,mental,main_overlap,posterior_exponent × group
987,-0.5466495399011563,mental,main_overlap,posterior_exponent × group
988,-0.2035707729676592,mental,main_overlap,posterior_exponent × group
989,-0.1489250544984359,mental,main_overlap,posterior_exponent × group
990,0.0642035943970956,mental,main_overlap,posterior_exponent × group
991,-0.6205856292238284,mental,main_overlap,posterior_exponent × group
992,-0.4108937521268702,mental,main_overlap,posterior_exponent × group
993,-0.4062498915826843,mental,main_overlap,posterior_exponent × group
994,-0.2949025698795769,mental,main_overlap,posterior_exponent × group
995,-0.3109774709751651,mental,main_overlap,posterior_exponent × group
996,-0.5958562595783312,mental,main_overlap,posterior_exponent × group
997,-0.4091382102502801,mental,main_overlap,posterior_exponent × group
998,-0.0718512093019185,mental,main_overlap,posterior_exponent × group
999,-0.2985081691818053,mental,main_overlap,posterior_exponent × group
1000,-0.3046634709708749,mental,main_overlap,posterior_exponent × group
1001,-0.7475659513601617,mental,main_overlap,posterior_exponent × group
1002,-0.3605866395341351,mental,main_overlap,posterior_exponent × group
1003,-0.4755148693270677,mental,main_overlap,posterior_exponent × group
1004,-0.6791370225483214,mental,main_overlap,posterior_exponent × group
1005,-0.1239121147082673,mental,main_overlap,posterior_exponent × group
1006,-0.5616694454430726,mental,main_overlap,posterior_exponent × group
1007,-0.4325241121817415,mental,main_overlap,posterior_exponent × group
1008,-0.5961865763307446,mental,main_overlap,posterior_exponent × group
1009,-0.2752466529225635,mental,main_overlap,posterior_exponent × group
1010,-0.2741691955944729,mental,main_overlap,posterior_exponent × group
1011,-0.6347826271712566,mental,main_overlap,posterior_exponent × group
1012,-0.5240239880713338,mental,main_overlap,posterior_exponent × group
1013,-0.6032978683755877,mental,main_overlap,posterior_exponent × group
1014,-0.696300667330926,mental,main_overlap,posterior_exponent × group
1015,-0.6318504657489199,mental,main_overlap,posterior_exponent × group
1016,-0.3434526175864577,mental,main_overlap,posterior_exponent × group
1017,-0.2697517704319148,mental,main_overlap,posterior_exponent × group
1018,-0.367553995592485,mental,main_overlap,posterior_exponent × group
1019,-0.5988723915980028,mental,main_overlap,posterior_exponent × group
1020,-0.4212244162638889,mental,main_overlap,posterior_exponent × group
1021,-0.0596891992510297,mental,main_overlap,posterior_exponent × group
1022,-0.3973859509654593,mental,main_overlap,posterior_exponent × group
1023,-0.1106262022133418,mental,main_overlap,posterior_exponent × group
1024,-0.5696466399972818,mental,main_overlap,posterior_exponent × group
1025,-0.5148730598606448,mental,main_overlap,posterior_exponent × group
1026,-0.5304201740215494,mental,main_overlap,posterior_exponent × group
1027,-0.0796640596230108,mental,main_overlap,posterior_exponent × group
1028,-0.0101285103260671,mental,main_overlap,posterior_exponent × group
1029,-0.1224376191783785,mental,main_overlap,posterior_exponent × group
1030,-0.459244328266594,mental,main_overlap,posterior_exponent × group
1031,-0.4568993994359035,mental,main_overlap,posterior_exponent × group
1032,-0.5299446598923031,mental,main_overlap,posterior_exponent × group
1033,-0.3238906599556484,mental,main_overlap,posterior_exponent × group
1034,-0.6140145498729412,mental,main_overlap,posterior_exponent × group
1035,-0.5259083497144671,mental,main_overlap,posterior_exponent × group
1036,-0.4902229082974061,mental,main_overlap,posterior_exponent × group
1037,-0.6032789566875912,mental,main_overlap,posterior_exponent × group
1038,-0.5982188599466707,mental,main_overlap,posterior_exponent × group
1039,-0.246810291998436,mental,main_overlap,posterior_exponent × group
1040,-0.5131920928131,mental,main_overlap,posterior_exponent × group
1041,-0.4163987056208826,mental,main_overlap,posterior_exponent × group
1042,-0.4962223325340587,mental,main_overlap,posterior_exponent × group
1043,-0.2046035668103988,mental,main_overlap,posterior_exponent × group
1044,-0.4506196515769702,mental,main_overlap,posterior_exponent × group
1045,0.0163576920077805,mental,main_overlap,posterior_exponent × group
1046,-0.8289219958206051,mental,main_overlap,posterior_exponent × group
1047,-0.2662103701433543,mental,main_overlap,posterior_exponent × group
1048,-0.6018100821456995,mental,main_overlap,posterior_exponent × group
1049,-0.2559200265603263,mental,main_overlap,posterior_exponent × group
1050,-0.1889247687199355,mental,main_overlap,posterior_exponent × group
1051,-0.5875683903448655,mental,main_overlap,posterior_exponent × group
1052,-0.4883074087685233,mental,main_overlap,posterior_exponent × group
1053,-0.1972929298348382,mental,main_overlap,posterior_exponent × group
1054,-0.1075396525710129,mental,main_overlap,posterior_exponent × group
1055,-0.3758915627348959,mental,main_overlap,posterior_exponent × group
1056,-0.5940409087352018,mental,main_overlap,posterior_exponent × group
1057,-0.5620867538310397,mental,main_overlap,posterior_exponent × group
1058,-0.6008231498573626,mental,main_overlap,posterior_exponent × group
1059,-0.096422916625803,mental,main_overlap,posterior_exponent × group
1060,-0.1926908568831105,mental,main_overlap,posterior_exponent × group
1061,-0.4061211490163942,mental,main_overlap,posterior_exponent × group
1062,-0.540133260295675,mental,main_overlap,posterior_exponent × group
1063,-0.6393424070445576,mental,main_overlap,posterior_exponent × group
1064,0.1139994896829957,mental,main_overlap,posterior_exponent × group
1065,-0.4023808791425149,mental,main_overlap,posterior_exponent × group
1066,-0.2088097756276857,mental,main_overlap,posterior_exponent × group
1067,-0.7060559556351276,mental,main_overlap,posterior_exponent × group
1068,-0.5608813115765932,mental,main_overlap,posterior_exponent × group
1069,-0.3764323287607207,mental,main_overlap,posterior_exponent × group
1070,-0.4086454830373282,mental,main_overlap,posterior_exponent × group
1071,-0.4626971010016005,mental,main_overlap,posterior_exponent × group
1072,-0.3203455755191134,mental,main_overlap,posterior_exponent × group
1073,-0.5567157215379064,mental,main_overlap,posterior_exponent × group
1074,-0.6519364788658331,mental,main_overlap,posterior_exponent × group
1075,-0.2240851333308688,mental,main_overlap,posterior_exponent × group
1076,-0.6787164478123261,mental,main_overlap,posterior_exponent × group
1077,-0.5181373989019988,mental,main_overlap,posterior_exponent × group
1078,-0.4097084466511216,mental,main_overlap,posterior_exponent × group
1079,-0.8220185068667458,mental,main_overlap,posterior_exponent × group
1080,-0.6403413642309235,mental,main_overlap,posterior_exponent × group
1081,-0.107471711860071,mental,main_overlap,posterior_exponent × group
1082,0.0054325517088694,mental,main_overlap,posterior_exponent × group
1083,-0.3793536246363422,mental,main_overlap,posterior_exponent × group
1084,-0.7303528499794163,mental,main_overlap,posterior_exponent × group
1085,-0.2909485527667724,mental,main_overlap,posterior_exponent × group
1086,-0.4200825182040688,mental,main_overlap,posterior_exponent × group
1087,-0.6512726276236838,mental,main_overlap,posterior_exponent × group
1088,-0.3936868265109328,mental,main_overlap,posterior_exponent × group
1089,-0.477541402212523,mental,main_overlap,posterior_exponent × group
1090,-0.2787870623963535,mental,main_overlap,posterior_exponent × group
1091,-0.6678386527856172,mental,main_overlap,posterior_exponent × group
1092,-0.4315001595042733,mental,main_overlap,posterior_exponent × group
1093,-0.3489925827251243,mental,main_overlap,posterior_exponent × group
1094,-0.6211531570890529,mental,main_overlap,posterior_exponent × group
1095,-0.6042451818233346,mental,main_overlap,posterior_exponent × group
1096,-0.2854289089473938,mental,main_overlap,posterior_exponent × group
1097,-0.2650793913218832,mental,main_overlap,posterior_exponent × group
1098,-0.2805999020390809,mental,main_overlap,posterior_exponent × group
1099,-0.1273781802675854,mental,main_overlap,posterior_exponent × group
1100,-0.1349273398384325,mental,main_overlap,posterior_exponent × group
1101,-0.4239709643624006,mental,main_overlap,posterior_exponent × group
1102,-0.4755628254319802,mental,main_overlap,posterior_exponent × group
1103,-0.5082880218690488,mental,main_overlap,posterior_exponent × group
1104,-0.4546248293576097,mental,main_overlap,posterior_exponent × group
1105,0.2557744198407332,mental,main_overlap,posterior_exponent × group
1106,-0.2733948763847952,mental,main_overlap,posterior_exponent × group
1107,-0.2698490465786432,mental,main_overlap,posterior_exponent × group
1108,-0.324410302159977,mental,main_overlap,posterior_exponent × group
1109,-0.5651172517187365,mental,main_overlap,posterior_exponent × group
1110,-0.287514880503517,mental,main_overlap,posterior_exponent × group
1111,-0.6047473565694259,mental,main_overlap,posterior_exponent × group
1112,-0.1783416351871525,mental,main_overlap,posterior_exponent × group
1113,-0.7457960390376357,mental,main_overlap,posterior_exponent × group
1114,-0.3106128598432667,mental,main_overlap,posterior_exponent × group
1115,-0.4336588394448757,mental,main_overlap,posterior_exponent × group
1116,-0.177227843397316,mental,main_overlap,posterior_exponent × group
1117,-0.2425575259206553,mental,main_overlap,posterior_exponent × group
1118,-0.6310432495822788,mental,main_overlap,posterior_exponent × group
1119,-0.2332412935100025,mental,main_overlap,posterior_exponent × group
1120,-0.819165712511324,mental,main_overlap,posterior_exponent × group
1121,-0.3852706854108827,mental,main_overlap,posterior_exponent × group
1122,-0.5123653002178638,mental,main_overlap,posterior_exponent × group
1123,-0.5146993553316307,mental,main_overlap,posterior_exponent × group
1124,-0.1533339494327421,mental,main_overlap,posterior_exponent × group
1125,-0.4642756634319664,mental,main_overlap,posterior_exponent × group
1126,-0.447620906453514,mental,main_overlap,posterior_exponent × group
1127,-0.1249192999641632,mental,main_overlap,posterior_exponent × group
1128,-0.2089974996094426,mental,main_overlap,posterior_exponent × group
1129,-0.7684934375025537,mental,main_overlap,posterior_exponent × group
1130,-0.3139816852049689,mental,main_overlap,posterior_exponent × group
1131,-0.6422970297557006,mental,main_overlap,posterior_exponent × group
1132,-0.5637495871060332,mental,main_overlap,posterior_exponent × group
1133,-0.5083802766598271,mental,main_overlap,posterior_exponent × group
1134,-0.4501549597612765,mental,main_overlap,posterior_exponent × group
1135,-0.1792574113158696,mental,main_overlap,posterior_exponent × group
1136,-0.5973961020478854,mental,main_overlap,posterior_exponent × group
1137,-0.3139028557679054,mental,main_overlap,posterior_exponent × group
1138,-0.7479813601900368,mental,main_overlap,posterior_exponent × group
1139,-0.152503218073647,mental,main_overlap,posterior_exponent × group
1140,-0.5211623659272873,mental,main_overlap,posterior_exponent × group
1141,-0.7205977251339458,mental,main_overlap,posterior_exponent × group
1142,-0.9763736121164652,mental,main_overlap,posterior_exponent × group
1143,-0.2321673487871211,mental,main_overlap,posterior_exponent × group
1144,-0.1546531544970081,mental,main_overlap,posterior_exponent × group
1145,-0.5256226839519503,mental,main_overlap,posterior_exponent × group
1146,-0.3701228392599764,mental,main_overlap,posterior_exponent × group
1147,-0.65269141672724,mental,main_overlap,posterior_exponent × group
1148,-0.1076997327920633,mental,main_overlap,posterior_exponent × group
1149,-0.4431488648758455,mental,main_overlap,posterior_exponent × group
1150,-0.5520109641921328,mental,main_overlap,posterior_exponent × group
1151,-0.4403996048402401,mental,main_overlap,posterior_exponent × group
1152,-0.3037655879800455,mental,main_overlap,posterior_exponent × group
1153,-0.4745424917829585,mental,main_overlap,posterior_exponent × group
1154,-0.8276502881032837,mental,main_overlap,posterior_exponent × group
1155,-0.277483802969764,mental,main_overlap,posterior_exponent × group
1156,-0.3886567573195363,mental,main_overlap,posterior_exponent × group
1157,-0.312729897090531,mental,main_overlap,posterior_exponent × group
1158,-0.3252303324523553,mental,main_overlap,posterior_exponent × group
1159,-0.3754487946791957,mental,main_overlap,posterior_exponent × group
1160,-0.3306916203368332,mental,main_overlap,posterior_exponent × group
1161,-0.3528747959533323,mental,main_overlap,posterior_exponent × group
1162,-0.0692197090375318,mental,main_overlap,posterior_exponent × group
1163,-0.4660925509648864,mental,main_overlap,posterior_exponent × group
1164,-0.3320222653042547,mental,main_overlap,posterior_exponent × group
1165,-0.1402410199812558,mental,main_overlap,posterior_exponent × group
1166,-0.5207989549931116,mental,main_overlap,posterior_exponent × group
1167,-0.6604371283311122,mental,main_overlap,posterior_exponent × group
1168,-0.459035634759295,mental,main_overlap,posterior_exponent × group
1169,-0.672650449605038,mental,main_overlap,posterior_exponent × group
1170,-0.5048849104597478,mental,main_overlap,posterior_exponent × group
1171,-0.4196539786393939,mental,main_overlap,posterior_exponent × group
1172,-0.486324535828975,mental,main_overlap,posterior_exponent × group
1173,-0.3154533248136665,mental,main_overlap,posterior_exponent × group
1174,-0.6321640971505839,mental,main_overlap,posterior_exponent × group
1175,-0.2722452337004,mental,main_overlap,posterior_exponent × group
1176,-0.6051099423959841,mental,main_overlap,posterior_exponent × group
1177,-0.5013670587200083,mental,main_overlap,posterior_exponent × group
1178,-0.4722943044393082,mental,main_overlap,posterior_exponent × group
1179,-0.2779688095820039,mental,main_overlap,posterior_exponent × group
1180,-0.514315400925904,mental,main_overlap,posterior_exponent × group
1181,-0.3684368725962738,mental,main_overlap,posterior_exponent × group
1182,-0.2627161256542045,mental,main_overlap,posterior_exponent × group
1183,0.0491289918147483,mental,main_overlap,posterior_exponent × group
1184,-0.5427409281218604,mental,main_overlap,posterior_exponent × group
1185,-0.2636919280569294,mental,main_overlap,posterior_exponent × group
1186,-0.237518157291229,mental,main_overlap,posterior_exponent × group
1187,-0.3883389272799276,mental,main_overlap,posterior_exponent × group
1188,-0.3271703990490092,mental,main_overlap,posterior_exponent × group
1189,-0.1625619391926454,mental,main_overlap,posterior_exponent × group
1190,-0.0800761643088106,mental,main_overlap,posterior_exponent × group
1191,-0.3721661661818803,mental,main_overlap,posterior_exponent × group
1192,-0.812982685797035,mental,main_overlap,posterior_exponent × group
1193,-0.6582471616593961,mental,main_overlap,posterior_exponent × group
1194,-0.2663903789627037,mental,main_overlap,posterior_exponent × group
1195,-0.2374429190320223,mental,main_overlap,posterior_exponent × group
1196,-0.8057199525150056,mental,main_overlap,posterior_exponent × group
1197,-0.4829563910208291,mental,main_overlap,posterior_exponent × group
1198,-0.3990945398675372,mental,main_overlap,posterior_exponent × group
1199,-0.7119938399154221,mental,main_overlap,posterior_exponent × group
1200,-0.1928587204090052,mental,main_overlap,posterior_exponent × group
1201,-0.329945205710991,mental,main_overlap,posterior_exponent × group
1202,-0.2728791713868493,mental,main_overlap,posterior_exponent × group
1203,-0.1107544186821861,mental,main_overlap,posterior_exponent × group
1204,-0.299422330095545,mental,main_overlap,posterior_exponent × group
1205,-0.2606707969098,mental,main_overlap,posterior_exponent × group
1206,-0.5454955831464056,mental,main_overlap,posterior_exponent × group
1207,-0.6630113472068301,mental,main_overlap,posterior_exponent × group
1208,-0.2408277180948031,mental,main_overlap,posterior_exponent × group
1209,-0.0851862970151248,mental,main_overlap,posterior_exponent × group
1210,-0.545018614856392,mental,main_overlap,posterior_exponent × group
1211,-0.4144830856388261,mental,main_overlap,posterior_exponent × group
1212,-0.4709656587670443,mental,main_overlap,posterior_exponent × group
1213,-0.2433938935860134,mental,main_overlap,posterior_exponent × group
1214,-0.2975513753043122,mental,main_overlap,posterior_exponent × group
1215,-0.4901487468796114,mental,main_overlap,posterior_exponent × group
1216,-0.2223588911907965,mental,main_overlap,posterior_exponent × group
1217,-0.5678251332847901,mental,main_overlap,posterior_exponent × group
1218,-0.5767465692533414,mental,main_overlap,posterior_exponent × group
1219,-0.7392398953703654,mental,main_overlap,posterior_exponent × group
1220,-0.6044512816669614,mental,main_overlap,posterior_exponent × group
1221,-0.4382470360446596,mental,main_overlap,posterior_exponent × group
1222,-0.2805711369484318,mental,main_overlap,posterior_exponent × group
1223,-0.4734078858397611,mental,main_overlap,posterior_exponent × group
1224,-0.4712721729727641,mental,main_overlap,posterior_exponent × group
1225,-0.2523477657355791,mental,main_overlap,posterior_exponent × group
1226,-0.4768218920526054,mental,main_overlap,posterior_exponent × group
1227,-0.5961307540701178,mental,main_overlap,posterior_exponent × group
1228,-0.4681935638074982,mental,main_overlap,posterior_exponent × group
1229,-0.3299151597448821,mental,main_overlap,posterior_exponent × group
1230,-0.2560090609690673,mental,main_overlap,posterior_exponent × group
1231,-0.3635099908806835,mental,main_overlap,posterior_exponent × group
1232,-0.1241165428824587,mental,main_overlap,posterior_exponent × group
1233,-0.1694430489866676,mental,main_overlap,posterior_exponent × group
1234,-0.5725435615768124,mental,main_overlap,posterior_exponent × group
1235,-0.212944904975225,mental,main_overlap,posterior_exponent × group
1236,-0.3015339977480507,mental,main_overlap,posterior_exponent × group
1237,-0.3940557880152028,mental,main_overlap,posterior_exponent × group
1238,-0.5584891004193362,mental,main_overlap,posterior_exponent × group
1239,-0.5390972765410935,mental,main_overlap,posterior_exponent × group
1240,-0.4917340369900984,mental,main_overlap,posterior_exponent × group
1241,-0.5132312071134714,mental,main_overlap,posterior_exponent × group
1242,-0.306561155476894,mental,main_overlap,posterior_exponent × group
1243,-0.4192961718697902,mental,main_overlap,posterior_exponent × group
1244,-0.2445616608741836,mental,main_overlap,posterior_exponent × group
1245,-0.3583925278512899,mental,main_overlap,posterior_exponent × group
1246,-0.1164821474835425,mental,main_overlap,posterior_exponent × group
1247,-0.4425341924866279,mental,main_overlap,posterior_exponent × group
1248,-0.7068106927429986,mental,main_overlap,posterior_exponent × group
1249,-0.3161993419982634,mental,main_overlap,posterior_exponent × group
1250,-0.5875263875568343,mental,main_overlap,posterior_exponent × group
1251,-0.545381513401169,mental,main_overlap,posterior_exponent × group
1252,-0.471346524534614,mental,main_overlap,posterior_exponent × group
1253,-0.3407898046852271,mental,main_overlap,posterior_exponent × group
1254,-0.2712208342017367,mental,main_overlap,posterior_exponent × group
1255,-0.2798097841243832,mental,main_overlap,posterior_exponent × group
1256,-0.5224835254552267,mental,main_overlap,posterior_exponent × group
1257,-0.3373434488352132,mental,main_overlap,posterior_exponent × group
1258,-0.1657735696776655,mental,main_overlap,posterior_exponent × group
1259,-0.4041851991443994,mental,main_overlap,posterior_exponent × group
1260,-0.0250979972359824,mental,main_overlap,posterior_exponent × group
1261,-0.7601965075746917,mental,main_overlap,posterior_exponent × group
1262,-0.7027764962972549,mental,main_overlap,posterior_exponent × group
1263,-0.6931613120839815,mental,main_overlap,posterior_exponent × group
1264,-0.0379088561305134,mental,main_overlap,posterior_exponent × group
1265,-0.2834720753195284,mental,main_overlap,posterior_exponent × group
1266,-0.3679773482992476,mental,main_overlap,posterior_exponent × group
1267,-0.7778541534225165,mental,main_overlap,posterior_exponent × group
1268,-0.2455804289877997,mental,main_overlap,posterior_exponent × group
1269,-0.4552612448621264,mental,main_overlap,posterior_exponent × group
1270,-0.2533144803297453,mental,main_overlap,posterior_exponent × group
1271,-0.1344137722000647,mental,main_overlap,posterior_exponent × group
1272,-0.3692507419559114,mental,main_overlap,posterior_exponent × group
1273,-0.5030189029699549,mental,main_overlap,posterior_exponent × group
1274,-0.5614244264668832,mental,main_overlap,posterior_exponent × group
1275,-0.3426301575611257,mental,main_overlap,posterior_exponent × group
1276,-0.2434973779706094,mental,main_overlap,posterior_exponent × group
1277,-0.2522257254035805,mental,main_overlap,posterior_exponent × group
1278,-0.1880410087641149,mental,main_overlap,posterior_exponent × group
1279,-0.127082672799397,mental,main_overlap,posterior_exponent × group
1280,-0.1418080843892025,mental,main_overlap,posterior_exponent × group
1281,-0.4368897678919584,mental,main_overlap,posterior_exponent × group
1282,-0.2725872563912792,mental,main_overlap,posterior_exponent × group
1283,-0.3601252834121914,mental,main_overlap,posterior_exponent × group
1284,-0.7685503578302759,mental,main_overlap,posterior_exponent × group
1285,-0.3936197064242572,mental,main_overlap,posterior_exponent × group
1286,-0.3513398157265714,mental,main_overlap,posterior_exponent × group
1287,-0.3208192827111267,mental,main_overlap,posterior_exponent × group
1288,-0.7755359589383417,mental,main_overlap,posterior_exponent × group
1289,-0.913443587586569,mental,main_overlap,posterior_exponent × group
1290,-0.6132484932404791,mental,main_overlap,posterior_exponent × group
1291,-0.2194737407868788,mental,main_overlap,posterior_exponent × group
1292,-0.5561001574936533,mental,main_overlap,posterior_exponent × group
1293,-0.5008298686153708,mental,main_overlap,posterior_exponent × group
1294,-0.3316780172408146,mental,main_overlap,posterior_exponent × group
1295,-0.3349253163493624,mental,main_overlap,posterior_exponent × group
1296,-0.3934330955063899,mental,main_overlap,posterior_exponent × group
1297,-0.1522859461076874,mental,main_overlap,posterior_exponent × group
1298,-0.4597268735631998,mental,main_overlap,posterior_exponent × group
1299,-0.6078381490269753,mental,main_overlap,posterior_exponent × group
1300,-0.2605125750909079,mental,main_overlap,posterior_exponent × group
1301,-0.6838806376636671,mental,main_overlap,posterior_exponent × group
1302,-0.1836665310113413,mental,main_overlap,posterior_exponent × group
1303,-0.3566178670515016,mental,main_overlap,posterior_exponent × group
1304,-0.397492808238067,mental,main_overlap,posterior_exponent × group
1305,-0.2513365191771795,mental,main_overlap,posterior_exponent × group
1306,-0.1133808889075632,mental,main_overlap,posterior_exponent × group
1307,-0.6119703221253419,mental,main_overlap,posterior_exponent × group
1308,-0.339616065198371,mental,main_overlap,posterior_exponent × group
1309,-0.3103270861071065,mental,main_overlap,posterior_exponent × group
1310,-0.4870438253146323,mental,main_overlap,posterior_exponent × group
1311,-0.2856993978942827,mental,main_overlap,posterior_exponent × group
1312,-0.5492884375949503,mental,main_overlap,posterior_exponent × group
1313,-0.2061946395399768,mental,main_overlap,posterior_exponent × group
1314,-0.3563718523549051,mental,main_overlap,posterior_exponent × group
1315,-0.1709457975372346,mental,main_overlap,posterior_exponent × group
1316,-0.2702388712491069,mental,main_overlap,posterior_exponent × group
1317,-0.6794428352821583,mental,main_overlap,posterior_exponent × group
1318,-0.5651358822174424,mental,main_overlap,posterior_exponent × group
1319,0.0601049720386277,mental,main_overlap,posterior_exponent × group
1320,-0.5092820692186114,mental,main_overlap,posterior_exponent × group
1321,-0.4938818190333309,mental,main_overlap,posterior_exponent × group
1322,-0.3963365952836677,mental,main_overlap,posterior_exponent × group
1323,-0.2307911637938137,mental,main_overlap,posterior_exponent × group
1324,-0.2156257439267597,mental,main_overlap,posterior_exponent × group
1325,-0.4038043784134099,mental,main_overlap,posterior_exponent × group
1326,-0.5192850259483495,mental,main_overlap,posterior_exponent × group
1327,-0.3846179435017102,mental,main_overlap,posterior_exponent × group
1328,-0.6714980787860049,mental,main_overlap,posterior_exponent × group
1329,-0.3530114875977336,mental,main_overlap,posterior_exponent × group
1330,-0.4803021227445128,mental,main_overlap,posterior_exponent × group
1331,-0.4096069450632787,mental,main_overlap,posterior_exponent × group
1332,-0.3617588532677415,mental,main_overlap,posterior_exponent × group
1333,-0.5901766859841303,mental,main_overlap,posterior_exponent × group
1334,-0.0787737207579576,mental,main_overlap,posterior_exponent × group
1335,-0.3465929187477153,mental,main_overlap,posterior_exponent × group
1336,-0.2235553142527672,mental,main_overlap,posterior_exponent × group
1337,-0.2337206557610343,mental,main_overlap,posterior_exponent × group
1338,-0.6150460850514348,mental,main_overlap,posterior_exponent × group
1339,-0.6202494263449887,mental,main_overlap,posterior_exponent × group
1340,-0.1431185409560516,mental,main_overlap,posterior_exponent × group
1341,-0.3189781238457714,mental,main_overlap,posterior_exponent × group
1342,-0.4470377330891312,mental,main_overlap,posterior_exponent × group
1343,-0.2988386550957086,mental,main_overlap,posterior_exponent × group
1344,0.0193470941695866,mental,main_overlap,posterior_exponent × group
1345,-0.3230051209731936,mental,main_overlap,posterior_exponent × group
1346,-0.2466472645714407,mental,main_overlap,posterior_exponent × group
1347,-0.2559059395033528,mental,main_overlap,posterior_exponent × group
1348,-0.4936428047666608,mental,main_overlap,posterior_exponent × group
1349,-0.2094982231310123,mental,main_overlap,posterior_exponent × group
1350,-0.0360271463491426,mental,main_overlap,posterior_exponent × group
1351,-0.360918457001951,mental,main_overlap,posterior_exponent × group
1352,-0.405000352496434,mental,main_overlap,posterior_exponent × group
1353,-0.6392731801456002,mental,main_overlap,posterior_exponent × group
1354,-0.7183375545844926,mental,main_overlap,posterior_exponent × group
1355,-0.6314904811628683,mental,main_overlap,posterior_exponent × group
1356,-0.5365309130618479,mental,main_overlap,posterior_exponent × group
1357,-0.4892033455316399,mental,main_overlap,posterior_exponent × group
1358,-0.4736824413192592,mental,main_overlap,posterior_exponent × group
1359,-0.4000912495374297,mental,main_overlap,posterior_exponent × group
1360,-0.3975326974547117,mental,main_overlap,posterior_exponent × group
1361,-0.2168592522931636,mental,main_overlap,posterior_exponent × group
1362,-0.7367283804397606,mental,main_overlap,posterior_exponent × group
1363,-0.5596740649749293,mental,main_overlap,posterior_exponent × group
1364,-0.6254042149688366,mental,main_overlap,posterior_exponent × group
1365,-0.3287620339995876,mental,main_overlap,posterior_exponent × group
1366,-0.7034000807862006,mental,main_overlap,posterior_exponent × group
1367,-0.4443735444929285,mental,main_overlap,posterior_exponent × group
1368,-0.4640660543198956,mental,main_overlap,posterior_exponent × group
1369,-0.377542578659916,mental,main_overlap,posterior_exponent × group
1370,-0.3980803718860852,mental,main_overlap,posterior_exponent × group
1371,-0.4009795758875153,mental,main_overlap,posterior_exponent × group
1372,-0.4941489736943603,mental,main_overlap,posterior_exponent × group
1373,-0.5488561109676863,mental,main_overlap,posterior_exponent × group
1374,-0.4190940144928978,mental,main_overlap,posterior_exponent × group
1375,-0.3912481006010818,mental,main_overlap,posterior_exponent × group
1376,0.0206542480498091,mental,main_overlap,posterior_exponent × group
1377,0.130753262438265,mental,main_overlap,posterior_exponent × group
1378,-0.451246053834779,mental,main_overlap,posterior_exponent × group
1379,-0.359046393116218,mental,main_overlap,posterior_exponent × group
1380,-0.1191424782875006,mental,main_overlap,posterior_exponent × group
1381,-0.3725915894453306,mental,main_overlap,posterior_exponent × group
1382,-0.1099666019196551,mental,main_overlap,posterior_exponent × group
1383,-0.0633646689739627,mental,main_overlap,posterior_exponent × group
1384,-0.0918969869393319,mental,main_overlap,posterior_exponent × group
1385,-0.329273620842239,mental,main_overlap,posterior_exponent × group
1386,-0.238659330678144,mental,main_overlap,posterior_exponent × group
1387,-0.4885546063995053,mental,main_overlap,posterior_exponent × group
1388,-0.4661636334575368,mental,main_overlap,posterior_exponent × group
1389,-0.5194113833486936,mental,main_overlap,posterior_exponent × group
1390,-0.3912860988313009,mental,main_overlap,posterior_exponent × group
1391,-0.5085206387541018,mental,main_overlap,posterior_exponent × group
1392,-0.2106116621121903,mental,main_overlap,posterior_exponent × group
1393,-0.5725678086903191,mental,main_overlap,posterior_exponent × group
1394,-0.5050679829679138,mental,main_overlap,posterior_exponent × group
1395,-0.3911176426662974,mental,main_overlap,posterior_exponent × group
1396,-0.4506999302992071,mental,main_overlap,posterior_exponent × group
1397,-0.2569498883246498,mental,main_overlap,posterior_exponent × group
1398,-0.5000340469463237,mental,main_overlap,posterior_exponent × group
1399,-0.4309616313936905,mental,main_overlap,posterior_exponent × group
1400,-0.502376644295519,mental,main_overlap,posterior_exponent × group
1401,-0.556712496343337,mental,main_overlap,posterior_exponent × group
1402,-0.7620464759125708,mental,main_overlap,posterior_exponent × group
1403,-0.6098299743154877,mental,main_overlap,posterior_exponent × group
1404,-0.4598042778564373,mental,main_overlap,posterior_exponent × group
1405,-0.1425474754490928,mental,main_overlap,posterior_exponent × group
1406,-0.2334416734696017,mental,main_overlap,posterior_exponent × group
1407,-0.5488199677559832,mental,main_overlap,posterior_exponent × group
1408,-0.3202489062156506,mental,main_overlap,posterior_exponent × group
1409,-0.2397768041965892,mental,main_overlap,posterior_exponent × group
1410,-0.5852197732177632,mental,main_overlap,posterior_exponent × group
1411,0.0422689525229456,mental,main_overlap,posterior_exponent × group
1412,-0.0147976434959287,mental,main_overlap,posterior_exponent × group
1413,-0.6963783839834236,mental,main_overlap,posterior_exponent × group
1414,-0.5007842643740122,mental,main_overlap,posterior_exponent × group
1415,-0.3327079015980831,mental,main_overlap,posterior_exponent × group
1416,-0.479462780336838,mental,main_overlap,posterior_exponent × group
1417,-0.1999378220276418,mental,main_overlap,posterior_exponent × group
1418,-0.8496917388639723,mental,main_overlap,posterior_exponent × group
1419,-0.1490369654374508,mental,main_overlap,posterior_exponent × group
1420,-0.2810678647234494,mental,main_overlap,posterior_exponent × group
1421,-0.4972891314503811,mental,main_overlap,posterior_exponent × group
1422,-0.282383381408929,mental,main_overlap,posterior_exponent × group
1423,-0.3473680260193871,mental,main_overlap,posterior_exponent × group
1424,-0.3478898342713883,mental,main_overlap,posterior_exponent × group
1425,-0.6047286290459839,mental,main_overlap,posterior_exponent × group
1426,-0.6139748248360413,mental,main_overlap,posterior_exponent × group
1427,-0.414836150857125,mental,main_overlap,posterior_exponent × group
1428,-0.3920734906306068,mental,main_overlap,posterior_exponent × group
1429,-0.2979105085377405,mental,main_overlap,posterior_exponent × group
1430,-0.7322350184973045,mental,main_overlap,posterior_exponent × group
1431,-0.2126099964050421,mental,main_overlap,posterior_exponent × group
1432,-0.5990824031604638,mental,main_overlap,posterior_exponent × group
1433,-0.2478848816683724,mental,main_overlap,posterior_exponent × group
1434,-0.3227173734350312,mental,main_overlap,posterior_exponent × group
1435,-0.3426789857018548,mental,main_overlap,posterior_exponent × group
1436,-0.3870489609138349,mental,main_overlap,posterior_exponent × group
1437,-0.4107961097179428,mental,main_overlap,posterior_exponent × group
1438,-0.7424038866516622,mental,main_overlap,posterior_exponent × group
1439,-0.2890814972439705,mental,main_overlap,posterior_exponent × group
1440,-0.160379387992011,mental,main_overlap,posterior_exponent × group
1441,-0.4832007973701058,mental,main_overlap,posterior_exponent × group
1442,-0.2353652374015051,mental,main_overlap,posterior_exponent × group
1443,0.4330254344628494,mental,main_overlap,posterior_exponent × group
1444,-0.4157098278800256,mental,main_overlap,posterior_exponent × group
1445,-0.5972955182146453,mental,main_overlap,posterior_exponent × group
1446,-0.7503166190750208,mental,main_overlap,posterior_exponent × group
1447,-0.191922110548551,mental,main_overlap,posterior_exponent × group
1448,-0.2962315793148345,mental,main_overlap,posterior_exponent × group
1449,-0.6710075166857461,mental,main_overlap,posterior_exponent × group
1450,-0.1934867438745027,mental,main_overlap,posterior_exponent × group
1451,-0.5881441300387341,mental,main_overlap,posterior_exponent × group
1452,-0.4928386026910057,mental,main_overlap,posterior_exponent × group
1453,-0.5754099646252897,mental,main_overlap,posterior_exponent × group
1454,-0.4977574329147041,mental,main_overlap,posterior_exponent × group
1455,-0.6070118502025572,mental,main_overlap,posterior_exponent × group
1456,-0.4552392481380913,mental,main_overlap,posterior_exponent × group
1457,-0.2702863625621541,mental,main_overlap,posterior_exponent × group
1458,-0.2228179119886083,mental,main_overlap,posterior_exponent × group
1459,-0.1371726206591774,mental,main_overlap,posterior_exponent × group
1460,-0.6262662555565631,mental,main_overlap,posterior_exponent × group
1461,-0.2389922362875856,mental,main_overlap,posterior_exponent × group
1462,-0.3748162792288769,mental,main_overlap,posterior_exponent × group
1463,-0.411827386228249,mental,main_overlap,posterior_exponent × group
1464,0.0050473036384704,mental,main_overlap,posterior_exponent × group
1465,-0.4741218698936513,mental,main_overlap,posterior_exponent × group
1466,-0.544307619363319,mental,main_overlap,posterior_exponent × group
1467,-0.541664579395032,mental,main_overlap,posterior_exponent × group
1468,-0.5944916220116226,mental,main_overlap,posterior_exponent × group
1469,-0.3791618705004234,mental,main_overlap,posterior_exponent × group
1470,-0.3106180579321206,mental,main_overlap,posterior_exponent × group
1471,-0.5117070430940704,mental,main_overlap,posterior_exponent × group
1472,-0.5174789375414117,mental,main_overlap,posterior_exponent × group
1473,-0.3217020162279573,mental,main_overlap,posterior_exponent × group
1474,-0.0900067945318544,mental,main_overlap,posterior_exponent × group
1475,-0.3914231083086489,mental,main_overlap,posterior_exponent × group
1476,-0.4152768831730214,mental,main_overlap,posterior_exponent × group
1477,-0.1401815201984623,mental,main_overlap,posterior_exponent × group
1478,-0.510401760752438,mental,main_overlap,posterior_exponent × group
1479,-0.2901358452491552,mental,main_overlap,posterior_exponent × group
1480,-0.4357865820046358,mental,main_overlap,posterior_exponent × group
1481,-0.8756507083787858,mental,main_overlap,posterior_exponent × group
1482,-0.5675883161015245,mental,main_overlap,posterior_exponent × group
1483,-0.446826991930109,mental,main_overlap,posterior_exponent × group
1484,0.0129626944184546,mental,main_overlap,posterior_exponent × group
1485,-0.3885180042867267,mental,main_overlap,posterior_exponent × group
1486,-0.2559778250991684,mental,main_overlap,posterior_exponent × group
1487,-0.4777522584386414,mental,main_overlap,posterior_exponent × group
1488,-0.0352715455725256,mental,main_overlap,posterior_exponent × group
1489,-0.515322559637438,mental,main_overlap,posterior_exponent × group
1490,-0.3135106379361072,mental,main_overlap,posterior_exponent × group
1491,-0.4874329101539406,mental,main_overlap,posterior_exponent × group
1492,-0.5355815524968066,mental,main_overlap,posterior_exponent × group
1493,0.1823641925355321,mental,main_overlap,posterior_exponent × group
1494,-0.2702310501493558,mental,main_overlap,posterior_exponent × group
1495,-0.4719747520485505,mental,main_overlap,posterior_exponent × group
1496,-0.4598897366512902,mental,main_overlap,posterior_exponent × group
1497,-0.0540384582390328,mental,main_overlap,posterior_exponent × group
1498,-0.1124346935855474,mental,main_overlap,posterior_exponent × group
1499,-0.2257162533917645,mental,main_overlap,posterior_exponent × group
1500,-0.1864924059984762,mental,main_overlap,posterior_exponent × group
1501,-0.0720979407940162,mental,main_overlap,posterior_exponent × group
1502,-0.6317361285548498,mental,main_overlap,posterior_exponent × group
1503,-0.3156385895981611,mental,main_overlap,posterior_exponent × group
1504,-0.2664538462439529,mental,main_overlap,posterior_exponent × group
1505,-0.5210182170818459,mental,main_overlap,posterior_exponent × group
1506,-0.2501882980053247,mental,main_overlap,posterior_exponent × group
1507,-0.2903267177714598,mental,main_overlap,posterior_exponent × group
1508,-0.6076018633784848,mental,main_overlap,posterior_exponent × group
1509,-0.6293003384511184,mental,main_overlap,posterior_exponent × group
1510,-0.5373721217463263,mental,main_overlap,posterior_exponent × group
1511,-0.4666620605766513,mental,main_overlap,posterior_exponent × group
1512,-0.5177465442860415,mental,main_overlap,posterior_exponent × group
1513,-0.3750675078699974,mental,main_overlap,posterior_exponent × group
1514,-0.1090795956252039,mental,main_overlap,posterior_exponent × group
1515,-0.327865800846201,mental,main_overlap,posterior_exponent × group
1516,-0.0903859561209522,mental,main_overlap,posterior_exponent × group
1517,-0.6294192123716822,mental,main_overlap,posterior_exponent × group
1518,-0.4993390639276475,mental,main_overlap,posterior_exponent × group
1519,-0.3100174151377814,mental,main_overlap,posterior_exponent × group
1520,-0.6781245222299747,mental,main_overlap,posterior_exponent × group
1521,-0.387782463418425,mental,main_overlap,posterior_exponent × group
1522,-0.4739580144441561,mental,main_overlap,posterior_exponent × group
1523,-0.7850094810847116,mental,main_overlap,posterior_exponent × group
1524,-0.5175348261205863,mental,main_overlap,posterior_exponent × group
1525,-0.2594696827306647,mental,main_overlap,posterior_exponent × group
1526,-0.4616615131594192,mental,main_overlap,posterior_exponent × group
1527,-0.531284022963019,mental,main_overlap,posterior_exponent × group
1528,-0.4059611303260985,mental,main_overlap,posterior_exponent × group
1529,0.039710750081791,mental,main_overlap,posterior_exponent × group
1530,-0.3744603072001439,mental,main_overlap,posterior_exponent × group
1531,-0.2447742473435114,mental,main_overlap,posterior_exponent × group
1532,-0.1854189833109782,mental,main_overlap,posterior_exponent × group
1533,-0.3688531729671728,mental,main_overlap,posterior_exponent × group
1534,-0.1783261193852192,mental,main_overlap,posterior_exponent × group
1535,-0.6296179059729133,mental,main_overlap,posterior_exponent × group
1536,-0.4581539453746576,mental,main_overlap,posterior_exponent × group
1537,-0.3435779399658753,mental,main_overlap,posterior_exponent × group
1538,-0.5190840636806572,mental,main_overlap,posterior_exponent × group
1539,-0.7805592723459347,mental,main_overlap,posterior_exponent × group
1540,-0.3306180656610725,mental,main_overlap,posterior_exponent × group
1541,-0.2161932970005266,mental,main_overlap,posterior_exponent × group
1542,-0.4994395871426253,mental,main_overlap,posterior_exponent × group
1543,-0.1567258974273902,mental,main_overlap,posterior_exponent × group
1544,-0.1806398459249668,mental,main_overlap,posterior_exponent × group
1545,-0.3479543347139114,mental,main_overlap,posterior_exponent × group
1546,-0.4103075825085571,mental,main_overlap,posterior_exponent × group
1547,-0.5973539720081664,mental,main_overlap,posterior_exponent × group
1548,-0.1579738974441839,mental,main_overlap,posterior_exponent × group
1549,-0.5589798081085922,mental,main_overlap,posterior_exponent × group
1550,-0.3622945836236742,mental,main_overlap,posterior_exponent × group
1551,-0.3635572168366037,mental,main_overlap,posterior_exponent × group
1552,-0.4775035922451889,mental,main_overlap,posterior_exponent × group
1553,-0.343562623892249,mental,main_overlap,posterior_exponent × group
1554,-0.4125755055036059,mental,main_overlap,posterior_exponent × group
1555,-0.0826119381184885,mental,main_overlap,posterior_exponent × group
1556,-0.5842942498553475,mental,main_overlap,posterior_exponent × group
1557,-0.2722714856771975,mental,main_overlap,posterior_exponent × group
1558,-0.383644351357745,mental,main_overlap,posterior_exponent × group
1559,-0.4991722777480605,mental,main_overlap,posterior_exponent × group
1560,-0.1363350246992317,mental,main_overlap,posterior_exponent × group
1561,-0.1503468006015411,mental,main_overlap,posterior_exponent × group
1562,-0.4657800354562165,mental,main_overlap,posterior_exponent × group
1563,-0.5737740726486406,mental,main_overlap,posterior_exponent × group
1564,-0.0012010161699909,mental,main_overlap,posterior_exponent × group
1565,-0.0883375773017176,mental,main_overlap,posterior_exponent × group
1566,-0.4202733598829853,mental,main_overlap,posterior_exponent × group
1567,-0.1845785573295417,mental,main_overlap,posterior_exponent × group
1568,0.1665535624034983,mental,main_overlap,posterior_exponent × group
1569,-0.2746654117685611,mental,main_overlap,posterior_exponent × group
1570,-0.3623775758059435,mental,main_overlap,posterior_exponent × group
1571,-0.5458474540708109,mental,main_overlap,posterior_exponent × group
1572,-0.4668513471923586,mental,main_overlap,posterior_exponent × group
1573,-0.4303499469128187,mental,main_overlap,posterior_exponent × group
1574,-0.2197456128844637,mental,main_overlap,posterior_exponent × group
1575,-0.7280248908194187,mental,main_overlap,posterior_exponent × group
1576,-0.2178564445544658,mental,main_overlap,posterior_exponent × group
1577,-0.2940902413282127,mental,main_overlap,posterior_exponent × group
1578,-0.3795107569242527,mental,main_overlap,posterior_exponent × group
1579,-0.0691731766100446,mental,main_overlap,posterior_exponent × group
1580,-0.3218015783780357,mental,main_overlap,posterior_exponent × group
1581,-0.5469369100363826,mental,main_overlap,posterior_exponent × group
1582,-0.1990960392809102,mental,main_overlap,posterior_exponent × group
1583,-0.2709828976607323,mental,main_overlap,posterior_exponent × group
1584,-0.278097363973851,mental,main_overlap,posterior_exponent × group
1585,-0.4662266547677802,mental,main_overlap,posterior_exponent × group
1586,-0.3069654169764631,mental,main_overlap,posterior_exponent × group
1587,-0.1892774427105324,mental,main_overlap,posterior_exponent × group
1588,-0.7486014544643745,mental,main_overlap,posterior_exponent × group
1589,-0.3371370314103503,mental,main_overlap,posterior_exponent × group
1590,-0.2254325180389245,mental,main_overlap,posterior_exponent × group
1591,-0.5053272722953999,mental,main_overlap,posterior_exponent × group
1592,-0.4194337161273224,mental,main_overlap,posterior_exponent × group
1593,-0.6565394731154519,mental,main_overlap,posterior_exponent × group
1594,-0.4163710190542853,mental,main_overlap,posterior_exponent × group
1595,-0.5090080085124098,mental,main_overlap,posterior_exponent × group
1596,-0.2903836403136711,mental,main_overlap,posterior_exponent × group
1597,-0.1303949301780361,mental,main_overlap,posterior_exponent × group
1598,-0.289863198695388,mental,main_overlap,posterior_exponent × group
1599,-0.3890328930616198,mental,main_overlap,posterior_exponent × group
1600,-0.1476177336431778,mental,main_overlap,posterior_exponent × group
1601,-0.3193303940521069,mental,main_overlap,posterior_exponent × group
1602,-0.2208071653846404,mental,main_overlap,posterior_exponent × group
1603,-0.277512084210026,mental,main_overlap,posterior_exponent × group
1604,-0.1698146658674685,mental,main_overlap,posterior_exponent × group
1605,-0.4393443457706262,mental,main_overlap,posterior_exponent × group
1606,-0.257608816013519,mental,main_overlap,posterior_exponent × group
1607,-0.0453201747163812,mental,main_overlap,posterior_exponent × group
1608,-0.5265214956860136,mental,main_overlap,posterior_exponent × group
1609,-0.6568490253916194,mental,main_overlap,posterior_exponent × group
1610,-0.3392177952782235,mental,main_overlap,posterior_exponent × group
1611,-0.2855635141272315,mental,main_overlap,posterior_exponent × group
1612,-0.4392368277468827,mental,main_overlap,posterior_exponent × group
1613,-0.3793729674385652,mental,main_overlap,posterior_exponent × group
1614,-0.0569786280100822,mental,main_overlap,posterior_exponent × group
1615,-0.6588005662470237,mental,main_overlap,posterior_exponent × group
1616,-0.4165598516088521,mental,main_overlap,posterior_exponent × group
1617,-0.3325853300557561,mental,main_overlap,posterior_exponent × group
1618,-0.3799605007892358,mental,main_overlap,posterior_exponent × group
1619,-0.8622687101891914,mental,main_overlap,posterior_exponent × group
1620,-0.5275220627101324,mental,main_overlap,posterior_exponent × group
1621,-0.6347922968162664,mental,main_overlap,posterior_exponent × group
1622,-0.0405362728696418,mental,main_overlap,posterior_exponent × group
1623,-0.8560911193909058,mental,main_overlap,posterior_exponent × group
1624,-0.4890627402374362,mental,main_overlap,posterior_exponent × group
1625,-0.5260668458970071,mental,main_overlap,posterior_exponent × group
1626,-0.2232071979441806,mental,main_overlap,posterior_exponent × group
1627,-0.7435847733358423,mental,main_overlap,posterior_exponent × group
1628,-0.1392380993537789,mental,main_overlap,posterior_exponent × group
1629,-0.0087325673796315,mental,main_overlap,posterior_exponent × group
1630,-0.4102060032530125,mental,main_overlap,posterior_exponent × group
1631,-0.5347976397928105,mental,main_overlap,posterior_exponent × group
1632,-0.4065966815877071,mental,main_overlap,posterior_exponent × group
1633,-0.4076498513075634,mental,main_overlap,posterior_exponent × group
1634,-0.1468240769433763,mental,main_overlap,posterior_exponent × group
1635,-0.547920930715481,mental,main_overlap,posterior_exponent × group
1636,-0.4008942411557663,mental,main_overlap,posterior_exponent × group
1637,-0.7974300817494903,mental,main_overlap,posterior_exponent × group
1638,-0.2565997959837411,mental,main_overlap,posterior_exponent × group
1639,-0.5030656166354722,mental,main_overlap,posterior_exponent × group
1640,-0.08916426341948,mental,main_overlap,posterior_exponent × group
1641,-0.5464397319956387,mental,main_overlap,posterior_exponent × group
1642,-0.5424102826397116,mental,main_overlap,posterior_exponent × group
1643,-0.6926332862334738,mental,main_overlap,posterior_exponent × group
1644,-0.7611960950516522,mental,main_overlap,posterior_exponent × group
1645,-0.4935666377454046,mental,main_overlap,posterior_exponent × group
1646,-0.2675333535782757,mental,main_overlap,posterior_exponent × group
1647,-0.1640151859281319,mental,main_overlap,posterior_exponent × group
1648,-0.6169482031507343,mental,main_overlap,posterior_exponent × group
1649,-0.3074491846738515,mental,main_overlap,posterior_exponent × group
1650,-0.4498476751750713,mental,main_overlap,posterior_exponent × group
1651,-0.4608463408594541,mental,main_overlap,posterior_exponent × group
1652,-0.3856687950429484,mental,main_overlap,posterior_exponent × group
1653,-0.7545872224057711,mental,main_overlap,posterior_exponent × group
1654,-0.0319973617351044,mental,main_overlap,posterior_exponent × group
1655,-0.2903192612071222,mental,main_overlap,posterior_exponent × group
1656,-0.6205227395189167,mental,main_overlap,posterior_exponent × group
1657,-0.2996490811506684,mental,main_overlap,posterior_exponent × group
1658,-0.4871843981610256,mental,main_overlap,posterior_exponent × group
1659,-0.7927453399128761,mental,main_overlap,posterior_exponent × group
1660,-0.4514447387725995,mental,main_overlap,posterior_exponent × group
1661,-0.3967079147834253,mental,main_overlap,posterior_exponent × group
1662,-0.580013346914682,mental,main_overlap,posterior_exponent × group
1663,-0.5669828155962504,mental,main_overlap,posterior_exponent × group
1664,-0.3959080149275982,mental,main_overlap,posterior_exponent × group
1665,-0.6600022981821551,mental,main_overlap,posterior_exponent × group
1666,-0.2276095709508183,mental,main_overlap,posterior_exponent × group
1667,-0.3325151101964055,mental,main_overlap,posterior_exponent × group
1668,-0.2607775923642344,mental,main_overlap,posterior_exponent × group
1669,-0.5905089629558679,mental,main_overlap,posterior_exponent × group
1670,-0.3975429089783246,mental,main_overlap,posterior_exponent × group
1671,-0.6416691823872783,mental,main_overlap,posterior_exponent × group
1672,-0.2023705937701716,mental,main_overlap,posterior_exponent × group
1673,-0.3440276882394346,mental,main_overlap,posterior_exponent × group
1674,-0.1553551840136961,mental,main_overlap,posterior_exponent × group
1675,-0.1953477843616781,mental,main_overlap,posterior_exponent × group
1676,-0.3609560507193094,mental,main_overlap,posterior_exponent × group
1677,-0.662006434004985,mental,main_overlap,posterior_exponent × group
1678,-0.6416860748068229,mental,main_overlap,posterior_exponent × group
1679,-0.6013193925751992,mental,main_overlap,posterior_exponent × group
1680,-0.2219960028969984,mental,main_overlap,posterior_exponent × group
1681,-0.5093763601961149,mental,main_overlap,posterior_exponent × group
1682,-0.397097546838711,mental,main_overlap,posterior_exponent × group
1683,-0.338718917308777,mental,main_overlap,posterior_exponent × group
1684,-0.683847161491972,mental,main_overlap,posterior_exponent × group
1685,-0.4671235927487225,mental,main_overlap,posterior_exponent × group
1686,-0.5630683626961953,mental,main_overlap,posterior_exponent × group
1687,-0.177088153898193,mental,main_overlap,posterior_exponent × group
1688,-0.2328900796424164,mental,main_overlap,posterior_exponent × group
1689,-0.1157720964336316,mental,main_overlap,posterior_exponent × group
1690,-0.4420413028620817,mental,main_overlap,posterior_exponent × group
1691,-0.2368611231346785,mental,main_overlap,posterior_exponent × group
1692,0.0998487124151749,mental,main_overlap,posterior_exponent × group
1693,-0.7811137880028756,mental,main_overlap,posterior_exponent × group
1694,-0.3934536000785787,mental,main_overlap,posterior_exponent × group
1695,-0.2999839001475659,mental,main_overlap,posterior_exponent × group
1696,-0.329570233225704,mental,main_overlap,posterior_exponent × group
1697,-0.858965694020971,mental,main_overlap,posterior_exponent × group
1698,-0.275409779955757,mental,main_overlap,posterior_exponent × group
1699,-0.3078148738509872,mental,main_overlap,posterior_exponent × group
1700,-0.4647120335247167,mental,main_overlap,posterior_exponent × group
1701,-0.3968511297504504,mental,main_overlap,posterior_exponent × group
1702,-0.5116086742227588,mental,main_overlap,posterior_exponent × group
1703,-0.4647857305681933,mental,main_overlap,posterior_exponent × group
1704,-0.7288295440186092,mental,main_overlap,posterior_exponent × group
1705,-0.3404074402858033,mental,main_overlap,posterior_exponent × group
1706,-0.070365240706836,mental,main_overlap,posterior_exponent × group
1707,-0.2330487005910462,mental,main_overlap,posterior_exponent × group
1708,-0.6840211612177965,mental,main_overlap,posterior_exponent × group
1709,-0.0235815928465173,mental,main_overlap,posterior_exponent × group
1710,-0.1777773025612486,mental,main_overlap,posterior_exponent × group
1711,-0.4333545909348306,mental,main_overlap,posterior_exponent × group
1712,-0.3272025007705247,mental,main_overlap,posterior_exponent × group
1713,-0.4971691397654968,mental,main_overlap,posterior_exponent × group
1714,-0.0280570154707952,mental,main_overlap,posterior_exponent × group
1715,-0.5072377078350956,mental,main_overlap,posterior_exponent × group
1716,-0.2011662240568366,mental,main_overlap,posterior_exponent × group
1717,-0.2063367769127587,mental,main_overlap,posterior_exponent × group
1718,-0.7737805238878384,mental,main_overlap,posterior_exponent × group
1719,-0.3071227529942607,mental,main_overlap,posterior_exponent × group
1720,-0.3332718906964699,mental,main_overlap,posterior_exponent × group
1721,-0.2572336958056109,mental,main_overlap,posterior_exponent × group
1722,-0.5417872595110137,mental,main_overlap,posterior_exponent × group
1723,-0.571720820714455,mental,main_overlap,posterior_exponent × group
1724,-0.5865340971643838,mental,main_overlap,posterior_exponent × group
1725,-0.1898438829079873,mental,main_overlap,posterior_exponent × group
1726,-0.4927055097149185,mental,main_overlap,posterior_exponent × group
1727,-0.3770582080724272,mental,main_overlap,posterior_exponent × group
1728,-0.4244923051634987,mental,main_overlap,posterior_exponent × group
1729,-0.5736215826285184,mental,main_overlap,posterior_exponent × group
1730,-0.5632233149516566,mental,main_overlap,posterior_exponent × group
1731,-0.5935849014285165,mental,main_overlap,posterior_exponent × group
1732,-0.4872922894782036,mental,main_overlap,posterior_exponent × group
1733,-0.3120837162532425,mental,main_overlap,posterior_exponent × group
1734,-0.3564784363067389,mental,main_overlap,posterior_exponent × group
1735,-0.5955130201012877,mental,main_overlap,posterior_exponent × group
1736,-0.6895294886787127,mental,main_overlap,posterior_exponent × group
1737,-0.3441435537836156,mental,main_overlap,posterior_exponent × group
1738,-0.3186400516336813,mental,main_overlap,posterior_exponent × group
1739,-0.5509572690039173,mental,main_overlap,posterior_exponent × group
1740,-0.2401407731139969,mental,main_overlap,posterior_exponent × group
1741,-0.4326077650721834,mental,main_overlap,posterior_exponent × group
1742,-0.310507323710248,mental,main_overlap,posterior_exponent × group
1743,-0.2431794265663644,mental,main_overlap,posterior_exponent × group
1744,-0.3782662869811609,mental,main_overlap,posterior_exponent × group
1745,0.0363368007148267,mental,main_overlap,posterior_exponent × group
1746,-0.3511883113178005,mental,main_overlap,posterior_exponent × group
1747,-0.6507802925511987,mental,main_overlap,posterior_exponent × group
1748,-0.331751358287445,mental,main_overlap,posterior_exponent × group
1749,-0.8376338477726415,mental,main_overlap,posterior_exponent × group
1750,-0.0481869947051058,mental,main_overlap,posterior_exponent × group
1751,-0.1709116959717165,mental,main_overlap,posterior_exponent × group
1752,-0.4734605925795511,mental,main_overlap,posterior_exponent × group
1753,-0.2485133189042858,mental,main_overlap,posterior_exponent × group
1754,-0.3857369304137432,mental,main_overlap,posterior_exponent × group
1755,-0.1383879870334432,mental,main_overlap,posterior_exponent × group
1756,-0.577871921028372,mental,main_overlap,posterior_exponent × group
1757,-0.5190006975300516,mental,main_overlap,posterior_exponent × group
1758,-0.3668390677148298,mental,main_overlap,posterior_exponent × group
1759,-0.1964786677548564,mental,main_overlap,posterior_exponent × group
1760,-0.3627022967112004,mental,main_overlap,posterior_exponent × group
1761,-0.2852457148321427,mental,main_overlap,posterior_exponent × group
1762,-0.2799156217671911,mental,main_overlap,posterior_exponent × group
1763,-0.9522490426504144,mental,main_overlap,posterior_exponent × group
1764,-0.3897934744348293,mental,main_overlap,posterior_exponent × group
1765,-0.0837148388744143,mental,main_overlap,posterior_exponent × group
1766,-0.5038334086967784,mental,main_overlap,posterior_exponent × group
1767,-0.5382245697906098,mental,main_overlap,posterior_exponent × group
1768,-0.0897071599658775,mental,main_overlap,posterior_exponent × group
1769,0.0150927362768223,mental,main_overlap,posterior_exponent × group
1770,-0.4378216784778853,mental,main_overlap,posterior_exponent × group
1771,-0.3335685642443842,mental,main_overlap,posterior_exponent × group
1772,-0.4931137839612189,mental,main_overlap,posterior_exponent × group
1773,-0.518517212816606,mental,main_overlap,posterior_exponent × group
1774,-0.4250441627089019,mental,main_overlap,posterior_exponent × group
1775,-0.5511854153138259,mental,main_overlap,posterior_exponent × group
1776,-0.1714769208540215,mental,main_overlap,posterior_exponent × group
1777,-0.4652003342220648,mental,main_overlap,posterior_exponent × group
1778,-0.5153838344380478,mental,main_overlap,posterior_exponent × group
1779,-0.0632315080814705,mental,main_overlap,posterior_exponent × group
1780,-0.6515272834463737,mental,main_overlap,posterior_exponent × group
1781,-0.3231244615733598,mental,main_overlap,posterior_exponent × group
1782,-0.5603619343301093,mental,main_overlap,posterior_exponent × group
1783,-0.4593698354862169,mental,main_overlap,posterior_exponent × group
1784,-0.8218565254161956,mental,main_overlap,posterior_exponent × group
1785,-0.3196312786657421,mental,main_overlap,posterior_exponent × group
1786,-0.5750570177267763,mental,main_overlap,posterior_exponent × group
1787,-0.6888916240560276,mental,main_overlap,posterior_exponent × group
1788,-0.1941536379881617,mental,main_overlap,posterior_exponent × group
1789,-0.2676716670572862,mental,main_overlap,posterior_exponent × group
1790,-0.48952012817081,mental,main_overlap,posterior_exponent × group
1791,-0.5778346729553561,mental,main_overlap,posterior_exponent × group
1792,-0.2493074787750757,mental,main_overlap,posterior_exponent × group
1793,-0.7176776252154566,mental,main_overlap,posterior_exponent × group
1794,-0.3359657136021325,mental,main_overlap,posterior_exponent × group
1795,-0.6093419308855688,mental,main_overlap,posterior_exponent × group
1796,-0.6574280828047234,mental,main_overlap,posterior_exponent × group
1797,-0.3239543481253328,mental,main_overlap,posterior_exponent × group
1798,-0.6106231327627177,mental,main_overlap,posterior_exponent × group
1799,-0.3843003063401067,mental,main_overlap,posterior_exponent × group
1800,-0.5173243167080998,mental,main_overlap,posterior_exponent × group
1801,-0.3441028800623243,mental,main_overlap,posterior_exponent × group
1802,-0.5852266888365828,mental,main_overlap,posterior_exponent × group
1803,-0.3558196541688487,mental,main_overlap,posterior_exponent × group
1804,-0.3237019772737249,mental,main_overlap,posterior_exponent × group
1805,-0.1435374598706448,mental,main_overlap,posterior_exponent × group
1806,-0.1966606734046879,mental,main_overlap,posterior_exponent × group
1807,-0.5230394129878075,mental,main_overlap,posterior_exponent × group
1808,-0.4549928600921448,mental,main_overlap,posterior_exponent × group
1809,-0.5126314560684565,mental,main_overlap,posterior_exponent × group
1810,-0.4707607239659939,mental,main_overlap,posterior_exponent × group
1811,-0.4792090322449131,mental,main_overlap,posterior_exponent × group
1812,-0.6402976030774664,mental,main_overlap,posterior_exponent × group
1813,-0.5087553734889269,mental,main_overlap,posterior_exponent × group
1814,0.0918707526245586,mental,main_overlap,posterior_exponent × group
1815,-0.5647124956076691,mental,main_overlap,posterior_exponent × group
1816,-0.6672522221629827,mental,main_overlap,posterior_exponent × group
1817,-0.5218225446151188,mental,main_overlap,posterior_exponent × group
1818,-0.7045003514757912,mental,main_overlap,posterior_exponent × group
1819,-0.6898532172051822,mental,main_overlap,posterior_exponent × group
1820,-0.5739908255695274,mental,main_overlap,posterior_exponent × group
1821,-0.323549899972195,mental,main_overlap,posterior_exponent × group
1822,-0.350810196424032,mental,main_overlap,posterior_exponent × group
1823,-0.2380318254423533,mental,main_overlap,posterior_exponent × group
1824,-0.7444016373317411,mental,main_overlap,posterior_exponent × group
1825,-0.410189213331212,mental,main_overlap,posterior_exponent × group
1826,-0.8695191021608939,mental,main_overlap,posterior_exponent × group
1827,-0.357808366547362,mental,main_overlap,posterior_exponent × group
1828,-0.2676439591694217,mental,main_overlap,posterior_exponent × group
1829,-0.5225931534974096,mental,main_overlap,posterior_exponent × group
1830,-0.1519774261333721,mental,main_overlap,posterior_exponent × group
1831,-0.5133180476017914,mental,main_overlap,posterior_exponent × group
1832,-0.4408658563652566,mental,main_overlap,posterior_exponent × group
1833,-0.1396491048511057,mental,main_overlap,posterior_exponent × group
1834,-0.4959097611122135,mental,main_overlap,posterior_exponent × group
1835,-0.4859626407903823,mental,main_overlap,posterior_exponent × group
1836,-0.5552271983799667,mental,main_overlap,posterior_exponent × group
1837,-0.1219657462398052,mental,main_overlap,posterior_exponent × group
1838,-0.3999860551795755,mental,main_overlap,posterior_exponent × group
1839,-0.2935211191230265,mental,main_overlap,posterior_exponent × group
1840,-0.5977189010358349,mental,main_overlap,posterior_exponent × group
1841,-0.16969218503314,mental,main_overlap,posterior_exponent × group
1842,-0.7657436153899025,mental,main_overlap,posterior_exponent × group
1843,-0.9204574066756877,mental,main_overlap,posterior_exponent × group
1844,-0.2871966483262976,mental,main_overlap,posterior_exponent × group
1845,0.006765343148109,mental,main_overlap,posterior_exponent × group
1846,-0.3827357460400446,mental,main_overlap,posterior_exponent × group
1847,-0.3509711141046425,mental,main_overlap,posterior_exponent × group
1848,-0.4808536927252471,mental,main_overlap,posterior_exponent × group
1849,-0.526641902473747,mental,main_overlap,posterior_exponent × group
1850,-0.6691783566841705,mental,main_overlap,posterior_exponent × group
1851,-0.0737557749371587,mental,main_overlap,posterior_exponent × group
1852,-0.2738916045727429,mental,main_overlap,posterior_exponent × group
1853,-0.0714050366700016,mental,main_overlap,posterior_exponent × group
1854,-0.4157921124122874,mental,main_overlap,posterior_exponent × group
1855,-0.388163889374343,mental,main_overlap,posterior_exponent × group
1856,-0.2544501558688117,mental,main_overlap,posterior_exponent × group
1857,-0.2488075756376465,mental,main_overlap,posterior_exponent × group
1858,-0.2576706815717682,mental,main_overlap,posterior_exponent × group
1859,-0.4343284405942085,mental,main_overlap,posterior_exponent × group
1860,-0.3646661975034104,mental,main_overlap,posterior_exponent × group
1861,-0.5544109534638286,mental,main_overlap,posterior_exponent × group
1862,-0.3820893477695129,mental,main_overlap,posterior_exponent × group
1863,-0.6504832474618921,mental,main_overlap,posterior_exponent × group
1864,-0.3211536330309428,mental,main_overlap,posterior_exponent × group
1865,-0.2915497482547628,mental,main_overlap,posterior_exponent × group
1866,-0.8121205571413648,mental,main_overlap,posterior_exponent × group
1867,-0.4335981606702901,mental,main_overlap,posterior_exponent × group
1868,-0.7975513453028911,mental,main_overlap,posterior_exponent × group
1869,-0.2832656112692172,mental,main_overlap,posterior_exponent × group
1870,-0.5076573787218557,mental,main_overlap,posterior_exponent × group
1871,-0.5078586771062386,mental,main_overlap,posterior_exponent × group
1872,-0.1520005225789744,mental,main_overlap,posterior_exponent × group
1873,-0.2571820899440706,mental,main_overlap,posterior_exponent × group
1874,-0.2542355335571256,mental,main_overlap,posterior_exponent × group
1875,-0.7439508003733204,mental,main_overlap,posterior_exponent × group
1876,-0.1655408728029074,mental,main_overlap,posterior_exponent × group
1877,-0.6273404585203695,mental,main_overlap,posterior_exponent × group
1878,-0.0619893438370365,mental,main_overlap,posterior_exponent × group
1879,-0.5023582193101108,mental,main_overlap,posterior_exponent × group
1880,-0.4169369785839413,mental,main_overlap,posterior_exponent × group
1881,-0.2205719864765659,mental,main_overlap,posterior_exponent × group
1882,-0.2793700986533856,mental,main_overlap,posterior_exponent × group
1883,-0.4435107350733967,mental,main_overlap,posterior_exponent × group
1884,-0.5078548980033382,mental,main_overlap,posterior_exponent × group
1885,-0.6156241581646924,mental,main_overlap,posterior_exponent × group
1886,-0.5607838711671833,mental,main_overlap,posterior_exponent × group
1887,-0.4772091029461627,mental,main_overlap,posterior_exponent × group
1888,-0.4008271898452961,mental,main_overlap,posterior_exponent × group
1889,-0.3999842764209684,mental,main_overlap,posterior_exponent × group
1890,-0.1846028140550858,mental,main_overlap,posterior_exponent × group
1891,-0.0811318376785528,mental,main_overlap,posterior_exponent × group
1892,-0.3638092549375611,mental,main_overlap,posterior_exponent × group
1893,-0.5330586084996274,mental,main_overlap,posterior_exponent × group
1894,-0.5169935037411136,mental,main_overlap,posterior_exponent × group
1895,-0.3501383458834783,mental,main_overlap,posterior_exponent × group
1896,-0.4822607161776144,mental,main_overlap,posterior_exponent × group
1897,-0.538980813257831,mental,main_overlap,posterior_exponent × group
1898,-0.6505663861969994,mental,main_overlap,posterior_exponent × group
1899,-0.385055131817235,mental,main_overlap,posterior_exponent × group
1900,-0.6521874756442322,mental,main_overlap,posterior_exponent × group
1901,-0.14679597670949,mental,main_overlap,posterior_exponent × group
1902,-0.4504905163572046,mental,main_overlap,posterior_exponent × group
1903,-0.2428679538348584,mental,main_overlap,posterior_exponent × group
1904,-0.5284567964811705,mental,main_overlap,posterior_exponent × group
1905,-0.2519264424889788,mental,main_overlap,posterior_exponent × group
1906,-0.2180361217068903,mental,main_overlap,posterior_exponent × group
1907,-0.276502156702071,mental,main_overlap,posterior_exponent × group
1908,-0.5528278996639863,mental,main_overlap,posterior_exponent × group
1909,-0.0880069473588106,mental,main_overlap,posterior_exponent × group
1910,-0.2060890530547622,mental,main_overlap,posterior_exponent × group
1911,-0.1509979144451242,mental,main_overlap,posterior_exponent × group
1912,-0.4061742919238261,mental,main_overlap,posterior_exponent × group
1913,-0.3838450203760947,mental,main_overlap,posterior_exponent × group
1914,-0.634241242603985,mental,main_overlap,posterior_exponent × group
1915,-0.2087251786234255,mental,main_overlap,posterior_exponent × group
1916,-0.525577814680478,mental,main_overlap,posterior_exponent × group
1917,-0.6657184349198081,mental,main_overlap,posterior_exponent × group
1918,-0.1986669547317014,mental,main_overlap,posterior_exponent × group
1919,-0.2291459796376213,mental,main_overlap,posterior_exponent × group
1920,-0.2464217991664045,mental,main_overlap,posterior_exponent × group
1921,-0.0223316667935782,mental,main_overlap,posterior_exponent × group
1922,-0.5738035895705142,mental,main_overlap,posterior_exponent × group
1923,-0.5273987127415685,mental,main_overlap,posterior_exponent × group
1924,-0.1342001738465,mental,main_overlap,posterior_exponent × group
1925,-0.4372949947734676,mental,main_overlap,posterior_exponent × group
1926,-0.3142575264237188,mental,main_overlap,posterior_exponent × group
1927,-0.6826590247346752,mental,main_overlap,posterior_exponent × group
1928,-0.1899330435462022,mental,main_overlap,posterior_exponent × group
1929,-0.5282593492495384,mental,main_overlap,posterior_exponent × group
1930,-0.5195018130078279,mental,main_overlap,posterior_exponent × group
1931,-0.4407135722312061,mental,main_overlap,posterior_exponent × group
1932,-0.4863214182203637,mental,main_overlap,posterior_exponent × group
1933,-0.4456446382245127,mental,main_overlap,posterior_exponent × group
1934,-0.4374101971158783,mental,main_overlap,posterior_exponent × group
1935,-0.3394513877947382,mental,main_overlap,posterior_exponent × group
1936,-0.4128193388210999,mental,main_overlap,posterior_exponent × group
1937,-0.8373793561554764,mental,main_overlap,posterior_exponent × group
1938,-0.4987539822574374,mental,main_overlap,posterior_exponent × group
1939,-0.139814463293141,mental,main_overlap,posterior_exponent × group
1940,-0.562680058853709,mental,main_overlap,posterior_exponent × group
1941,-0.1027758969821707,mental,main_overlap,posterior_exponent × group
1942,-0.3169500034387549,mental,main_overlap,posterior_exponent × group
1943,-0.700705112035484,mental,main_overlap,posterior_exponent × group
1944,-0.5062512075013933,mental,main_overlap,posterior_exponent × group
1945,-0.2092466582771004,mental,main_overlap,posterior_exponent × group
1946,-0.4448964494292803,mental,main_overlap,posterior_exponent × group
1947,-0.3746965934144275,mental,main_overlap,posterior_exponent × group
1948,-0.3347988486074388,mental,main_overlap,posterior_exponent × group
1949,-0.690015216148872,mental,main_overlap,posterior_exponent × group
1950,-0.1362327148915569,mental,main_overlap,posterior_exponent × group
1951,-0.4265644308786985,mental,main_overlap,posterior_exponent × group
1952,-0.1598223536097879,mental,main_overlap,posterior_exponent × group
1953,-0.3089272437897051,mental,main_overlap,posterior_exponent × group
1954,-0.332756591055469,mental,main_overlap,posterior_exponent × group
1955,-0.5135652483907523,mental,main_overlap,posterior_exponent × group
1956,-0.4650777104225015,mental,main_overlap,posterior_exponent × group
1957,-0.5128116277228091,mental,main_overlap,posterior_exponent × group
1958,-0.2666412475531323,mental,main_overlap,posterior_exponent × group
1959,-0.0899698952851615,mental,main_overlap,posterior_exponent × group
1960,-0.4899713406198281,mental,main_overlap,posterior_exponent × group
1961,-0.8994866399824982,mental,main_overlap,posterior_exponent × group
1962,-0.681241650301034,mental,main_overlap,posterior_exponent × group
1963,-0.8164055968158465,mental,main_overlap,posterior_exponent × group
1964,-0.4046308829129819,mental,main_overlap,posterior_exponent × group
1965,-0.7387994204523373,mental,main_overlap,posterior_exponent × group
1966,-0.5072921301469423,mental,main_overlap,posterior_exponent × group
1967,-0.1931660222833835,mental,main_overlap,posterior_exponent × group
1968,-0.7503987215799659,mental,main_overlap,posterior_exponent × group
1969,-0.4751270541350581,mental,main_overlap,posterior_exponent × group
1970,-0.2666268347975838,mental,main_overlap,posterior_exponent × group
1971,-0.2908660989284078,mental,main_overlap,posterior_exponent × group
1972,-0.3678928357302616,mental,main_overlap,posterior_exponent × group
1973,-0.3107272948375373,mental,main_overlap,posterior_exponent × group
1974,-0.397457467250699,mental,main_overlap,posterior_exponent × group
1975,-0.534851252828505,mental,main_overlap,posterior_exponent × group
1976,-0.3808869915933881,mental,main_overlap,posterior_exponent × group
1977,-0.079242442533399,mental,main_overlap,posterior_exponent × group
1978,-0.2820257031902602,mental,main_overlap,posterior_exponent × group
1979,-0.6726868952535024,mental,main_overlap,posterior_exponent × group
1980,-0.1020382828514272,mental,main_overlap,posterior_exponent × group
1981,-0.4625072647603032,mental,main_overlap,posterior_exponent × group
1982,-0.5577363858662613,mental,main_overlap,posterior_exponent × group
1983,-0.1433408242164172,mental,main_overlap,posterior_exponent × group
1984,-0.2466908908770484,mental,main_overlap,posterior_exponent × group
1985,-0.1031826876817713,mental,main_overlap,posterior_exponent × group
1986,-0.4001572443954116,mental,main_overlap,posterior_exponent × group
1987,-0.6656863374429739,mental,main_overlap,posterior_exponent × group
1988,-0.6869814860216914,mental,main_overlap,posterior_exponent × group
1989,0.135080544494806,mental,main_overlap,posterior_exponent × group
1990,-0.4483421721534603,mental,main_overlap,posterior_exponent × group
1991,-0.6569655179707722,mental,main_overlap,posterior_exponent × group
1992,-0.0004687060903256,mental,main_overlap,posterior_exponent × group
1993,-0.168638302990022,mental,main_overlap,posterior_exponent × group
1994,-0.4424139025525759,mental,main_overlap,posterior_exponent × group
1995,-0.6508281014449936,mental,main_overlap,posterior_exponent × group
1996,-0.8820115030915351,mental,main_overlap,posterior_exponent × group
1997,-0.1905834879665812,mental,main_overlap,posterior_exponent × group
1998,-0.1536579052159638,mental,main_overlap,posterior_exponent × group
1999,-0.30478141822018,mental,main_overlap,posterior_exponent × group
2000,-0.4561301676557857,mental,main_overlap,posterior_exponent × group
2001,-0.187989952835674,mental,main_overlap,posterior_exponent × group
2002,-0.6604839300564399,mental,main_overlap,posterior_exponent × group
2003,-0.3815016642090016,mental,main_overlap,posterior_exponent × group
2004,-0.1867503383956825,mental,main_overlap,posterior_exponent × group
2005,-0.6960017814083664,mental,main_overlap,posterior_exponent × group
2006,-0.1171997034019507,mental,main_overlap,posterior_exponent × group
2007,-0.4673704444230431,mental,main_overlap,posterior_exponent × group
2008,-0.1161921758863707,mental,main_overlap,posterior_exponent × group
2009,-0.4215750617023497,mental,main_overlap,posterior_exponent × group
2010,-0.7611299316331749,mental,main_overlap,posterior_exponent × group
2011,-0.5108488920790982,mental,main_overlap,posterior_exponent × group
2012,-0.589417150360843,mental,main_overlap,posterior_exponent × group
2013,-0.1959463574002098,mental,main_overlap,posterior_exponent × group
2014,-0.1409560916221952,mental,main_overlap,posterior_exponent × group
2015,-0.4375351901208385,mental,main_overlap,posterior_exponent × group
2016,-0.1988768326862337,mental,main_overlap,posterior_exponent × group
2017,-0.1765594389094302,mental,main_overlap,posterior_exponent × group
2018,-0.3388558132474794,mental,main_overlap,posterior_exponent × group
2019,-0.5068266316483576,mental,main_overlap,posterior_exponent × group
2020,-0.3995509654958681,mental,main_overlap,posterior_exponent × group
2021,-0.2186846041917523,mental,main_overlap,posterior_exponent × group
2022,-0.6364304455583754,mental,main_overlap,posterior_exponent × group
2023,-0.3937020658780003,mental,main_overlap,posterior_exponent × group
2024,-0.3352383138668006,mental,main_overlap,posterior_exponent × group
2025,-0.6956864016192523,mental,main_overlap,posterior_exponent × group
2026,-0.5563420838871067,mental,main_overlap,posterior_exponent × group
2027,-0.5745467357449383,mental,main_overlap,posterior_exponent × group
2028,-0.0758300926230512,mental,main_overlap,posterior_exponent × group
2029,-0.6071884546832129,mental,main_overlap,posterior_exponent × group
2030,-0.5202706328201304,mental,main_overlap,posterior_exponent × group
2031,-0.4761278073700016,mental,main_overlap,posterior_exponent × group
2032,-0.4525631609809613,mental,main_overlap,posterior_exponent × group
2033,-0.6698348841754099,mental,main_overlap,posterior_exponent × group
2034,-0.5987785805893046,mental,main_overlap,posterior_exponent × group
2035,-0.3560773362380654,mental,main_overlap,posterior_exponent × group
2036,-0.2135284341967199,mental,main_overlap,posterior_exponent × group
2037,-0.402525366287136,mental,main_overlap,posterior_exponent × group
2038,-0.4451176938314299,mental,main_overlap,posterior_exponent × group
2039,-0.6433629374884622,mental,main_overlap,posterior_exponent × group
2040,-0.4429216004547374,mental,main_overlap,posterior_exponent × group
2041,-0.308997890101861,mental,main_overlap,posterior_exponent × group
2042,-0.4457553926288697,mental,main_overlap,posterior_exponent × group
2043,-0.2767175804592717,mental,main_overlap,posterior_exponent × group
2044,-0.0595054787160219,mental,main_overlap,posterior_exponent × group
2045,-0.1197867608759168,mental,main_overlap,posterior_exponent × group
2046,-0.234139165529071,mental,main_overlap,posterior_exponent × group
2047,-0.7865257607819403,mental,main_overlap,posterior_exponent × group
2048,-0.5443699015576707,mental,main_overlap,posterior_exponent × group
2049,-0.4035332813099671,mental,main_overlap,posterior_exponent × group
2050,-0.0456702291157989,mental,main_overlap,posterior_exponent × group
2051,-0.3651918038986914,mental,main_overlap,posterior_exponent × group
2052,-0.5987148692874856,mental,main_overlap,posterior_exponent × group
2053,-0.2597743549959752,mental,main_overlap,posterior_exponent × group
2054,-0.4103055692983575,mental,main_overlap,posterior_exponent × group
2055,-0.9290090620686946,mental,main_overlap,posterior_exponent × group
2056,-0.4929171944803466,mental,main_overlap,posterior_exponent × group
2057,-0.2811483918867748,mental,main_overlap,posterior_exponent × group
2058,-0.7897125764470495,mental,main_overlap,posterior_exponent × group
2059,-0.4444783062576548,mental,main_overlap,posterior_exponent × group
2060,-0.5634073538175809,mental,main_overlap,posterior_exponent × group
2061,-0.4573070873765539,mental,main_overlap,posterior_exponent × group
2062,-0.580852452503092,mental,main_overlap,posterior_exponent × group
2063,-0.3610503608971592,mental,main_overlap,posterior_exponent × group
2064,-0.5582441922287943,mental,main_overlap,posterior_exponent × group
2065,-0.711489252226976,mental,main_overlap,posterior_exponent × group
2066,-0.3496444466785097,mental,main_overlap,posterior_exponent × group
2067,-0.5193881476858464,mental,main_overlap,posterior_exponent × group
2068,-0.7552589374702229,mental,main_overlap,posterior_exponent × group
2069,-0.6965155864416938,mental,main_overlap,posterior_exponent × group
2070,-0.0810736069586568,mental,main_overlap,posterior_exponent × group
2071,-0.1945787134625899,mental,main_overlap,posterior_exponent × group
2072,-0.3905855250029055,mental,main_overlap,posterior_exponent × group
2073,-0.577673963232924,mental,main_overlap,posterior_exponent × group
2074,-0.3250609793836376,mental,main_overlap,posterior_exponent × group
2075,-0.3227882998613933,mental,main_overlap,posterior_exponent × group
2076,-0.3306439700789133,mental,main_overlap,posterior_exponent × group
2077,-0.7893480150263955,mental,main_overlap,posterior_exponent × group
2078,-0.0830130078814756,mental,main_overlap,posterior_exponent × group
2079,-0.6279139742223795,mental,main_overlap,posterior_exponent × group
2080,0.0635301420339484,mental,main_overlap,posterior_exponent × group
2081,-0.6149578129838527,mental,main_overlap,posterior_exponent × group
2082,-0.2636632319157902,mental,main_overlap,posterior_exponent × group
2083,-0.643865576059717,mental,main_overlap,posterior_exponent × group
2084,-0.621855510949796,mental,main_overlap,posterior_exponent × group
2085,-0.409286074400006,mental,main_overlap,posterior_exponent × group
2086,-0.158803501573711,mental,main_overlap,posterior_exponent × group
2087,-0.4597804187974979,mental,main_overlap,posterior_exponent × group
2088,-0.2570225628506483,mental,main_overlap,posterior_exponent × group
2089,-0.3240577982279417,mental,main_overlap,posterior_exponent × group
2090,-0.1073886363959508,mental,main_overlap,posterior_exponent × group
2091,-0.406871737295407,mental,main_overlap,posterior_exponent × group
2092,-0.3588455258537986,mental,main_overlap,posterior_exponent × group
2093,-0.4935383883962677,mental,main_overlap,posterior_exponent × group
2094,0.303650572737643,mental,main_overlap,posterior_exponent × group
2095,-0.2744635798817169,mental,main_overlap,posterior_exponent × group
2096,-0.1057759242480789,mental,main_overlap,posterior_exponent × group
2097,-0.6187392130475236,mental,main_overlap,posterior_exponent × group
2098,-0.4619729815096238,mental,main_overlap,posterior_exponent × group
2099,-0.4083212773132361,mental,main_overlap,posterior_exponent × group
2100,0.0180619714486183,mental,main_overlap,posterior_exponent × group
2101,-0.1532901892963649,mental,main_overlap,posterior_exponent × group
2102,-0.5200319130169117,mental,main_overlap,posterior_exponent × group
2103,-0.2339418830530532,mental,main_overlap,posterior_exponent × group
2104,-0.4473315596047777,mental,main_overlap,posterior_exponent × group
2105,-0.3222330787587777,mental,main_overlap,posterior_exponent × group
2106,-0.5382523030946829,mental,main_overlap,posterior_exponent × group
2107,-0.4336575193896668,mental,main_overlap,posterior_exponent × group
2108,-0.458345779223667,mental,main_overlap,posterior_exponent × group
2109,-0.4440084363998975,mental,main_overlap,posterior_exponent × group
2110,-0.4728760474210276,mental,main_overlap,posterior_exponent × group
2111,-0.3018638530135952,mental,main_overlap,posterior_exponent × group
2112,-0.6455880435725246,mental,main_overlap,posterior_exponent × group
2113,-0.678714711560532,mental,main_overlap,posterior_exponent × group
2114,-0.6031379750314438,mental,main_overlap,posterior_exponent × group
2115,-0.2383853454230941,mental,main_overlap,posterior_exponent × group
2116,-0.1766622994517893,mental,main_overlap,posterior_exponent × group
2117,-0.3766571575699576,mental,main_overlap,posterior_exponent × group
2118,-0.2447135484762456,mental,main_overlap,posterior_exponent × group
2119,-0.5437967030995886,mental,main_overlap,posterior_exponent × group
2120,-0.1373946861462482,mental,main_overlap,posterior_exponent × group
2121,-0.6296747622053878,mental,main_overlap,posterior_exponent × group
2122,-0.4380703414155596,mental,main_overlap,posterior_exponent × group
2123,-0.3442446508459697,mental,main_overlap,posterior_exponent × group
2124,-0.3589333682250675,mental,main_overlap,posterior_exponent × group
2125,-0.1615335234592017,mental,main_overlap,posterior_exponent × group
2126,-0.2395670878382556,mental,main_overlap,posterior_exponent × group
2127,-0.5634978977926244,mental,main_overlap,posterior_exponent × group
2128,-0.2002418757754032,mental,main_overlap,posterior_exponent × group
2129,-0.3056205190740585,mental,main_overlap,posterior_exponent × group
2130,-0.220064395154439,mental,main_overlap,posterior_exponent × group
2131,-0.517467598582414,mental,main_overlap,posterior_exponent × group
2132,-0.8247045178377265,mental,main_overlap,posterior_exponent × group
2133,-0.4921388558176774,mental,main_overlap,posterior_exponent × group
2134,-0.4601619041090154,mental,main_overlap,posterior_exponent × group
2135,-0.0243333264981568,mental,main_overlap,posterior_exponent × group
2136,-0.3463845221098623,mental,main_overlap,posterior_exponent × group
2137,-0.390462845623362,mental,main_overlap,posterior_exponent × group
2138,-0.632624842681109,mental,main_overlap,posterior_exponent × group
2139,-0.6129891342589371,mental,main_overlap,posterior_exponent × group
2140,-0.9846734841553184,mental,main_overlap,posterior_exponent × group
2141,-0.5188364218666958,mental,main_overlap,posterior_exponent × group
2142,-0.6349277001772811,mental,main_overlap,posterior_exponent × group
2143,-0.5035793246612535,mental,main_overlap,posterior_exponent × group
2144,-0.3631159637925584,mental,main_overlap,posterior_exponent × group
2145,-0.6747310385807862,mental,main_overlap,posterior_exponent × group
2146,0.0272340778569633,mental,main_overlap,posterior_exponent × group
2147,-0.6934260128202786,mental,main_overlap,posterior_exponent × group
2148,-0.2741011146125532,mental,main_overlap,posterior_exponent × group
2149,-0.4447608643546706,mental,main_overlap,posterior_exponent × group
2150,0.0330323383570404,mental,main_overlap,posterior_exponent × group
2151,-0.6308954612884474,mental,main_overlap,posterior_exponent × group
2152,-0.1586855205958834,mental,main_overlap,posterior_exponent × group
2153,-0.5948871549396569,mental,main_overlap,posterior_exponent × group
2154,-0.4032149708336285,mental,main_overlap,posterior_exponent × group
2155,-0.2387660502550553,mental,main_overlap,posterior_exponent × group
2156,-0.6599760577127709,mental,main_overlap,posterior_exponent × group
2157,-0.5434806184655581,mental,main_overlap,posterior_exponent × group
2158,-0.4502854883351623,mental,main_overlap,posterior_exponent × group
2159,-0.4177060116618193,mental,main_overlap,posterior_exponent × group
2160,-0.678877396005899,mental,main_overlap,posterior_exponent × group
2161,-0.6501426052642421,mental,main_overlap,posterior_exponent × group
2162,-0.3847878258018132,mental,main_overlap,posterior_exponent × group
2163,-0.4381846890188041,mental,main_overlap,posterior_exponent × group
2164,-0.4652240234938358,mental,main_overlap,posterior_exponent × group
2165,-0.5335757209698804,mental,main_overlap,posterior_exponent × group
2166,-0.8049078262988743,mental,main_overlap,posterior_exponent × group
2167,-0.4641764527125696,mental,main_overlap,posterior_exponent × group
2168,-0.741318977649342,mental,main_overlap,posterior_exponent × group
2169,-0.2456105877591133,mental,main_overlap,posterior_exponent × group
2170,-0.5370482011161384,mental,main_overlap,posterior_exponent × group
2171,-0.761017512653949,mental,main_overlap,posterior_exponent × group
2172,-0.3296340000913076,mental,main_overlap,posterior_exponent × group
2173,-0.61757826925828,mental,main_overlap,posterior_exponent × group
2174,-0.0393418372922254,mental,main_overlap,posterior_exponent × group
2175,-0.2721432328423263,mental,main_overlap,posterior_exponent × group
2176,-0.4565655201785556,mental,main_overlap,posterior_exponent × group
2177,-0.1152901625115818,mental,main_overlap,posterior_exponent × group
2178,-0.5642175537017163,mental,main_overlap,posterior_exponent × group
2179,-0.3843861602559992,mental,main_overlap,posterior_exponent × group
2180,-0.6368382329415243,mental,main_overlap,posterior_exponent × group
2181,-0.1390820338993225,mental,main_overlap,posterior_exponent × group
2182,-0.4836527467802977,mental,main_overlap,posterior_exponent × group
2183,-0.6115668201484832,mental,main_overlap,posterior_exponent × group
2184,-0.4509685244464588,mental,main_overlap,posterior_exponent × group
2185,-0.4321356551134495,mental,main_overlap,posterior_exponent × group
2186,-0.7621134661815704,mental,main_overlap,posterior_exponent × group
2187,0.0257640249070721,mental,main_overlap,posterior_exponent × group
2188,-0.3496433255807445,mental,main_overlap,posterior_exponent × group
2189,-0.5375264214316151,mental,main_overlap,posterior_exponent × group
2190,-0.3791500470164226,mental,main_overlap,posterior_exponent × group
2191,-0.2798463192377237,mental,main_overlap,posterior_exponent × group
2192,0.0537307815904601,mental,main_overlap,posterior_exponent × group
2193,-0.5786638348756183,mental,main_overlap,posterior_exponent × group
2194,-0.6279766159358733,mental,main_overlap,posterior_exponent × group
2195,-0.4509632249415527,mental,main_overlap,posterior_exponent × group
2196,-0.2053779650213883,mental,main_overlap,posterior_exponent × group
2197,-0.508870148069054,mental,main_overlap,posterior_exponent × group
2198,-0.4784958786432225,mental,main_overlap,posterior_exponent × group
2199,-0.7755567817709459,mental,main_overlap,posterior_exponent × group
2200,-0.4337937969734469,mental,main_overlap,posterior_exponent × group
2201,-0.4519491159199047,mental,main_overlap,posterior_exponent × group
2202,-0.4135553971385394,mental,main_overlap,posterior_exponent × group
2203,-0.3577171422622137,mental,main_overlap,posterior_exponent × group
2204,-0.1164570353101022,mental,main_overlap,posterior_exponent × group
2205,-0.2995104066740202,mental,main_overlap,posterior_exponent × group
2206,-0.3217309943392124,mental,main_overlap,posterior_exponent × group
2207,-0.7248832968980592,mental,main_overlap,posterior_exponent × group
2208,-0.552559209925054,mental,main_overlap,posterior_exponent × group
2209,-0.4071553900984048,mental,main_overlap,posterior_exponent × group
2210,-0.1897784804637362,mental,main_overlap,posterior_exponent × group
2211,-0.397123212665838,mental,main_overlap,posterior_exponent × group
2212,-0.7253375065926474,mental,main_overlap,posterior_exponent × group
2213,-0.0969049877140848,mental,main_overlap,posterior_exponent × group
2214,-0.7617333217825031,mental,main_overlap,posterior_exponent × group
2215,-0.2145609965569665,mental,main_overlap,posterior_exponent × group
2216,-0.4406431916879302,mental,main_overlap,posterior_exponent × group
2217,-0.3423206204188499,mental,main_overlap,posterior_exponent × group
2218,-0.1852272948765281,mental,main_overlap,posterior_exponent × group
2219,-0.452887206463574,mental,main_overlap,posterior_exponent × group
2220,-0.6162043356625451,mental,main_overlap,posterior_exponent × group
2221,-0.2258949358323445,mental,main_overlap,posterior_exponent × group
2222,-0.279054130439761,mental,main_overlap,posterior_exponent × group
2223,-0.2565385116686663,mental,main_overlap,posterior_exponent × group
2224,-0.2661308732352024,mental,main_overlap,posterior_exponent × group
2225,-0.5550431911685844,mental,main_overlap,posterior_exponent × group
2226,-0.4852798631122559,mental,main_overlap,posterior_exponent × group
2227,-0.3469285819506179,mental,main_overlap,posterior_exponent × group
2228,-0.2175367478318691,mental,main_overlap,posterior_exponent × group
2229,-0.4925225121413411,mental,main_overlap,posterior_exponent × group
2230,-0.381500823819914,mental,main_overlap,posterior_exponent × group
2231,-0.50194098779357,mental,main_overlap,posterior_exponent × group
2232,-0.555504188585097,mental,main_overlap,posterior_exponent × group
2233,-0.9001471093637649,mental,main_overlap,posterior_exponent × group
2234,-0.556180478074668,mental,main_overlap,posterior_exponent × group
2235,-0.4131981420745575,mental,main_overlap,posterior_exponent × group
2236,-0.2646947021827478,mental,main_overlap,posterior_exponent × group
2237,-0.1777796669727275,mental,main_overlap,posterior_exponent × group
2238,-0.4006129117941098,mental,main_overlap,posterior_exponent × group
2239,-0.7403949587619383,mental,main_overlap,posterior_exponent × group
2240,-0.2026320171619901,mental,main_overlap,posterior_exponent × group
2241,-0.651963395470589,mental,main_overlap,posterior_exponent × group
2242,-0.4137366723037794,mental,main_overlap,posterior_exponent × group
2243,-0.2327606448178996,mental,main_overlap,posterior_exponent × group
2244,-0.1086838878411378,mental,main_overlap,posterior_exponent × group
2245,-0.2945531625178103,mental,main_overlap,posterior_exponent × group
2246,-0.278994351199842,mental,main_overlap,posterior_exponent × group
2247,-0.5728918078132098,mental,main_overlap,posterior_exponent × group
2248,-0.2871364394016743,mental,main_overlap,posterior_exponent × group
2249,-0.1394658823254485,mental,main_overlap,posterior_exponent × group
2250,-0.2775336400465716,mental,main_overlap,posterior_exponent × group
2251,-0.442029703915525,mental,main_overlap,posterior_exponent × group
2252,-0.5573281871563017,mental,main_overlap,posterior_exponent × group
2253,-0.4842542988408207,mental,main_overlap,posterior_exponent × group
2254,-0.4546027129519061,mental,main_overlap,posterior_exponent × group
2255,-0.1372387812857251,mental,main_overlap,posterior_exponent × group
2256,-0.2973402773678453,mental,main_overlap,posterior_exponent × group
2257,-0.4821306373510025,mental,main_overlap,posterior_exponent × group
2258,-0.1227622492825976,mental,main_overlap,posterior_exponent × group
2259,-0.334774789019532,mental,main_overlap,posterior_exponent × group
2260,-0.2718539004265206,mental,main_overlap,posterior_exponent × group
2261,-0.1765391984881605,mental,main_overlap,posterior_exponent × group
2262,-0.3576845714546898,mental,main_overlap,posterior_exponent × group
2263,-0.6767547403644089,mental,main_overlap,posterior_exponent × group
2264,-0.6396722364942794,mental,main_overlap,posterior_exponent × group
2265,-0.2365385234226136,mental,main_overlap,posterior_exponent × group
2266,-0.6760884047658153,mental,main_overlap,posterior_exponent × group
2267,-0.4750367573799265,mental,main_overlap,posterior_exponent × group
2268,-0.2896503503303352,mental,main_overlap,posterior_exponent × group
2269,-0.4395567215291402,mental,main_overlap,posterior_exponent × group
2270,-0.1640069446794621,mental,main_overlap,posterior_exponent × group
2271,-0.4828709241471237,mental,main_overlap,posterior_exponent × group
2272,-0.1833149180975863,mental,main_overlap,posterior_exponent × group
2273,-0.4703573425666764,mental,main_overlap,posterior_exponent × group
2274,-0.3908430892611172,mental,main_overlap,posterior_exponent × group
2275,-0.4929105309062382,mental,main_overlap,posterior_exponent × group
2276,-0.469921551346063,mental,main_overlap,posterior_exponent × group
2277,-0.719937238229206,mental,main_overlap,posterior_exponent × group
2278,-0.4511055039022498,mental,main_overlap,posterior_exponent × group
2279,-0.5360548354444784,mental,main_overlap,posterior_exponent × group
2280,-0.6278226355797939,mental,main_overlap,posterior_exponent × group
2281,-0.3851461868669037,mental,main_overlap,posterior_exponent × group
2282,-0.5791456656065262,mental,main_overlap,posterior_exponent × group
2283,-0.9794480669722462,mental,main_overlap,posterior_exponent × group
2284,-0.4617744375053479,mental,main_overlap,posterior_exponent × group
2285,-0.368976477740093,mental,main_overlap,posterior_exponent × group
2286,0.0211468689417288,mental,main_overlap,posterior_exponent × group
2287,-0.0773451053909307,mental,main_overlap,posterior_exponent × group
2288,-0.3289858093754114,mental,main_overlap,posterior_exponent × group
2289,-0.3376507724215809,mental,main_overlap,posterior_exponent × group
2290,-0.3095049778500004,mental,main_overlap,posterior_exponent × group
2291,-0.5413142534590998,mental,main_overlap,posterior_exponent × group
2292,-0.5272074709210258,mental,main_overlap,posterior_exponent × group
2293,0.1262501247501886,mental,main_overlap,posterior_exponent × group
2294,-0.4234795275000364,mental,main_overlap,posterior_exponent × group
2295,-0.1379563279800379,mental,main_overlap,posterior_exponent × group
2296,-0.0859872286706955,mental,main_overlap,posterior_exponent × group
2297,-0.3410816544841217,mental,main_overlap,posterior_exponent × group
2298,-0.6499557877450595,mental,main_overlap,posterior_exponent × group
2299,-0.3930752518118603,mental,main_overlap,posterior_exponent × group
2300,-0.1981778695118072,mental,main_overlap,posterior_exponent × group
2301,-0.3541628975901071,mental,main_overlap,posterior_exponent × group
2302,-0.2863171143496431,mental,main_overlap,posterior_exponent × group
2303,-0.5531070600490909,mental,main_overlap,posterior_exponent × group
2304,-0.5339537403826958,mental,main_overlap,posterior_exponent × group
2305,-0.2753998030804717,mental,main_overlap,posterior_exponent × group
2306,-0.3244156049486736,mental,main_overlap,posterior_exponent × group
2307,-0.5477552047557912,mental,main_overlap,posterior_exponent × group
2308,-0.2807349347103931,mental,main_overlap,posterior_exponent × group
2309,-0.1720063894059055,mental,main_overlap,posterior_exponent × group
2310,-0.1486446534329124,mental,main_overlap,posterior_exponent × group
2311,-0.5746368668969549,mental,main_overlap,posterior_exponent × group
2312,-0.2163908993799582,mental,main_overlap,posterior_exponent × group
2313,-0.5150228870154068,mental,main_overlap,posterior_exponent × group
2314,-0.4951498532105328,mental,main_overlap,posterior_exponent × group
2315,-0.3516609044789631,mental,main_overlap,posterior_exponent × group
2316,-0.4412671385856026,mental,main_overlap,posterior_exponent × group
2317,-0.8436014318369971,mental,main_overlap,posterior_exponent × group
2318,0.1360047781746625,mental,main_overlap,posterior_exponent × group
2319,-0.5292192912855503,mental,main_overlap,posterior_exponent × group
2320,-0.3598551044857943,mental,main_overlap,posterior_exponent × group
2321,-0.5458043973918052,mental,main_overlap,posterior_exponent × group
2322,-0.6795143408024665,mental,main_overlap,posterior_exponent × group
2323,-0.3410224708778858,mental,main_overlap,posterior_exponent × group
2324,-0.6370337940189047,mental,main_overlap,posterior_exponent × group
2325,-0.3748080435031355,mental,main_overlap,posterior_exponent × group
2326,-0.408988669424171,mental,main_overlap,posterior_exponent × group
2327,-0.354469841927935,mental,main_overlap,posterior_exponent × group
2328,-0.4422853078672167,mental,main_overlap,posterior_exponent × group
2329,-0.5198870824282393,mental,main_overlap,posterior_exponent × group
2330,-0.4572875018349452,mental,main_overlap,posterior_exponent × group
2331,-0.328886800779767,mental,main_overlap,posterior_exponent × group
2332,0.0801470839784839,mental,main_overlap,posterior_exponent × group
2333,-0.6076689468268957,mental,main_overlap,posterior_exponent × group
2334,-0.4134699824189678,mental,main_overlap,posterior_exponent × group
2335,-0.2516193451243524,mental,main_overlap,posterior_exponent × group
2336,-0.6578273657414927,mental,main_overlap,posterior_exponent × group
2337,-0.4067377968155446,mental,main_overlap,posterior_exponent × group
2338,-0.5436619240601759,mental,main_overlap,posterior_exponent × group
2339,-0.3110058819528662,mental,main_overlap,posterior_exponent × group
2340,-0.2093510430519766,mental,main_overlap,posterior_exponent × group
2341,-0.4337669719851311,mental,main_overlap,posterior_exponent × group
2342,-0.4494564596872186,mental,main_overlap,posterior_exponent × group
2343,-0.2765299514587083,mental,main_overlap,posterior_exponent × group
2344,-0.5129628381412019,mental,main_overlap,posterior_exponent × group
2345,-0.2209062484800688,mental,main_overlap,posterior_exponent × group
2346,-0.2416925093805629,mental,main_overlap,posterior_exponent × group
2347,-0.2562844639454397,mental,main_overlap,posterior_exponent × group
2348,-0.5504826435597381,mental,main_overlap,posterior_exponent × group
2349,-0.4368353214129758,mental,main_overlap,posterior_exponent × group
2350,-0.2091391875674306,mental,main_overlap,posterior_exponent × group
2351,-0.3201297017447418,mental,main_overlap,posterior_exponent × group
2352,-0.2962179264555893,mental,main_overlap,posterior_exponent × group
2353,-0.4331814267739486,mental,main_overlap,posterior_exponent × group
2354,0.0057204506033263,mental,main_overlap,posterior_exponent × group
2355,-0.2389742966673319,mental,main_overlap,posterior_exponent × group
2356,-0.2033256367403738,mental,main_overlap,posterior_exponent × group
2357,-0.6839868407397621,mental,main_overlap,posterior_exponent × group
2358,-0.5223339380595874,mental,main_overlap,posterior_exponent × group
2359,-0.5666684834221852,mental,main_overlap,posterior_exponent × group
2360,-0.1067919030747376,mental,main_overlap,posterior_exponent × group
2361,-0.7540202884353775,mental,main_overlap,posterior_exponent × group
2362,-0.5109652200187055,mental,main_overlap,posterior_exponent × group
2363,-0.3499738893628704,mental,main_overlap,posterior_exponent × group
2364,-0.4879704729747204,mental,main_overlap,posterior_exponent × group
2365,-0.3928824307416116,mental,main_overlap,posterior_exponent × group
2366,-0.4648713118113096,mental,main_overlap,posterior_exponent × group
2367,-0.3361809673911479,mental,main_overlap,posterior_exponent × group
2368,-0.3288548052726721,mental,main_overlap,posterior_exponent × group
2369,-0.4715222228025634,mental,main_overlap,posterior_exponent × group
2370,-0.3633684346729979,mental,main_overlap,posterior_exponent × group
2371,-0.5156073092800783,mental,main_overlap,posterior_exponent × group
2372,-0.3927624509529349,mental,main_overlap,posterior_exponent × group
2373,-0.4744972622007751,mental,main_overlap,posterior_exponent × group
2374,-0.5640299741440271,mental,main_overlap,posterior_exponent × group
2375,-0.4789183854760594,mental,main_overlap,posterior_exponent × group
2376,-0.4439990388304695,mental,main_overlap,posterior_exponent × group
2377,-0.3173563172395163,mental,main_overlap,posterior_exponent × group
2378,-0.5299421103205754,mental,main_overlap,posterior_exponent × group
2379,-0.483591691416924,mental,main_overlap,posterior_exponent × group
2380,-0.2748254457681504,mental,main_overlap,posterior_exponent × group
2381,-0.3755188699267577,mental,main_overlap,posterior_exponent × group
2382,-0.647140222261754,mental,main_overlap,posterior_exponent × group
2383,-0.2382945955142787,mental,main_overlap,posterior_exponent × group
2384,-0.3663518374537037,mental,main_overlap,posterior_exponent × group
2385,-0.6986939562737542,mental,main_overlap,posterior_exponent × group
2386,-0.537567074233366,mental,main_overlap,posterior_exponent × group
2387,-0.6578299840378053,mental,main_overlap,posterior_exponent × group
2388,-0.3555383982700274,mental,main_overlap,posterior_exponent × group
2389,-0.3033893068772517,mental,main_overlap,posterior_exponent × group
2390,-0.1991672734462816,mental,main_overlap,posterior_exponent × group
2391,-0.2175364978351355,mental,main_overlap,posterior_exponent × group
2392,-0.2392701978961542,mental,main_overlap,posterior_exponent × group
2393,-0.3031491173500175,mental,main_overlap,posterior_exponent × group
2394,-0.9338402879314884,mental,main_overlap,posterior_exponent × group
2395,-0.36514699904431,mental,main_overlap,posterior_exponent × group
2396,-0.0562007099402953,mental,main_overlap,posterior_exponent × group
2397,-0.267264871637603,mental,main_overlap,posterior_exponent × group
2398,-0.2216879481863978,mental,main_overlap,posterior_exponent × group
2399,-0.2004826421876198,mental,main_overlap,posterior_exponent × group
2400,-0.2439648580353259,mental,main_overlap,posterior_exponent × group
2401,-0.6557128206679835,mental,main_overlap,posterior_exponent × group
2402,-0.3954477506209573,mental,main_overlap,posterior_exponent × group
2403,-0.436889681718441,mental,main_overlap,posterior_exponent × group
2404,-0.304294112987138,mental,main_overlap,posterior_exponent × group
2405,-0.4458744909684216,mental,main_overlap,posterior_exponent × group
2406,-0.5693499694665727,mental,main_overlap,posterior_exponent × group
2407,-0.5465072604976402,mental,main_overlap,posterior_exponent × group
2408,-0.2701496601475244,mental,main_overlap,posterior_exponent × group
2409,-0.2299935145195862,mental,main_overlap,posterior_exponent × group
2410,-0.4028299578420708,mental,main_overlap,posterior_exponent × group
2411,-0.4174675324059858,mental,main_overlap,posterior_exponent × group
2412,-0.23414938537363,mental,main_overlap,posterior_exponent × group
2413,-0.4685669203394933,mental,main_overlap,posterior_exponent × group
2414,-0.0135156724565325,mental,main_overlap,posterior_exponent × group
2415,-0.6856730247530033,mental,main_overlap,posterior_exponent × group
2416,-0.7429288326982738,mental,main_overlap,posterior_exponent × group
2417,-0.4089869490552899,mental,main_overlap,posterior_exponent × group
2418,-0.3846026939139111,mental,main_overlap,posterior_exponent × group
2419,-0.515131594687536,mental,main_overlap,posterior_exponent × group
2420,-0.0780013500467479,mental,main_overlap,posterior_exponent × group
2421,-0.4026094726354657,mental,main_overlap,posterior_exponent × group
2422,-0.3398531411263505,mental,main_overlap,posterior_exponent × group
2423,-0.3640618382102022,mental,main_overlap,posterior_exponent × group
2424,-0.7233391570723438,mental,main_overlap,posterior_exponent × group
2425,-0.6412776068537882,mental,main_overlap,posterior_exponent × group
2426,-0.4709575943101451,mental,main_overlap,posterior_exponent × group
2427,-0.088021388215487,mental,main_overlap,posterior_exponent × group
2428,-0.529611746231358,mental,main_overlap,posterior_exponent × group
2429,-0.3310966878784703,mental,main_overlap,posterior_exponent × group
2430,-0.4116342793142048,mental,main_overlap,posterior_exponent × group
2431,-0.6039222043788026,mental,main_overlap,posterior_exponent × group
2432,0.0731332748679604,mental,main_overlap,posterior_exponent × group
2433,-0.5763284922203772,mental,main_overlap,posterior_exponent × group
2434,-0.6068897250042553,mental,main_overlap,posterior_exponent × group
2435,-0.490964374192357,mental,main_overlap,posterior_exponent × group
2436,-0.5450844342900867,mental,main_overlap,posterior_exponent × group
2437,-0.1275954254965247,mental,main_overlap,posterior_exponent × group
2438,-0.0172527451139067,mental,main_overlap,posterior_exponent × group
2439,-0.4088646091712044,mental,main_overlap,posterior_exponent × group
2440,-0.5554241995434253,mental,main_overlap,posterior_exponent × group
2441,-0.5606624737612719,mental,main_overlap,posterior_exponent × group
2442,-0.4191573508124843,mental,main_overlap,posterior_exponent × group
2443,-0.1770215221598921,mental,main_overlap,posterior_exponent × group
2444,-0.067354779908376,mental,main_overlap,posterior_exponent × group
2445,-0.4521188256854568,mental,main_overlap,posterior_exponent × group
2446,-0.6070545026319455,mental,main_overlap,posterior_exponent × group
2447,-0.3484056358235728,mental,main_overlap,posterior_exponent × group
2448,-0.4388189436570451,mental,main_overlap,posterior_exponent × group
2449,-0.221879034166958,mental,main_overlap,posterior_exponent × group
2450,-0.4580948677773054,mental,main_overlap,posterior_exponent × group
2451,-0.5580490377893752,mental,main_overlap,posterior_exponent × group
2452,-0.5685378929299405,mental,main_overlap,posterior_exponent × group
2453,-0.4135424203024074,mental,main_overlap,posterior_exponent × group
2454,-0.1710315957947153,mental,main_overlap,posterior_exponent × group
2455,-0.3938381763788902,mental,main_overlap,posterior_exponent × group
2456,-0.3811727613234049,mental,main_overlap,posterior_exponent × group
2457,-0.4747063942512338,mental,main_overlap,posterior_exponent × group
2458,-0.4717807337722277,mental,main_overlap,posterior_exponent × group
2459,-0.0521975739784434,mental,main_overlap,posterior_exponent × group
2460,-0.5556464703344336,mental,main_overlap,posterior_exponent × group
2461,-0.4375484551461467,mental,main_overlap,posterior_exponent × group
2462,-0.514737439927915,mental,main_overlap,posterior_exponent × group
2463,-0.3038875004094447,mental,main_overlap,posterior_exponent × group
2464,-0.356340364413457,mental,main_overlap,posterior_exponent × group
2465,-0.05072645212619,mental,main_overlap,posterior_exponent × group
2466,-0.2518696509046731,mental,main_overlap,posterior_exponent × group
2467,-0.3722634234288396,mental,main_overlap,posterior_exponent × group
2468,-0.5748582118805021,mental,main_overlap,posterior_exponent × group
2469,-0.5654136848829594,mental,main_overlap,posterior_exponent × group
2470,-0.4383891004760165,mental,main_overlap,posterior_exponent × group
2471,-0.2384905593682203,mental,main_overlap,posterior_exponent × group
2472,-0.5801462206661224,mental,main_overlap,posterior_exponent × group
2473,-0.775978611268166,mental,main_overlap,posterior_exponent × group
2474,-0.2872711235911135,mental,main_overlap,posterior_exponent × group
2475,-0.4885644425125911,mental,main_overlap,posterior_exponent × group
2476,-0.5036368875566943,mental,main_overlap,posterior_exponent × group
2477,-0.4512057900385619,mental,main_overlap,posterior_exponent × group
2478,-0.2670353347375439,mental,main_overlap,posterior_exponent × group
2479,-0.3461586955542793,mental,main_overlap,posterior_exponent × group
2480,-0.6554679750993168,mental,main_overlap,posterior_exponent × group
2481,-0.0129986054710626,mental,main_overlap,posterior_exponent × group
2482,-0.6352709015126369,mental,main_overlap,posterior_exponent × group
2483,-0.7322900300820294,mental,main_overlap,posterior_exponent × group
2484,-0.4266188931347796,mental,main_overlap,posterior_exponent × group
2485,-0.3022315763781317,mental,main_overlap,posterior_exponent × group
2486,-0.6362377494725451,mental,main_overlap,posterior_exponent × group
2487,-0.3930990290532248,mental,main_overlap,posterior_exponent × group
2488,-0.2547146158323066,mental,main_overlap,posterior_exponent × group
2489,-0.3410087855090924,mental,main_overlap,posterior_exponent × group
2490,0.0161493784445371,mental,main_overlap,posterior_exponent × group
2491,-0.0695381471513602,mental,main_overlap,posterior_exponent × group
2492,-0.2001447316309696,mental,main_overlap,posterior_exponent × group
2493,-0.6728313579334952,mental,main_overlap,posterior_exponent × group
2494,-0.5106173887446372,mental,main_overlap,posterior_exponent × group
2495,-0.6017153312456684,mental,main_overlap,posterior_exponent × group
2496,-0.068975287272742,mental,main_overlap,posterior_exponent × group
2497,0.1714573432031753,mental,main_overlap,posterior_exponent × group
2498,-0.4824183798928716,mental,main_overlap,posterior_exponent × group
2499,-0.330531157974938,mental,main_overlap,posterior_exponent × group
2500,-0.3723602350401573,mental,main_overlap,posterior_exponent × group
2501,-0.7853279994500018,mental,main_overlap,posterior_exponent × group
2502,-0.3387452202617482,mental,main_overlap,posterior_exponent × group
2503,-0.4897398628042722,mental,main_overlap,posterior_exponent × group
2504,-0.6821287167438977,mental,main_overlap,posterior_exponent × group
2505,-0.1162394305493195,mental,main_overlap,posterior_exponent × group
2506,-0.3542731952789585,mental,main_overlap,posterior_exponent × group
2507,-0.2517313825758963,mental,main_overlap,posterior_exponent × group
2508,-0.4648840521671155,mental,main_overlap,posterior_exponent × group
2509,-0.3717655189962993,mental,main_overlap,posterior_exponent × group
2510,-0.0235683448022827,mental,main_overlap,posterior_exponent × group
2511,-0.1428595570090295,mental,main_overlap,posterior_exponent × group
2512,-0.1582734446990319,mental,main_overlap,posterior_exponent × group
2513,-0.1380188437530155,mental,main_overlap,posterior_exponent × group
2514,-0.635022480567015,mental,main_overlap,posterior_exponent × group
2515,-0.4319687852052604,mental,main_overlap,posterior_exponent × group
2516,-0.4697634363185383,mental,main_overlap,posterior_exponent × group
2517,-0.1783935186224507,mental,main_overlap,posterior_exponent × group
2518,-0.5289203528732291,mental,main_overlap,posterior_exponent × group
2519,-0.1065724379772921,mental,main_overlap,posterior_exponent × group
2520,-0.2393284806586136,mental,main_overlap,posterior_exponent × group
2521,-0.1183894996168599,mental,main_overlap,posterior_exponent × group
2522,-0.6396097254009775,mental,main_overlap,posterior_exponent × group
2523,-0.271626575851246,mental,main_overlap,posterior_exponent × group
2524,-0.3290349572330749,mental,main_overlap,posterior_exponent × group
2525,-0.2482730083235729,mental,main_overlap,posterior_exponent × group
2526,-0.6930317794578829,mental,main_overlap,posterior_exponent × group
2527,-0.5120589698942691,mental,main_overlap,posterior_exponent × group
2528,-0.8283701497509429,mental,main_overlap,posterior_exponent × group
2529,-0.4049976084409278,mental,main_overlap,posterior_exponent × group
2530,-0.1250608728715283,mental,main_overlap,posterior_exponent × group
2531,-0.6310024766881323,mental,main_overlap,posterior_exponent × group
2532,-0.4285553397742379,mental,main_overlap,posterior_exponent × group
2533,-0.316677529703969,mental,main_overlap,posterior_exponent × group
2534,-0.2506777343937382,mental,main_overlap,posterior_exponent × group
2535,0.0596106577801967,mental,main_overlap,posterior_exponent × group
2536,-0.0709328136357878,mental,main_overlap,posterior_exponent × group
2537,-0.6240098622455399,mental,main_overlap,posterior_exponent × group
2538,-0.3679665814533557,mental,main_overlap,posterior_exponent × group
2539,-0.4079129059277457,mental,main_overlap,posterior_exponent × group
2540,-0.4091040865612259,mental,main_overlap,posterior_exponent × group
2541,0.0250035544820618,mental,main_overlap,posterior_exponent × group
2542,-0.5679780998380985,mental,main_overlap,posterior_exponent × group
2543,-0.4070577058243727,mental,main_overlap,posterior_exponent × group
2544,-0.5044247850572868,mental,main_overlap,posterior_exponent × group
2545,-0.2195937381889608,mental,main_overlap,posterior_exponent × group
2546,-0.4492561989987609,mental,main_overlap,posterior_exponent × group
2547,-0.229160597648279,mental,main_overlap,posterior_exponent × group
2548,-0.5008676902220002,mental,main_overlap,posterior_exponent × group
2549,-0.7712141718921189,mental,main_overlap,posterior_exponent × group
2550,-0.5613622752332275,mental,main_overlap,posterior_exponent × group
2551,-0.5574030303220552,mental,main_overlap,posterior_exponent × group
2552,-0.2974455181400633,mental,main_overlap,posterior_exponent × group
2553,-0.0949546561100137,mental,main_overlap,posterior_exponent × group
2554,-0.3497677313795729,mental,main_overlap,posterior_exponent × group
2555,-0.5092928897882039,mental,main_overlap,posterior_exponent × group
2556,-0.3019756257175097,mental,main_overlap,posterior_exponent × group
2557,-0.3619661035192912,mental,main_overlap,posterior_exponent × group
2558,-0.1441236984620376,mental,main_overlap,posterior_exponent × group
2559,-0.5826691451426201,mental,main_overlap,posterior_exponent × group
2560,-0.4872526091222188,mental,main_overlap,posterior_exponent × group
2561,-0.1139907620442699,mental,main_overlap,posterior_exponent × group
2562,-0.4015524784707343,mental,main_overlap,posterior_exponent × group
2563,-0.4792444712966017,mental,main_overlap,posterior_exponent × group
2564,-0.3780365796594627,mental,main_overlap,posterior_exponent × group
2565,-0.3916873868393705,mental,main_overlap,posterior_exponent × group
2566,-0.6143650612540306,mental,main_overlap,posterior_exponent × group
2567,-0.4325003113063678,mental,main_overlap,posterior_exponent × group
2568,-0.2076852498484528,mental,main_overlap,posterior_exponent × group
2569,-0.3175304747765232,mental,main_overlap,posterior_exponent × group
2570,0.0927882329595518,mental,main_overlap,posterior_exponent × group
2571,-0.306727637867318,mental,main_overlap,posterior_exponent × group
2572,-0.5415467405247664,mental,main_overlap,posterior_exponent × group
2573,-0.3218251801792847,mental,main_overlap,posterior_exponent × group
2574,-0.4841499878370735,mental,main_overlap,posterior_exponent × group
2575,-0.5242120021962113,mental,main_overlap,posterior_exponent × group
2576,-0.2967544229282628,mental,main_overlap,posterior_exponent × group
2577,-0.5437751896769938,mental,main_overlap,posterior_exponent × group
2578,-0.5113613972427028,mental,main_overlap,posterior_exponent × group
2579,-0.3884578959643189,mental,main_overlap,posterior_exponent × group
2580,-0.3799130437762432,mental,main_overlap,posterior_exponent × group
2581,-0.1906055110706574,mental,main_overlap,posterior_exponent × group
2582,-0.0783079256849813,mental,main_overlap,posterior_exponent × group
2583,0.1783261681520305,mental,main_overlap,posterior_exponent × group
2584,-0.4566961818754024,mental,main_overlap,posterior_exponent × group
2585,-0.3456662941037755,mental,main_overlap,posterior_exponent × group
2586,-0.5036856105445391,mental,main_overlap,posterior_exponent × group
2587,0.2127482177739709,mental,main_overlap,posterior_exponent × group
2588,-0.7013721891677976,mental,main_overlap,posterior_exponent × group
2589,-0.534037749629549,mental,main_overlap,posterior_exponent × group
2590,-0.2497258543408936,mental,main_overlap,posterior_exponent × group
2591,-0.5098183758459687,mental,main_overlap,posterior_exponent × group
2592,-0.5108667912814548,mental,main_overlap,posterior_exponent × group
2593,-0.1903152826972081,mental,main_overlap,posterior_exponent × group
2594,-0.446585110223771,mental,main_overlap,posterior_exponent × group
2595,-0.0594903792131284,mental,main_overlap,posterior_exponent × group
2596,-0.4407660519938262,mental,main_overlap,posterior_exponent × group
2597,-0.1623277115168153,mental,main_overlap,posterior_exponent × group
2598,-0.4861478485370144,mental,main_overlap,posterior_exponent × group
2599,-0.2272324407582912,mental,main_overlap,posterior_exponent × group
2600,-0.5018861364982556,mental,main_overlap,posterior_exponent × group
2601,-0.3882157758683172,mental,main_overlap,posterior_exponent × group
2602,-0.6174064322754488,mental,main_overlap,posterior_exponent × group
2603,-0.4947924258136119,mental,main_overlap,posterior_exponent × group
2604,-0.3789039951911879,mental,main_overlap,posterior_exponent × group
2605,-0.5774759365625391,mental,main_overlap,posterior_exponent × group
2606,-0.3146312889919936,mental,main_overlap,posterior_exponent × group
2607,-0.033429898303604,mental,main_overlap,posterior_exponent × group
2608,-0.3820314079943394,mental,main_overlap,posterior_exponent × group
2609,-0.3719946228290695,mental,main_overlap,posterior_exponent × group
2610,-0.50822490473332,mental,main_overlap,posterior_exponent × group
2611,-0.4229661477762723,mental,main_overlap,posterior_exponent × group
2612,-0.336587300616724,mental,main_overlap,posterior_exponent × group
2613,-0.6965988565452075,mental,main_overlap,posterior_exponent × group
2614,-0.0065273153818824,mental,main_overlap,posterior_exponent × group
2615,-0.6229223652772917,mental,main_overlap,posterior_exponent × group
2616,-0.0384185670756789,mental,main_overlap,posterior_exponent × group
2617,-0.346688217650276,mental,main_overlap,posterior_exponent × group
2618,-0.5781246740732229,mental,main_overlap,posterior_exponent × group
2619,-0.2281942685970433,mental,main_overlap,posterior_exponent × group
2620,-0.3001410863871923,mental,main_overlap,posterior_exponent × group
2621,-0.4185888933520067,mental,main_overlap,posterior_exponent × group
2622,-0.1840349130533671,mental,main_overlap,posterior_exponent × group
2623,-0.6034285518156235,mental,main_overlap,posterior_exponent × group
2624,-0.5647530897348657,mental,main_overlap,posterior_exponent × group
2625,-0.6900980652884121,mental,main_overlap,posterior_exponent × group
2626,-0.2928838105783528,mental,main_overlap,posterior_exponent × group
2627,-0.1966802220456671,mental,main_overlap,posterior_exponent × group
2628,-0.3979600945847145,mental,main_overlap,posterior_exponent × group
2629,-0.2693923554661531,mental,main_overlap,posterior_exponent × group
2630,-0.5560790087785282,mental,main_overlap,posterior_exponent × group
2631,-0.4269402963800065,mental,main_overlap,posterior_exponent × group
2632,-0.1566841112859136,mental,main_overlap,posterior_exponent × group
2633,-0.0219578340441727,mental,main_overlap,posterior_exponent × group
2634,-0.3520091680314429,mental,main_overlap,posterior_exponent × group
2635,-0.4789696111461932,mental,main_overlap,posterior_exponent × group
2636,-0.5190198434411549,mental,main_overlap,posterior_exponent × group
2637,-0.8890418639597866,mental,main_overlap,posterior_exponent × group
2638,-0.5529783265573431,mental,main_overlap,posterior_exponent × group
2639,-0.1212849663283722,mental,main_overlap,posterior_exponent × group
2640,0.0315445336682079,mental,main_overlap,posterior_exponent × group
2641,-0.3146067929466227,mental,main_overlap,posterior_exponent × group
2642,-0.6585337543827505,mental,main_overlap,posterior_exponent × group
2643,0.0279481413709578,mental,main_overlap,posterior_exponent × group
2644,-0.5943375822815344,mental,main_overlap,posterior_exponent × group
2645,-0.4342189056042821,mental,main_overlap,posterior_exponent × group
2646,-0.5965001377686877,mental,main_overlap,posterior_exponent × group
2647,-0.3227607777334196,mental,main_overlap,posterior_exponent × group
2648,-0.5109504374471473,mental,main_overlap,posterior_exponent × group
2649,-0.6705007092655264,mental,main_overlap,posterior_exponent × group
2650,-0.4933766284367203,mental,main_overlap,posterior_exponent × group
2651,-0.2881077911281998,mental,main_overlap,posterior_exponent × group
2652,-0.5703901713288223,mental,main_overlap,posterior_exponent × group
2653,-0.5236980066166421,mental,main_overlap,posterior_exponent × group
2654,-0.3239563852886186,mental,main_overlap,posterior_exponent × group
2655,-0.2846603907511286,mental,main_overlap,posterior_exponent × group
2656,-0.3772855820881276,mental,main_overlap,posterior_exponent × group
2657,-0.1157891382706279,mental,main_overlap,posterior_exponent × group
2658,-0.5466752852932213,mental,main_overlap,posterior_exponent × group
2659,-0.5957252140213815,mental,main_overlap,posterior_exponent × group
2660,-0.346344261067844,mental,main_overlap,posterior_exponent × group
2661,-0.5616626434651661,mental,main_overlap,posterior_exponent × group
2662,-0.4786476468524513,mental,main_overlap,posterior_exponent × group
2663,-0.9838440233654752,mental,main_overlap,posterior_exponent × group
2664,-0.0513538101597843,mental,main_overlap,posterior_exponent × group
2665,-0.6001798324819041,mental,main_overlap,posterior_exponent × group
2666,-0.2708882424315698,mental,main_overlap,posterior_exponent × group
2667,-0.2269029364816818,mental,main_overlap,posterior_exponent × group
2668,-0.4958183922062465,mental,main_overlap,posterior_exponent × group
2669,-0.1343806530287969,mental,main_overlap,posterior_exponent × group
2670,-0.2634589202441062,mental,main_overlap,posterior_exponent × group
2671,-0.1766677028323164,mental,main_overlap,posterior_exponent × group
2672,-0.6296579821252899,mental,main_overlap,posterior_exponent × group
2673,-0.053540168508357,mental,main_overlap,posterior_exponent × group
2674,-0.7019695264041432,mental,main_overlap,posterior_exponent × group
2675,-0.3581229398957705,mental,main_overlap,posterior_exponent × group
2676,-0.1171397632105384,mental,main_overlap,posterior_exponent × group
2677,-0.4840358078265155,mental,main_overlap,posterior_exponent × group
2678,-0.4128221107675143,mental,main_overlap,posterior_exponent × group
2679,-0.1977899444840232,mental,main_overlap,posterior_exponent × group
2680,-0.3957081541900167,mental,main_overlap,posterior_exponent × group
2681,-0.5039821204422295,mental,main_overlap,posterior_exponent × group
2682,-0.357352335143022,mental,main_overlap,posterior_exponent × group
2683,-0.2588433250103932,mental,main_overlap,posterior_exponent × group
2684,-0.232265577215468,mental,main_overlap,posterior_exponent × group
2685,-0.2854082407549744,mental,main_overlap,posterior_exponent × group
2686,-0.2682919813015262,mental,main_overlap,posterior_exponent × group
2687,-0.4993354944479081,mental,main_overlap,posterior_exponent × group
2688,-0.2569278288859137,mental,main_overlap,posterior_exponent × group
2689,-0.5904986414180932,mental,main_overlap,posterior_exponent × group
2690,-0.1388962342536126,mental,main_overlap,posterior_exponent × group
2691,-0.4713377672088483,mental,main_overlap,posterior_exponent × group
2692,-0.0117811961618662,mental,main_overlap,posterior_exponent × group
2693,-0.2321960413984007,mental,main_overlap,posterior_exponent × group
2694,0.0923023914912699,mental,main_overlap,posterior_exponent × group
2695,-0.3793962707135891,mental,main_overlap,posterior_exponent × group
2696,-0.1048386229432656,mental,main_overlap,posterior_exponent × group
2697,0.0451159933922551,mental,main_overlap,posterior_exponent × group
2698,-0.2425568412357638,mental,main_overlap,posterior_exponent × group
2699,-0.3990482797211798,mental,main_overlap,posterior_exponent × group
2700,-0.5087045507277254,mental,main_overlap,posterior_exponent × group
2701,-0.6961567746498238,mental,main_overlap,posterior_exponent × group
2702,-0.4294963322862489,mental,main_overlap,posterior_exponent × group
2703,0.0094513363004383,mental,main_overlap,posterior_exponent × group
2704,-0.5730725579654309,mental,main_overlap,posterior_exponent × group
2705,-0.5510361420871671,mental,main_overlap,posterior_exponent × group
2706,-0.0741270868153572,mental,main_overlap,posterior_exponent × group
2707,-0.3521239807144879,mental,main_overlap,posterior_exponent × group
2708,-0.3978613135561815,mental,main_overlap,posterior_exponent × group
2709,-0.3707569464276573,mental,main_overlap,posterior_exponent × group
2710,-0.7635291310091092,mental,main_overlap,posterior_exponent × group
2711,-0.3934885734843892,mental,main_overlap,posterior_exponent × group
2712,-0.6578389752280256,mental,main_overlap,posterior_exponent × group
2713,-0.373762014124794,mental,main_overlap,posterior_exponent × group
2714,-0.4951904398659774,mental,main_overlap,posterior_exponent × group
2715,-0.2660973198261994,mental,main_overlap,posterior_exponent × group
2716,-0.4300220953791026,mental,main_overlap,posterior_exponent × group
2717,-0.7446322276666495,mental,main_overlap,posterior_exponent × group
2718,-0.5858617452308872,mental,main_overlap,posterior_exponent × group
2719,-0.4508307995746863,mental,main_overlap,posterior_exponent × group
2720,-0.4476336156286271,mental,main_overlap,posterior_exponent × group
2721,-0.4992678920417336,mental,main_overlap,posterior_exponent × group
2722,-0.5243335171288105,mental,main_overlap,posterior_exponent × group
2723,-0.708481256805442,mental,main_overlap,posterior_exponent × group
2724,-0.4435496360997425,mental,main_overlap,posterior_exponent × group
2725,-0.1406625262691904,mental,main_overlap,posterior_exponent × group
2726,-0.7288243547090949,mental,main_overlap,posterior_exponent × group
2727,-0.1008040531706022,mental,main_overlap,posterior_exponent × group
2728,-0.4619133209236614,mental,main_overlap,posterior_exponent × group
2729,-0.525766368322542,mental,main_overlap,posterior_exponent × group
2730,-0.664058852006562,mental,main_overlap,posterior_exponent × group
2731,-0.3388048013983829,mental,main_overlap,posterior_exponent × group
2732,-0.4775262800059502,mental,main_overlap,posterior_exponent × group
2733,-0.5070542838470774,mental,main_overlap,posterior_exponent × group
2734,-0.5801502549760652,mental,main_overlap,posterior_exponent × group
2735,0.0035636641230024,mental,main_overlap,posterior_exponent × group
2736,-0.1525124800640603,mental,main_overlap,posterior_exponent × group
2737,-0.7710501105378853,mental,main_overlap,posterior_exponent × group
2738,-0.5269563783978061,mental,main_overlap,posterior_exponent × group
2739,-0.2039871319051546,mental,main_overlap,posterior_exponent × group
2740,-0.5251350902456703,mental,main_overlap,posterior_exponent × group
2741,-0.6599658272349876,mental,main_overlap,posterior_exponent × group
2742,-0.2935689242392109,mental,main_overlap,posterior_exponent × group
2743,-0.3939811826300332,mental,main_overlap,posterior_exponent × group
2744,-0.5926467686685073,mental,main_overlap,posterior_exponent × group
2745,-0.2601436037484975,mental,main_overlap,posterior_exponent × group
2746,-0.7230024736445759,mental,main_overlap,posterior_exponent × group
2747,-0.0742972339355475,mental,main_overlap,posterior_exponent × group
2748,-0.4119518486139192,mental,main_overlap,posterior_exponent × group
2749,-0.6663424420065016,mental,main_overlap,posterior_exponent × group
2750,-0.6793957428288845,mental,main_overlap,posterior_exponent × group
2751,-0.4982235792885986,mental,main_overlap,posterior_exponent × group
2752,-0.2960118277701334,mental,main_overlap,posterior_exponent × group
2753,-0.3260471099785343,mental,main_overlap,posterior_exponent × group
2754,-0.7927815080721035,mental,main_overlap,posterior_exponent × group
2755,-0.8475277187888053,mental,main_overlap,posterior_exponent × group
2756,-0.3085595903669086,mental,main_overlap,posterior_exponent × group
2757,-0.4526027612458493,mental,main_overlap,posterior_exponent × group
2758,-0.4145140184145808,mental,main_overlap,posterior_exponent × group
2759,-0.6486177737421573,mental,main_overlap,posterior_exponent × group
2760,-0.4556791917823646,mental,main_overlap,posterior_exponent × group
2761,-0.1147833190517462,mental,main_overlap,posterior_exponent × group
2762,-0.3153618768590459,mental,main_overlap,posterior_exponent × group
2763,-0.5447673634713789,mental,main_overlap,posterior_exponent × group
2764,0.0127770138061346,mental,main_overlap,posterior_exponent × group
2765,-0.5721739801676246,mental,main_overlap,posterior_exponent × group
2766,-0.4800486170635998,mental,main_overlap,posterior_exponent × group
2767,-0.1865728450028683,mental,main_overlap,posterior_exponent × group
2768,-0.2276698857933462,mental,main_overlap,posterior_exponent × group
2769,-0.2633117397741009,mental,main_overlap,posterior_exponent × group
2770,-0.6876215332820012,mental,main_overlap,posterior_exponent × group
2771,-0.3166699122775764,mental,main_overlap,posterior_exponent × group
2772,-0.472017065276162,mental,main_overlap,posterior_exponent × group
2773,-0.4352339828218702,mental,main_overlap,posterior_exponent × group
2774,0.2171564011169095,mental,main_overlap,posterior_exponent × group
2775,-0.3702982867359113,mental,main_overlap,posterior_exponent × group
2776,-0.269207222609336,mental,main_overlap,posterior_exponent × group
2777,-0.3268640891033167,mental,main_overlap,posterior_exponent × group
2778,-0.2674245133393655,mental,main_overlap,posterior_exponent × group
2779,-0.4161459347633721,mental,main_overlap,posterior_exponent × group
2780,-0.655018276211291,mental,main_overlap,posterior_exponent × group
2781,-0.1411975772836078,mental,main_overlap,posterior_exponent × group
2782,-0.2781816452428686,mental,main_overlap,posterior_exponent × group
2783,-0.1688514779093708,mental,main_overlap,posterior_exponent × group
2784,-0.4288913642380864,mental,main_overlap,posterior_exponent × group
2785,-0.5514969648008965,mental,main_overlap,posterior_exponent × group
2786,-0.5463309539451378,mental,main_overlap,posterior_exponent × group
2787,-0.3530171392722347,mental,main_overlap,posterior_exponent × group
2788,-0.5533746024900589,mental,main_overlap,posterior_exponent × group
2789,-0.637927937449577,mental,main_overlap,posterior_exponent × group
2790,-0.2665827089852191,mental,main_overlap,posterior_exponent × group
2791,-0.5109737051126846,mental,main_overlap,posterior_exponent × group
2792,-0.5867994588978916,mental,main_overlap,posterior_exponent × group
2793,-0.3076434395955852,mental,main_overlap,posterior_exponent × group
2794,-0.4643366499563608,mental,main_overlap,posterior_exponent × group
2795,-0.2581679539798495,mental,main_overlap,posterior_exponent × group
2796,-0.3295910852773238,mental,main_overlap,posterior_exponent × group
2797,-0.4257045461779575,mental,main_overlap,posterior_exponent × group
2798,-0.6297383486107333,mental,main_overlap,posterior_exponent × group
2799,-0.7637013356297063,mental,main_overlap,posterior_exponent × group
2800,-0.3992729572798056,mental,main_overlap,posterior_exponent × group
2801,-0.5760417407602929,mental,main_overlap,posterior_exponent × group
2802,-0.547075861467588,mental,main_overlap,posterior_exponent × group
2803,-0.4834850022932397,mental,main_overlap,posterior_exponent × group
2804,-0.4472387517508981,mental,main_overlap,posterior_exponent × group
2805,-0.3892516672358138,mental,main_overlap,posterior_exponent × group
2806,-0.2764217956491875,mental,main_overlap,posterior_exponent × group
2807,-0.5773374326687346,mental,main_overlap,posterior_exponent × group
2808,-0.3272162157694094,mental,main_overlap,posterior_exponent × group
2809,-0.138829085047434,mental,main_overlap,posterior_exponent × group
2810,-0.5469833995344849,mental,main_overlap,posterior_exponent × group
2811,-0.4562909265617507,mental,main_overlap,posterior_exponent × group
2812,-0.1050534681831968,mental,main_overlap,posterior_exponent × group
2813,-0.3935252790352437,mental,main_overlap,posterior_exponent × group
2814,-0.1080141443439604,mental,main_overlap,posterior_exponent × group
2815,-0.821508534665847,mental,main_overlap,posterior_exponent × group
2816,-0.5529973287901682,mental,main_overlap,posterior_exponent × group
2817,-0.3976683251519892,mental,main_overlap,posterior_exponent × group
2818,-0.3940527400047819,mental,main_overlap,posterior_exponent × group
2819,-0.2120897497242751,mental,main_overlap,posterior_exponent × group
2820,-0.459308168909081,mental,main_overlap,posterior_exponent × group
2821,-0.4943258459846497,mental,main_overlap,posterior_exponent × group
2822,-0.5606234550784837,mental,main_overlap,posterior_exponent × group
2823,-0.502113668806255,mental,main_overlap,posterior_exponent × group
2824,-0.2963915512061277,mental,main_overlap,posterior_exponent × group
2825,-0.0201433685160463,mental,main_overlap,posterior_exponent × group
2826,-0.388539760417393,mental,main_overlap,posterior_exponent × group
2827,-0.4931500759444963,mental,main_overlap,posterior_exponent × group
2828,-0.582914571179586,mental,main_overlap,posterior_exponent × group
2829,-0.0718034801021689,mental,main_overlap,posterior_exponent × group
2830,-0.2403993453152653,mental,main_overlap,posterior_exponent × group
2831,-0.2695146656121584,mental,main_overlap,posterior_exponent × group
2832,-0.3798908853358683,mental,main_overlap,posterior_exponent × group
2833,-0.403537759720982,mental,main_overlap,posterior_exponent × group
2834,-0.2961508180995688,mental,main_overlap,posterior_exponent × group
2835,-0.3784806716706365,mental,main_overlap,posterior_exponent × group
2836,-0.3443708244872978,mental,main_overlap,posterior_exponent × group
2837,-0.4022534912928312,mental,main_overlap,posterior_exponent × group
2838,-0.3957325289205128,mental,main_overlap,posterior_exponent × group
2839,-0.11434689371604,mental,main_overlap,posterior_exponent × group
2840,-0.7374846234176102,mental,main_overlap,posterior_exponent × group
2841,-0.3603889856900495,mental,main_overlap,posterior_exponent × group
2842,-0.4994011216628993,mental,main_overlap,posterior_exponent × group
2843,-0.4348325022921688,mental,main_overlap,posterior_exponent × group
2844,-0.2628010806830683,mental,main_overlap,posterior_exponent × group
2845,-0.4768939388079379,mental,main_overlap,posterior_exponent × group
2846,-0.5217179884137512,mental,main_overlap,posterior_exponent × group
2847,-0.4300785480976768,mental,main_overlap,posterior_exponent × group
2848,-0.2217020857907604,mental,main_overlap,posterior_exponent × group
2849,-0.3348055689790622,mental,main_overlap,posterior_exponent × group
2850,-0.2881886280642109,mental,main_overlap,posterior_exponent × group
2851,-0.6898886116288097,mental,main_overlap,posterior_exponent × group
2852,-0.1979555102100317,mental,main_overlap,posterior_exponent × group
2853,-0.1224969872442906,mental,main_overlap,posterior_exponent × group
2854,-0.4939285815018682,mental,main_overlap,posterior_exponent × group
2855,-0.6391871837515547,mental,main_overlap,posterior_exponent × group
2856,-0.1976015462796053,mental,main_overlap,posterior_exponent × group
2857,-0.6167062761146607,mental,main_overlap,posterior_exponent × group
2858,-0.1194171336408388,mental,main_overlap,posterior_exponent × group
2859,-0.3359854269516387,mental,main_overlap,posterior_exponent × group
2860,0.1822147863697247,mental,main_overlap,posterior_exponent × group
2861,-0.032217113523,mental,main_overlap,posterior_exponent × group
2862,-0.7299663128381453,mental,main_overlap,posterior_exponent × group
2863,-0.3532058277783214,mental,main_overlap,posterior_exponent × group
2864,-0.1470646729315221,mental,main_overlap,posterior_exponent × group
2865,-0.4602265835908941,mental,main_overlap,posterior_exponent × group
2866,-0.2740731563657987,mental,main_overlap,posterior_exponent × group
2867,-0.241080416407922,mental,main_overlap,posterior_exponent × group
2868,0.0580200547046483,mental,main_overlap,posterior_exponent × group
2869,-0.5427032964227189,mental,main_overlap,posterior_exponent × group
2870,-0.7327989851045592,mental,main_overlap,posterior_exponent × group
2871,-0.2731560149141523,mental,main_overlap,posterior_exponent × group
2872,-0.1241971718055235,mental,main_overlap,posterior_exponent × group
2873,-0.3609431996035378,mental,main_overlap,posterior_exponent × group
2874,-0.6172562115709922,mental,main_overlap,posterior_exponent × group
2875,-0.1893180202172612,mental,main_overlap,posterior_exponent × group
2876,-0.2447703418566187,mental,main_overlap,posterior_exponent × group
2877,-0.8077720717451444,mental,main_overlap,posterior_exponent × group
2878,-0.5469884138111825,mental,main_overlap,posterior_exponent × group
2879,-0.3237443960619632,mental,main_overlap,posterior_exponent × group
2880,-0.1833653750722787,mental,main_overlap,posterior_exponent × group
2881,-0.2301419069577679,mental,main_overlap,posterior_exponent × group
2882,-0.5276698178586382,mental,main_overlap,posterior_exponent × group
2883,-0.3848634533649117,mental,main_overlap,posterior_exponent × group
2884,-0.2664538730874169,mental,main_overlap,posterior_exponent × group
2885,-0.3327422189990053,mental,main_overlap,posterior_exponent × group
2886,-0.3764366012492627,mental,main_overlap,posterior_exponent × group
2887,0.1021211191982953,mental,main_overlap,posterior_exponent × group
2888,-0.493645276557466,mental,main_overlap,posterior_exponent × group
2889,-0.2689309102349973,mental,main_overlap,posterior_exponent × group
2890,-0.5680403488085458,mental,main_overlap,posterior_exponent × group
2891,-0.3601795981558378,mental,main_overlap,posterior_exponent × group
2892,-0.7520266793356593,mental,main_overlap,posterior_exponent × group
2893,-0.3132542354394717,mental,main_overlap,posterior_exponent × group
2894,-0.4238902507294196,mental,main_overlap,posterior_exponent × group
2895,-0.3725824444300663,mental,main_overlap,posterior_exponent × group
2896,-0.4767734948627511,mental,main_overlap,posterior_exponent × group
2897,-0.4485047206884022,mental,main_overlap,posterior_exponent × group
2898,-0.6299932675691017,mental,main_overlap,posterior_exponent × group
2899,-0.2962279124865007,mental,main_overlap,posterior_exponent × group
2900,-0.8115946630151362,mental,main_overlap,posterior_exponent × group
2901,-0.4753967936940776,mental,main_overlap,posterior_exponent × group
2902,-0.5103241932995948,mental,main_overlap,posterior_exponent × group
2903,-0.4338328340753477,mental,main_overlap,posterior_exponent × group
2904,-0.5087309764900178,mental,main_overlap,posterior_exponent × group
2905,-0.6880155566379176,mental,main_overlap,posterior_exponent × group
2906,-0.6416953281607113,mental,main_overlap,posterior_exponent × group
2907,-0.4764377610797811,mental,main_overlap,posterior_exponent × group
2908,-0.5330509976073197,mental,main_overlap,posterior_exponent × group
2909,-0.30415178772675,mental,main_overlap,posterior_exponent × group
2910,-0.2875411548249347,mental,main_overlap,posterior_exponent × group
2911,-0.3466498319736188,mental,main_overlap,posterior_exponent × group
2912,-0.4457865542316162,mental,main_overlap,posterior_exponent × group
2913,-0.599754380405961,mental,main_overlap,posterior_exponent × group
2914,-0.5193845161703918,mental,main_overlap,posterior_exponent × group
2915,-0.3409530622756547,mental,main_overlap,posterior_exponent × group
2916,-0.2983111602761656,mental,main_overlap,posterior_exponent × group
2917,-0.7814856885014027,mental,main_overlap,posterior_exponent × group
2918,-0.5831364198147928,mental,main_overlap,posterior_exponent × group
2919,-0.5333781124062297,mental,main_overlap,posterior_exponent × group
2920,-0.6406585316850962,mental,main_overlap,posterior_exponent × group
2921,-0.3376412844395754,mental,main_overlap,posterior_exponent × group
2922,-0.202480749236219,mental,main_overlap,posterior_exponent × group
2923,-0.3204590375494262,mental,main_overlap,posterior_exponent × group
2924,-0.0626778490208487,mental,main_overlap,posterior_exponent × group
2925,-0.1301326752393309,mental,main_overlap,posterior_exponent × group
2926,-0.1328690186795392,mental,main_overlap,posterior_exponent × group
2927,-0.2097046862929731,mental,main_overlap,posterior_exponent × group
2928,-0.1731580505163414,mental,main_overlap,posterior_exponent × group
2929,-0.4466280839126991,mental,main_overlap,posterior_exponent × group
2930,-0.4818932413160612,mental,main_overlap,posterior_exponent × group
2931,-0.1823564613764275,mental,main_overlap,posterior_exponent × group
2932,-0.590469985545417,mental,main_overlap,posterior_exponent × group
2933,-0.3631772043514128,mental,main_overlap,posterior_exponent × group
2934,-0.286162665438775,mental,main_overlap,posterior_exponent × group
2935,-0.3717672190903103,mental,main_overlap,posterior_exponent × group
2936,-0.6884130328310654,mental,main_overlap,posterior_exponent × group
2937,-0.2340552562038498,mental,main_overlap,posterior_exponent × group
2938,-0.625566440952298,mental,main_overlap,posterior_exponent × group
2939,-0.492441944200738,mental,main_overlap,posterior_exponent × group
2940,-0.6240031269548192,mental,main_overlap,posterior_exponent × group
2941,-0.3857961837086546,mental,main_overlap,posterior_exponent × group
2942,-0.3098821872407048,mental,main_overlap,posterior_exponent × group
2943,-0.1583790082398154,mental,main_overlap,posterior_exponent × group
2944,-0.6141699506270112,mental,main_overlap,posterior_exponent × group
2945,-0.8532797276932539,mental,main_overlap,posterior_exponent × group
2946,-0.5732281863416485,mental,main_overlap,posterior_exponent × group
2947,-0.5851050737919828,mental,main_overlap,posterior_exponent × group
2948,-0.3806628298082609,mental,main_overlap,posterior_exponent × group
2949,-0.09907517586475,mental,main_overlap,posterior_exponent × group
2950,-0.3139800044372455,mental,main_overlap,posterior_exponent × group
2951,-0.4192801460257972,mental,main_overlap,posterior_exponent × group
2952,-0.3215513113779625,mental,main_overlap,posterior_exponent × group
2953,-0.3108908567975307,mental,main_overlap,posterior_exponent × group
2954,-0.7536325189893089,mental,main_overlap,posterior_exponent × group
2955,-0.5140165785850962,mental,main_overlap,posterior_exponent × group
2956,-0.2820607118168901,mental,main_overlap,posterior_exponent × group
2957,-0.6590650534419391,mental,main_overlap,posterior_exponent × group
2958,-0.2900717840478382,mental,main_overlap,posterior_exponent × group
2959,-0.5272759822755113,mental,main_overlap,posterior_exponent × group
2960,-0.5068105730647603,mental,main_overlap,posterior_exponent × group
2961,-0.6840852708246232,mental,main_overlap,posterior_exponent × group
2962,-0.2690003633442354,mental,main_overlap,posterior_exponent × group
2963,-0.4100763225008054,mental,main_overlap,posterior_exponent × group
2964,-0.5059905152919938,mental,main_overlap,posterior_exponent × group
2965,-0.3662024878596006,mental,main_overlap,posterior_exponent × group
2966,-0.2163891582621668,mental,main_overlap,posterior_exponent × group
2967,-0.4733295587714745,mental,main_overlap,posterior_exponent × group
2968,-0.5870399584914961,mental,main_overlap,posterior_exponent × group
2969,-0.4956572929067734,mental,main_overlap,posterior_exponent × group
2970,-0.4583628562902671,mental,main_overlap,posterior_exponent × group
2971,-0.3664342942400522,mental,main_overlap,posterior_exponent × group
2972,-0.128211486377952,mental,main_overlap,posterior_exponent × group
2973,-0.5138185084855931,mental,main_overlap,posterior_exponent × group
2974,-0.3220327799257809,mental,main_overlap,posterior_exponent × group
2975,-0.5828709508009677,mental,main_overlap,posterior_exponent × group
2976,-0.3495374519560703,mental,main_overlap,posterior_exponent × group
2977,-0.385728304606617,mental,main_overlap,posterior_exponent × group
2978,-0.4700981368023201,mental,main_overlap,posterior_exponent × group
2979,-0.4543032012025069,mental,main_overlap,posterior_exponent × group
2980,-0.3812393669331019,mental,main_overlap,posterior_exponent × group
2981,-0.4229705731694925,mental,main_overlap,posterior_exponent × group
2982,-0.6245771298186951,mental,main_overlap,posterior_exponent × group
2983,-0.6144400739439001,mental,main_overlap,posterior_exponent × group
2984,-0.2136498223272383,mental,main_overlap,posterior_exponent × group
2985,-0.6400422845296697,mental,main_overlap,posterior_exponent × group
2986,-0.3054602005162729,mental,main_overlap,posterior_exponent × group
2987,-0.1409483393746899,mental,main_overlap,posterior_exponent × group
2988,-0.1513102700817532,mental,main_overlap,posterior_exponent × group
2989,-0.6312539676176251,mental,main_overlap,posterior_exponent × group
2990,-0.1231874229871355,mental,main_overlap,posterior_exponent × group
2991,-0.4649978070853841,mental,main_overlap,posterior_exponent × group
2992,-0.6279417223635884,mental,main_overlap,posterior_exponent × group
2993,-0.2975162024798936,mental,main_overlap,posterior_exponent × group
2994,-0.3641426459900778,mental,main_overlap,posterior_exponent × group
2995,-0.3646795124411094,mental,main_overlap,posterior_exponent × group
2996,-0.6715781792105326,mental,main_overlap,posterior_exponent × group
2997,-0.3385223999889346,mental,main_overlap,posterior_exponent × group
2998,-0.0029004708604433,mental,main_overlap,posterior_exponent × group
2999,-0.0594010543205234,mental,main_overlap,posterior_exponent × group
3000,-0.4265745999465842,mental,main_overlap,posterior_exponent × group
3001,-0.4220881232600527,mental,main_overlap,posterior_exponent × group
3002,-0.5846826519475306,mental,main_overlap,posterior_exponent × group
3003,-0.279158845643198,mental,main_overlap,posterior_exponent × group
3004,-0.2917298918186899,mental,main_overlap,posterior_exponent × group
3005,-0.1960897719435016,mental,main_overlap,posterior_exponent × group
3006,-0.1115509843669284,mental,main_overlap,posterior_exponent × group
3007,-0.2838907615876573,mental,main_overlap,posterior_exponent × group
3008,-0.6074167112440464,mental,main_overlap,posterior_exponent × group
3009,-0.4994624397723238,mental,main_overlap,posterior_exponent × group
3010,-0.0913222931306629,mental,main_overlap,posterior_exponent × group
3011,-0.0645976689304749,mental,main_overlap,posterior_exponent × group
3012,-0.0871256019899872,mental,main_overlap,posterior_exponent × group
3013,-0.0966444876038,mental,main_overlap,posterior_exponent × group
3014,-0.1649618043539721,mental,main_overlap,posterior_exponent × group
3015,0.1696260093752406,mental,main_overlap,posterior_exponent × group
3016,-0.4696597314656352,mental,main_overlap,posterior_exponent × group
3017,-0.2152331557691115,mental,main_overlap,posterior_exponent × group
3018,-0.4989885329357776,mental,main_overlap,posterior_exponent × group
3019,-0.4754660573184232,mental,main_overlap,posterior_exponent × group
3020,-0.4672267845258002,mental,main_overlap,posterior_exponent × group
3021,-0.2747404322879458,mental,main_overlap,posterior_exponent × group
3022,-0.475534077861901,mental,main_overlap,posterior_exponent × group
3023,-0.4148682096936485,mental,main_overlap,posterior_exponent × group
3024,-0.5439821998937222,mental,main_overlap,posterior_exponent × group
3025,-0.469094099319398,mental,main_overlap,posterior_exponent × group
3026,-0.6102531974515408,mental,main_overlap,posterior_exponent × group
3027,-0.4757968725691087,mental,main_overlap,posterior_exponent × group
3028,-0.4112176303606224,mental,main_overlap,posterior_exponent × group
3029,-0.195292022626386,mental,main_overlap,posterior_exponent × group
3030,-0.4088711684966557,mental,main_overlap,posterior_exponent × group
3031,-0.9617591724299888,mental,main_overlap,posterior_exponent × group
3032,-0.4438094763938336,mental,main_overlap,posterior_exponent × group
3033,-0.4789220285670849,mental,main_overlap,posterior_exponent × group
3034,-0.1192593222334533,mental,main_overlap,posterior_exponent × group
3035,-0.3515268869569887,mental,main_overlap,posterior_exponent × group
3036,-0.4777812930501525,mental,main_overlap,posterior_exponent × group
3037,-0.5396852197682634,mental,main_overlap,posterior_exponent × group
3038,-0.3931753535661671,mental,main_overlap,posterior_exponent × group
3039,-0.3764514819532313,mental,main_overlap,posterior_exponent × group
3040,-0.2104540300956513,mental,main_overlap,posterior_exponent × group
3041,-0.6363911751304004,mental,main_overlap,posterior_exponent × group
3042,-0.3008961009885681,mental,main_overlap,posterior_exponent × group
3043,-0.7405919067811965,mental,main_overlap,posterior_exponent × group
3044,-0.4639349272215539,mental,main_overlap,posterior_exponent × group
3045,-0.6030059281778694,mental,main_overlap,posterior_exponent × group
3046,0.1586719408658228,mental,main_overlap,posterior_exponent × group
3047,-0.3942329507171977,mental,main_overlap,posterior_exponent × group
3048,-0.5363646703065691,mental,main_overlap,posterior_exponent × group
3049,-0.2738859870679043,mental,main_overlap,posterior_exponent × group
3050,-0.3453040612151158,mental,main_overlap,posterior_exponent × group
3051,-0.2659364317040075,mental,main_overlap,posterior_exponent × group
3052,-0.5631736817351192,mental,main_overlap,posterior_exponent × group
3053,-0.2917803209055289,mental,main_overlap,posterior_exponent × group
3054,-0.0897726443882638,mental,main_overlap,posterior_exponent × group
3055,-0.0236635320170913,mental,main_overlap,posterior_exponent × group
3056,-0.099137797272243,mental,main_overlap,posterior_exponent × group
3057,-0.2687760648830358,mental,main_overlap,posterior_exponent × group
3058,-0.3304691700592932,mental,main_overlap,posterior_exponent × group
3059,0.0844852931162253,mental,main_overlap,posterior_exponent × group
3060,-0.6849949942347398,mental,main_overlap,posterior_exponent × group
3061,-0.6117875633544427,mental,main_overlap,posterior_exponent × group
3062,-0.4242262001403558,mental,main_overlap,posterior_exponent × group
3063,-0.6623670594278567,mental,main_overlap,posterior_exponent × group
3064,-0.7770413474223435,mental,main_overlap,posterior_exponent × group
3065,-0.2360641468993708,mental,main_overlap,posterior_exponent × group
3066,-0.8224115877036887,mental,main_overlap,posterior_exponent × group
3067,-0.6723001209008057,mental,main_overlap,posterior_exponent × group
3068,-0.0726288457648077,mental,main_overlap,posterior_exponent × group
3069,-0.4747637324251799,mental,main_overlap,posterior_exponent × group
3070,-0.2965843996162089,mental,main_overlap,posterior_exponent × group
3071,-0.1229633230027813,mental,main_overlap,posterior_exponent × group
3072,-0.1150670354962811,mental,main_overlap,posterior_exponent × group
3073,-0.3281418607269322,mental,main_overlap,posterior_exponent × group
3074,-0.7052641629362881,mental,main_overlap,posterior_exponent × group
3075,-0.532374392886123,mental,main_overlap,posterior_exponent × group
3076,-0.5055348725564736,mental,main_overlap,posterior_exponent × group
3077,-0.820282090282637,mental,main_overlap,posterior_exponent × group
3078,-0.5931686120828221,mental,main_overlap,posterior_exponent × group
3079,-0.544436854638443,mental,main_overlap,posterior_exponent × group
3080,-0.2260504318971029,mental,main_overlap,posterior_exponent × group
3081,-0.5497067260758622,mental,main_overlap,posterior_exponent × group
3082,-0.3793597823073503,mental,main_overlap,posterior_exponent × group
3083,-0.2498930346816158,mental,main_overlap,posterior_exponent × group
3084,-0.317833588911695,mental,main_overlap,posterior_exponent × group
3085,-0.6755321939118857,mental,main_overlap,posterior_exponent × group
3086,-0.4693147732620903,mental,main_overlap,posterior_exponent × group
3087,-0.5138504719178145,mental,main_overlap,posterior_exponent × group
3088,-0.71052544560168,mental,main_overlap,posterior_exponent × group
3089,-0.4636693590871101,mental,main_overlap,posterior_exponent × group
3090,-0.6204093541478458,mental,main_overlap,posterior_exponent × group
3091,-0.3223261906058826,mental,main_overlap,posterior_exponent × group
3092,-0.8294116131281751,mental,main_overlap,posterior_exponent × group
3093,-0.5930209090083853,mental,main_overlap,posterior_exponent × group
3094,-0.3497661531213372,mental,main_overlap,posterior_exponent × group
3095,-0.452246015454805,mental,main_overlap,posterior_exponent × group
3096,-0.4919820768559786,mental,main_overlap,posterior_exponent × group
3097,-0.5221901932432773,mental,main_overlap,posterior_exponent × group
3098,-0.1776320792547223,mental,main_overlap,posterior_exponent × group
3099,-0.3072877391499654,mental,main_overlap,posterior_exponent × group
3100,-0.8456183662234156,mental,main_overlap,posterior_exponent × group
3101,-0.5262232491622281,mental,main_overlap,posterior_exponent × group
3102,-0.2667066197732667,mental,main_overlap,posterior_exponent × group
3103,-0.4027950944828807,mental,main_overlap,posterior_exponent × group
3104,-0.7478765106067712,mental,main_overlap,posterior_exponent × group
3105,-0.1942939007845896,mental,main_overlap,posterior_exponent × group
3106,-0.2061200239666653,mental,main_overlap,posterior_exponent × group
3107,-0.3740730069644866,mental,main_overlap,posterior_exponent × group
3108,-0.4648771465494986,mental,main_overlap,posterior_exponent × group
3109,-0.2749516554070495,mental,main_overlap,posterior_exponent × group
3110,-0.403972692617285,mental,main_overlap,posterior_exponent × group
3111,-0.1977745683427638,mental,main_overlap,posterior_exponent × group
3112,-0.2980754793565966,mental,main_overlap,posterior_exponent × group
3113,-0.2883976136733631,mental,main_overlap,posterior_exponent × group
3114,-0.5274405533688143,mental,main_overlap,posterior_exponent × group
3115,-0.2382276099655664,mental,main_overlap,posterior_exponent × group
3116,-0.2494938020757386,mental,main_overlap,posterior_exponent × group
3117,-0.1910085421374238,mental,main_overlap,posterior_exponent × group
3118,-0.3745123355413439,mental,main_overlap,posterior_exponent × group
3119,-0.5216676111018581,mental,main_overlap,posterior_exponent × group
3120,-0.4253133583692122,mental,main_overlap,posterior_exponent × group
3121,-0.4082310050662527,mental,main_overlap,posterior_exponent × group
3122,-0.4939727200740165,mental,main_overlap,posterior_exponent × group
3123,-0.3518078023039729,mental,main_overlap,posterior_exponent × group
3124,-0.210382822178402,mental,main_overlap,posterior_exponent × group
3125,-0.5563246680820848,mental,main_overlap,posterior_exponent × group
3126,-0.1191105410498617,mental,main_overlap,posterior_exponent × group
3127,-0.5456804291851043,mental,main_overlap,posterior_exponent × group
3128,-0.6662578592356603,mental,main_overlap,posterior_exponent × group
3129,-0.5735598470705027,mental,main_overlap,posterior_exponent × group
3130,-0.0931582950845932,mental,main_overlap,posterior_exponent × group
3131,-0.190578606669785,mental,main_overlap,posterior_exponent × group
3132,-0.4362695696254229,mental,main_overlap,posterior_exponent × group
3133,-0.6996651845462281,mental,main_overlap,posterior_exponent × group
3134,-0.706727680675923,mental,main_overlap,posterior_exponent × group
3135,-0.1024709290110854,mental,main_overlap,posterior_exponent × group
3136,-0.2065741505291022,mental,main_overlap,posterior_exponent × group
3137,-0.3294332971731804,mental,main_overlap,posterior_exponent × group
3138,-0.52271780897592,mental,main_overlap,posterior_exponent × group
3139,-0.3811136528351186,mental,main_overlap,posterior_exponent × group
3140,-0.4316134001817521,mental,main_overlap,posterior_exponent × group
3141,-0.2517717199753905,mental,main_overlap,posterior_exponent × group
3142,-0.552018589246633,mental,main_overlap,posterior_exponent × group
3143,-0.979181580987755,mental,main_overlap,posterior_exponent × group
3144,-0.7184477402047085,mental,main_overlap,posterior_exponent × group
3145,-0.018818106043454,mental,main_overlap,posterior_exponent × group
3146,-0.3372286044838542,mental,main_overlap,posterior_exponent × group
3147,-0.4685527920264268,mental,main_overlap,posterior_exponent × group
3148,-0.2302295415866094,mental,main_overlap,posterior_exponent × group
3149,-0.4207672602632306,mental,main_overlap,posterior_exponent × group
3150,-0.3989015883379302,mental,main_overlap,posterior_exponent × group
3151,-0.6647973588184475,mental,main_overlap,posterior_exponent × group
3152,-0.2185291309583285,mental,main_overlap,posterior_exponent × group
3153,-0.3275234604380428,mental,main_overlap,posterior_exponent × group
3154,-0.213504044166162,mental,main_overlap,posterior_exponent × group
3155,-0.4321111408343276,mental,main_overlap,posterior_exponent × group
3156,-0.365014316932305,mental,main_overlap,posterior_exponent × group
3157,-0.5929196294284357,mental,main_overlap,posterior_exponent × group
3158,-0.5463738492889955,mental,main_overlap,posterior_exponent × group
3159,-0.2168991248742034,mental,main_overlap,posterior_exponent × group
3160,-0.3490532230371395,mental,main_overlap,posterior_exponent × group
3161,-0.2132148816655703,mental,main_overlap,posterior_exponent × group
3162,-0.1954429227539129,mental,main_overlap,posterior_exponent × group
3163,-0.6500393862887917,mental,main_overlap,posterior_exponent × group
3164,-0.1494125005632751,mental,main_overlap,posterior_exponent × group
3165,-0.4687574733999367,mental,main_overlap,posterior_exponent × group
3166,-0.4961660074411821,mental,main_overlap,posterior_exponent × group
3167,-0.8733674939196546,mental,main_overlap,posterior_exponent × group
3168,-0.0848035179716524,mental,main_overlap,posterior_exponent × group
3169,-0.5195940524979499,mental,main_overlap,posterior_exponent × group
3170,-0.470510351730583,mental,main_overlap,posterior_exponent × group
3171,-0.3856171364524337,mental,main_overlap,posterior_exponent × group
3172,-0.2286333448986891,mental,main_overlap,posterior_exponent × group
3173,-0.4685468282688215,mental,main_overlap,posterior_exponent × group
3174,-0.4937630615871066,mental,main_overlap,posterior_exponent × group
3175,-0.2804365253380581,mental,main_overlap,posterior_exponent × group
3176,-0.6071471968895826,mental,main_overlap,posterior_exponent × group
3177,-0.2149594017109906,mental,main_overlap,posterior_exponent × group
3178,-0.0757314848720126,mental,main_overlap,posterior_exponent × group
3179,-0.6923109673699863,mental,main_overlap,posterior_exponent × group
3180,-0.5650452785476402,mental,main_overlap,posterior_exponent × group
3181,-0.2536199088267151,mental,main_overlap,posterior_exponent × group
3182,-0.2376620159981642,mental,main_overlap,posterior_exponent × group
3183,-0.1568495178942821,mental,main_overlap,posterior_exponent × group
3184,-0.4952708526283015,mental,main_overlap,posterior_exponent × group
3185,-0.6762258730005413,mental,main_overlap,posterior_exponent × group
3186,-0.538345882446644,mental,main_overlap,posterior_exponent × group
3187,-0.7246035013790745,mental,main_overlap,posterior_exponent × group
3188,-0.171849303253662,mental,main_overlap,posterior_exponent × group
3189,-0.2462216967770828,mental,main_overlap,posterior_exponent × group
3190,-0.5468416047926414,mental,main_overlap,posterior_exponent × group
3191,-0.653670031609387,mental,main_overlap,posterior_exponent × group
3192,-0.2944825107973792,mental,main_overlap,posterior_exponent × group
3193,-0.5989408360789219,mental,main_overlap,posterior_exponent × group
3194,-0.7714573274445903,mental,main_overlap,posterior_exponent × group
3195,-0.4134064237242075,mental,main_overlap,posterior_exponent × group
3196,-0.4039584890978768,mental,main_overlap,posterior_exponent × group
3197,-0.269741322417821,mental,main_overlap,posterior_exponent × group
3198,-0.1363785902616682,mental,main_overlap,posterior_exponent × group
3199,-0.4628192165825116,mental,main_overlap,posterior_exponent × group
3200,-0.5424237975762551,mental,main_overlap,posterior_exponent × group
3201,-0.7671623950028994,mental,main_overlap,posterior_exponent × group
3202,-0.3541532264164752,mental,main_overlap,posterior_exponent × group
3203,-0.0680431930041872,mental,main_overlap,posterior_exponent × group
3204,-0.5739914565326318,mental,main_overlap,posterior_exponent × group
3205,-0.5152189802169914,mental,main_overlap,posterior_exponent × group
3206,-0.005807059382621,mental,main_overlap,posterior_exponent × group
3207,-0.5757906323739853,mental,main_overlap,posterior_exponent × group
3208,-0.2892562791958821,mental,main_overlap,posterior_exponent × group
3209,-0.4497214267962662,mental,main_overlap,posterior_exponent × group
3210,-0.8235570067714794,mental,main_overlap,posterior_exponent × group
3211,-0.3775629145969442,mental,main_overlap,posterior_exponent × group
3212,-0.3078900977507864,mental,main_overlap,posterior_exponent × group
3213,-0.4032508593986107,mental,main_overlap,posterior_exponent × group
3214,-0.1412798717290592,mental,main_overlap,posterior_exponent × group
3215,-0.502112622878827,mental,main_overlap,posterior_exponent × group
3216,-0.2818305807242845,mental,main_overlap,posterior_exponent × group
3217,-0.564414176544407,mental,main_overlap,posterior_exponent × group
3218,-0.4757617382610171,mental,main_overlap,posterior_exponent × group
3219,-0.4709188745183891,mental,main_overlap,posterior_exponent × group
3220,-0.3971956809305949,mental,main_overlap,posterior_exponent × group
3221,-0.1197399403269992,mental,main_overlap,posterior_exponent × group
3222,-0.336382637407911,mental,main_overlap,posterior_exponent × group
3223,-0.3259328337686436,mental,main_overlap,posterior_exponent × group
3224,-0.5552448162380228,mental,main_overlap,posterior_exponent × group
3225,-0.5501670923147549,mental,main_overlap,posterior_exponent × group
3226,-0.5010509734636055,mental,main_overlap,posterior_exponent × group
3227,-0.3098689139006931,mental,main_overlap,posterior_exponent × group
3228,-0.1435849386651705,mental,main_overlap,posterior_exponent × group
3229,-0.5906148466427235,mental,main_overlap,posterior_exponent × group
3230,-0.2804136442889903,mental,main_overlap,posterior_exponent × group
3231,-0.5712658877899811,mental,main_overlap,posterior_exponent × group
3232,-0.3824326551808883,mental,main_overlap,posterior_exponent × group
3233,0.0791209997845017,mental,main_overlap,posterior_exponent × group
3234,-0.23637144005764,mental,main_overlap,posterior_exponent × group
3235,-0.3587589331948789,mental,main_overlap,posterior_exponent × group
3236,-0.6803297010292931,mental,main_overlap,posterior_exponent × group
3237,-0.3041143652021263,mental,main_overlap,posterior_exponent × group
3238,-0.5248127800558795,mental,main_overlap,posterior_exponent × group
3239,-0.4494247765297291,mental,main_overlap,posterior_exponent × group
3240,-0.2169133626536485,mental,main_overlap,posterior_exponent × group
3241,-0.8620551900375562,mental,main_overlap,posterior_exponent × group
3242,-0.5364585551962467,mental,main_overlap,posterior_exponent × group
3243,-0.4918763611194584,mental,main_overlap,posterior_exponent × group
3244,-0.698955240814214,mental,main_overlap,posterior_exponent × group
3245,-0.596303681413938,mental,main_overlap,posterior_exponent × group
3246,-0.51725314496977,mental,main_overlap,posterior_exponent × group
3247,-0.5513765719435731,mental,main_overlap,posterior_exponent × group
3248,-0.5131010425256484,mental,main_overlap,posterior_exponent × group
3249,-0.4544277388884098,mental,main_overlap,posterior_exponent × group
3250,-0.4655938370772424,mental,main_overlap,posterior_exponent × group
3251,-0.6378711494368523,mental,main_overlap,posterior_exponent × group
3252,-0.2922392769096391,mental,main_overlap,posterior_exponent × group
3253,-0.4396725945380316,mental,main_overlap,posterior_exponent × group
3254,-0.4282805048702772,mental,main_overlap,posterior_exponent × group
3255,-0.1121960593815074,mental,main_overlap,posterior_exponent × group
3256,0.0470709422565802,mental,main_overlap,posterior_exponent × group
3257,-0.3216494909211932,mental,main_overlap,posterior_exponent × group
3258,-0.5663386797607523,mental,main_overlap,posterior_exponent × group
3259,-0.4366674666075105,mental,main_overlap,posterior_exponent × group
3260,-0.577613260854238,mental,main_overlap,posterior_exponent × group
3261,-0.5141842294016542,mental,main_overlap,posterior_exponent × group
3262,-0.3806207131480926,mental,main_overlap,posterior_exponent × group
3263,-0.1949281965512689,mental,main_overlap,posterior_exponent × group
3264,-0.4522181486545516,mental,main_overlap,posterior_exponent × group
3265,-0.2807372373940005,mental,main_overlap,posterior_exponent × group
3266,-0.5277505176820781,mental,main_overlap,posterior_exponent × group
3267,-0.4144080877608012,mental,main_overlap,posterior_exponent × group
3268,-0.5422316265801758,mental,main_overlap,posterior_exponent × group
3269,-0.4584006039319753,mental,main_overlap,posterior_exponent × group
3270,-0.3483140291857564,mental,main_overlap,posterior_exponent × group
3271,-0.2762227861251047,mental,main_overlap,posterior_exponent × group
3272,-0.2156337197785867,mental,main_overlap,posterior_exponent × group
3273,-0.3932170308653367,mental,main_overlap,posterior_exponent × group
3274,-0.3984845917565339,mental,main_overlap,posterior_exponent × group
3275,-0.1974767267640576,mental,main_overlap,posterior_exponent × group
3276,-0.6218480366423682,mental,main_overlap,posterior_exponent × group
3277,-0.4071646647489436,mental,main_overlap,posterior_exponent × group
3278,-0.439627296361215,mental,main_overlap,posterior_exponent × group
3279,-0.3441304800806454,mental,main_overlap,posterior_exponent × group
3280,-0.5938041821784334,mental,main_overlap,posterior_exponent × group
3281,-0.3073177910480111,mental,main_overlap,posterior_exponent × group
3282,-0.4582904650311487,mental,main_overlap,posterior_exponent × group
3283,-0.5424284231999916,mental,main_overlap,posterior_exponent × group
3284,-0.1615621761994735,mental,main_overlap,posterior_exponent × group
3285,-0.1630167005861166,mental,main_overlap,posterior_exponent × group
3286,-0.1530815717709012,mental,main_overlap,posterior_exponent × group
3287,-0.5899981480693803,mental,main_overlap,posterior_exponent × group
3288,-0.4189715382800172,mental,main_overlap,posterior_exponent × group
3289,-0.4314091045013555,mental,main_overlap,posterior_exponent × group
3290,-0.4028187038180744,mental,main_overlap,posterior_exponent × group
3291,-0.5524551490516821,mental,main_overlap,posterior_exponent × group
3292,-0.2745441235199536,mental,main_overlap,posterior_exponent × group
3293,-0.4690630196541802,mental,main_overlap,posterior_exponent × group
3294,-0.2728077033738826,mental,main_overlap,posterior_exponent × group
3295,-0.5210936352801893,mental,main_overlap,posterior_exponent × group
3296,-0.4364842345441539,mental,main_overlap,posterior_exponent × group
3297,-0.4357944343168347,mental,main_overlap,posterior_exponent × group
3298,-0.7001674598647244,mental,main_overlap,posterior_exponent × group
3299,-0.5664856016581739,mental,main_overlap,posterior_exponent × group
3300,-0.4229228373276988,mental,main_overlap,posterior_exponent × group
3301,-0.1966329849300336,mental,main_overlap,posterior_exponent × group
3302,-0.3506286642616033,mental,main_overlap,posterior_exponent × group
3303,-0.2009754752405815,mental,main_overlap,posterior_exponent × group
3304,-0.4923795662680099,mental,main_overlap,posterior_exponent × group
3305,-0.3193178617614343,mental,main_overlap,posterior_exponent × group
3306,-0.4058832576630666,mental,main_overlap,posterior_exponent × group
3307,-0.4294957027587703,mental,main_overlap,posterior_exponent × group
3308,-0.6309704313277422,mental,main_overlap,posterior_exponent × group
3309,-0.4369157961265704,mental,main_overlap,posterior_exponent × group
3310,-0.2231870901503202,mental,main_overlap,posterior_exponent × group
3311,-0.6338605725680565,mental,main_overlap,posterior_exponent × group
3312,-0.2516256725950896,mental,main_overlap,posterior_exponent × group
3313,-0.1508107355601018,mental,main_overlap,posterior_exponent × group
3314,-0.6861074895235819,mental,main_overlap,posterior_exponent × group
3315,-0.7367182748405969,mental,main_overlap,posterior_exponent × group
3316,-0.379505281995676,mental,main_overlap,posterior_exponent × group
3317,-0.5587663901097049,mental,main_overlap,posterior_exponent × group
3318,-0.2850498691777727,mental,main_overlap,posterior_exponent × group
3319,-0.3162443127591504,mental,main_overlap,posterior_exponent × group
3320,-0.7092897667185724,mental,main_overlap,posterior_exponent × group
3321,-0.4992287931451287,mental,main_overlap,posterior_exponent × group
3322,-0.5875534558898184,mental,main_overlap,posterior_exponent × group
3323,-0.410003540960926,mental,main_overlap,posterior_exponent × group
3324,-0.2897009269620085,mental,main_overlap,posterior_exponent × group
3325,-0.1958094831680341,mental,main_overlap,posterior_exponent × group
3326,-0.1416329083190971,mental,main_overlap,posterior_exponent × group
3327,-0.4895790909131289,mental,main_overlap,posterior_exponent × group
3328,-0.3160378728394678,mental,main_overlap,posterior_exponent × group
3329,-0.5153911176266448,mental,main_overlap,posterior_exponent × group
3330,-0.1742916657335152,mental,main_overlap,posterior_exponent × group
3331,0.3652241579169478,mental,main_overlap,posterior_exponent × group
3332,-0.4087363074486089,mental,main_overlap,posterior_exponent × group
3333,-0.2213495795862826,mental,main_overlap,posterior_exponent × group
3334,-0.2390933503001796,mental,main_overlap,posterior_exponent × group
3335,-0.5885531255864734,mental,main_overlap,posterior_exponent × group
3336,0.2217217146936554,mental,main_overlap,posterior_exponent × group
3337,-0.4008740950621793,mental,main_overlap,posterior_exponent × group
3338,-0.4646225597596246,mental,main_overlap,posterior_exponent × group
3339,-0.4551419135651669,mental,main_overlap,posterior_exponent × group
3340,-0.4817614680231399,mental,main_overlap,posterior_exponent × group
3341,-0.6525534518769015,mental,main_overlap,posterior_exponent × group
3342,-0.5786698882990252,mental,main_overlap,posterior_exponent × group
3343,-0.4879472011081252,mental,main_overlap,posterior_exponent × group
3344,-0.754855900362871,mental,main_overlap,posterior_exponent × group
3345,-0.2443076701090222,mental,main_overlap,posterior_exponent × group
3346,-0.4599362883869274,mental,main_overlap,posterior_exponent × group
3347,-0.468891612078139,mental,main_overlap,posterior_exponent × group
3348,-0.1266047060686863,mental,main_overlap,posterior_exponent × group
3349,-0.5806162468974116,mental,main_overlap,posterior_exponent × group
3350,-0.0460560257238529,mental,main_overlap,posterior_exponent × group
3351,-0.4058807698076728,mental,main_overlap,posterior_exponent × group
3352,-0.7875256844022221,mental,main_overlap,posterior_exponent × group
3353,-0.6435135547887565,mental,main_overlap,posterior_exponent × group
3354,-0.7781597495681707,mental,main_overlap,posterior_exponent × group
3355,-0.4639984745433226,mental,main_overlap,posterior_exponent × group
3356,-0.7016859215021852,mental,main_overlap,posterior_exponent × group
3357,-0.335784712273998,mental,main_overlap,posterior_exponent × group
3358,-0.2582179092610521,mental,main_overlap,posterior_exponent × group
3359,-0.0704553285519049,mental,main_overlap,posterior_exponent × group
3360,-0.3556240316397522,mental,main_overlap,posterior_exponent × group
3361,-0.1628795509708693,mental,main_overlap,posterior_exponent × group
3362,0.0295572745802416,mental,main_overlap,posterior_exponent × group
3363,-0.6505172180183183,mental,main_overlap,posterior_exponent × group
3364,-0.4850555313863696,mental,main_overlap,posterior_exponent × group
3365,-0.1829708027135397,mental,main_overlap,posterior_exponent × group
3366,-0.4478663528920924,mental,main_overlap,posterior_exponent × group
3367,-0.1037168692849775,mental,main_overlap,posterior_exponent × group
3368,-0.0636900055797612,mental,main_overlap,posterior_exponent × group
3369,0.0223276928191966,mental,main_overlap,posterior_exponent × group
3370,-0.3442095320535195,mental,main_overlap,posterior_exponent × group
3371,-0.332189704929986,mental,main_overlap,posterior_exponent × group
3372,-0.7555254646669161,mental,main_overlap,posterior_exponent × group
3373,-0.7484076820921834,mental,main_overlap,posterior_exponent × group
3374,-0.473603997318185,mental,main_overlap,posterior_exponent × group
3375,-0.1320771327445428,mental,main_overlap,posterior_exponent × group
3376,-0.8519327359675223,mental,main_overlap,posterior_exponent × group
3377,-0.2929580006753301,mental,main_overlap,posterior_exponent × group
3378,-0.7041701988370076,mental,main_overlap,posterior_exponent × group
3379,-0.3380354209073128,mental,main_overlap,posterior_exponent × group
3380,-0.0988780338122835,mental,main_overlap,posterior_exponent × group
3381,-0.329189054367505,mental,main_overlap,posterior_exponent × group
3382,-0.170703522034561,mental,main_overlap,posterior_exponent × group
3383,-0.4188858879783282,mental,main_overlap,posterior_exponent × group
3384,-0.6443959624521434,mental,main_overlap,posterior_exponent × group
3385,-0.1132635634782889,mental,main_overlap,posterior_exponent × group
3386,-0.2304297999571297,mental,main_overlap,posterior_exponent × group
3387,-0.4802482609201489,mental,main_overlap,posterior_exponent × group
3388,-0.567893040889158,mental,main_overlap,posterior_exponent × group
3389,-0.0360893297651213,mental,main_overlap,posterior_exponent × group
3390,0.0807150292413381,mental,main_overlap,posterior_exponent × group
3391,-0.2693482168348284,mental,main_overlap,posterior_exponent × group
3392,-0.7788893205896074,mental,main_overlap,posterior_exponent × group
3393,-0.4504769526321621,mental,main_overlap,posterior_exponent × group
3394,-0.4713617088568957,mental,main_overlap,posterior_exponent × group
3395,-0.7147074381847993,mental,main_overlap,posterior_exponent × group
3396,-0.4788561872535822,mental,main_overlap,posterior_exponent × group
3397,-0.72140566647736,mental,main_overlap,posterior_exponent × group
3398,-0.7363230519174115,mental,main_overlap,posterior_exponent × group
3399,-0.5644719739629609,mental,main_overlap,posterior_exponent × group
3400,-0.0120206977252559,mental,main_overlap,posterior_exponent × group
3401,-0.3997898637057566,mental,main_overlap,posterior_exponent × group
3402,-0.4483212584478868,mental,main_overlap,posterior_exponent × group
3403,-0.2947324219759376,mental,main_overlap,posterior_exponent × group
3404,-0.4348380932181942,mental,main_overlap,posterior_exponent × group
3405,-0.2570925508450485,mental,main_overlap,posterior_exponent × group
3406,-0.1851951960612794,mental,main_overlap,posterior_exponent × group
3407,-0.439812145580873,mental,main_overlap,posterior_exponent × group
3408,-0.0217965721390873,mental,main_overlap,posterior_exponent × group
3409,-0.2304895745316725,mental,main_overlap,posterior_exponent × group
3410,-0.4657959152315997,mental,main_overlap,posterior_exponent × group
3411,-0.303305300626855,mental,main_overlap,posterior_exponent × group
3412,-0.374235425012952,mental,main_overlap,posterior_exponent × group
3413,-0.7408891206851995,mental,main_overlap,posterior_exponent × group
3414,-0.6597572719124164,mental,main_overlap,posterior_exponent × group
3415,-0.7984099637930778,mental,main_overlap,posterior_exponent × group
3416,-0.2613728674760633,mental,main_overlap,posterior_exponent × group
3417,-0.6222416512247534,mental,main_overlap,posterior_exponent × group
3418,-0.3779756167861815,mental,main_overlap,posterior_exponent × group
3419,-0.3055608614028647,mental,main_overlap,posterior_exponent × group
3420,-0.3625722264584609,mental,main_overlap,posterior_exponent × group
3421,-0.1364598633745904,mental,main_overlap,posterior_exponent × group
3422,-0.5074231403698467,mental,main_overlap,posterior_exponent × group
3423,-0.2253651392135368,mental,main_overlap,posterior_exponent × group
3424,-0.5978580021808999,mental,main_overlap,posterior_exponent × group
3425,-0.2450835435948428,mental,main_overlap,posterior_exponent × group
3426,-0.2301121241198398,mental,main_overlap,posterior_exponent × group
3427,-0.4664223666399999,mental,main_overlap,posterior_exponent × group
3428,-0.3557086377623098,mental,main_overlap,posterior_exponent × group
3429,-0.1441173475293196,mental,main_overlap,posterior_exponent × group
3430,-0.0487304711809862,mental,main_overlap,posterior_exponent × group
3431,-0.2503906024280209,mental,main_overlap,posterior_exponent × group
3432,-0.0623935444596305,mental,main_overlap,posterior_exponent × group
3433,-0.3554195766331186,mental,main_overlap,posterior_exponent × group
3434,-0.4745815201722017,mental,main_overlap,posterior_exponent × group
3435,-0.6965195440441874,mental,main_overlap,posterior_exponent × group
3436,-0.3116350566379081,mental,main_overlap,posterior_exponent × group
3437,-0.4790108915788088,mental,main_overlap,posterior_exponent × group
3438,-0.4704013707530178,mental,main_overlap,posterior_exponent × group
3439,-0.1106351364554665,mental,main_overlap,posterior_exponent × group
3440,-0.3649301777753558,mental,main_overlap,posterior_exponent × group
3441,-0.2592929369542115,mental,main_overlap,posterior_exponent × group
3442,-0.6069125719280216,mental,main_overlap,posterior_exponent × group
3443,-0.3754902458361628,mental,main_overlap,posterior_exponent × group
3444,-0.5016620702367408,mental,main_overlap,posterior_exponent × group
3445,-0.5957906601780262,mental,main_overlap,posterior_exponent × group
3446,-0.4018670398112806,mental,main_overlap,posterior_exponent × group
3447,-0.2591088095025354,mental,main_overlap,posterior_exponent × group
3448,-0.0707383857992246,mental,main_overlap,posterior_exponent × group
3449,-0.4488350080443731,mental,main_overlap,posterior_exponent × group
3450,-0.359665714760664,mental,main_overlap,posterior_exponent × group
3451,-0.457809092334782,mental,main_overlap,posterior_exponent × group
3452,-0.477381173953416,mental,main_overlap,posterior_exponent × group
3453,-0.4817473751664256,mental,main_overlap,posterior_exponent × group
3454,-0.4159131367841651,mental,main_overlap,posterior_exponent × group
3455,-0.330429316365656,mental,main_overlap,posterior_exponent × group
3456,-0.0913204659062255,mental,main_overlap,posterior_exponent × group
3457,-0.4201773815996271,mental,main_overlap,posterior_exponent × group
3458,-0.1481537116926938,mental,main_overlap,posterior_exponent × group
3459,-0.3229160208204269,mental,main_overlap,posterior_exponent × group
3460,-0.5977316464600746,mental,main_overlap,posterior_exponent × group
3461,-0.4557107218004186,mental,main_overlap,posterior_exponent × group
3462,-0.69601569339155,mental,main_overlap,posterior_exponent × group
3463,-0.7054553987619315,mental,main_overlap,posterior_exponent × group
3464,-0.5594326252600216,mental,main_overlap,posterior_exponent × group
3465,-0.8912847475696221,mental,main_overlap,posterior_exponent × group
3466,-0.5166636130879175,mental,main_overlap,posterior_exponent × group
3467,-0.4815169651053003,mental,main_overlap,posterior_exponent × group
3468,-0.5200388909968929,mental,main_overlap,posterior_exponent × group
3469,-0.4632567920801372,mental,main_overlap,posterior_exponent × group
3470,-0.5163977762450841,mental,main_overlap,posterior_exponent × group
3471,-0.2693151285311155,mental,main_overlap,posterior_exponent × group
3472,-0.1999746253229787,mental,main_overlap,posterior_exponent × group
3473,-0.3126156670128234,mental,main_overlap,posterior_exponent × group
3474,-0.4698483556014514,mental,main_overlap,posterior_exponent × group
3475,-0.4160341105520235,mental,main_overlap,posterior_exponent × group
3476,-0.4774575329380957,mental,main_overlap,posterior_exponent × group
3477,-0.4888559874709975,mental,main_overlap,posterior_exponent × group
3478,-0.2609006502068127,mental,main_overlap,posterior_exponent × group
3479,-0.3538110408462627,mental,main_overlap,posterior_exponent × group
3480,-0.2752835995682197,mental,main_overlap,posterior_exponent × group
3481,-0.6001906374079884,mental,main_overlap,posterior_exponent × group
3482,-0.4688067289968849,mental,main_overlap,posterior_exponent × group
3483,-0.6942894092839282,mental,main_overlap,posterior_exponent × group
3484,0.0770115029027507,mental,main_overlap,posterior_exponent × group
3485,-0.733222181507248,mental,main_overlap,posterior_exponent × group
3486,-0.3682845382505523,mental,main_overlap,posterior_exponent × group
3487,-0.4205120416549298,mental,main_overlap,posterior_exponent × group
3488,-0.7581905280999819,mental,main_overlap,posterior_exponent × group
3489,-0.5148213635669836,mental,main_overlap,posterior_exponent × group
3490,-0.5466572698569679,mental,main_overlap,posterior_exponent × group
3491,-0.6420985522543412,mental,main_overlap,posterior_exponent × group
3492,-0.7323889341582794,mental,main_overlap,posterior_exponent × group
3493,-0.5502007783664166,mental,main_overlap,posterior_exponent × group
3494,-0.2405285588283864,mental,main_overlap,posterior_exponent × group
3495,-0.5251594549287248,mental,main_overlap,posterior_exponent × group
3496,-0.5515628030426284,mental,main_overlap,posterior_exponent × group
3497,-0.5827132893495788,mental,main_overlap,posterior_exponent × group
3498,-0.4636526896352945,mental,main_overlap,posterior_exponent × group
3499,-0.4429960122051847,mental,main_overlap,posterior_exponent × group
3500,-0.4396980116434525,mental,main_overlap,posterior_exponent × group
3501,-0.3942284627723805,mental,main_overlap,posterior_exponent × group
3502,-0.5187604789853355,mental,main_overlap,posterior_exponent × group
3503,-0.7746344107535489,mental,main_overlap,posterior_exponent × group
3504,-0.3935588777682458,mental,main_overlap,posterior_exponent × group
3505,-0.489327274983112,mental,main_overlap,posterior_exponent × group
3506,-0.1792630895724532,mental,main_overlap,posterior_exponent × group
3507,-0.3541347356164726,mental,main_overlap,posterior_exponent × group
3508,-0.1654373240278037,mental,main_overlap,posterior_exponent × group
3509,-0.4692205387276899,mental,main_overlap,posterior_exponent × group
3510,-0.5828956325943654,mental,main_overlap,posterior_exponent × group
3511,-0.076202687157169,mental,main_overlap,posterior_exponent × group
3512,-0.3963820773179837,mental,main_overlap,posterior_exponent × group
3513,0.0630600031823638,mental,main_overlap,posterior_exponent × group
3514,-0.2476650242579703,mental,main_overlap,posterior_exponent × group
3515,-0.6659259985337649,mental,main_overlap,posterior_exponent × group
3516,-0.0339332307210322,mental,main_overlap,posterior_exponent × group
3517,-0.2881185928854275,mental,main_overlap,posterior_exponent × group
3518,-0.6861739566785606,mental,main_overlap,posterior_exponent × group
3519,-0.366124215444445,mental,main_overlap,posterior_exponent × group
3520,-0.3886039717989343,mental,main_overlap,posterior_exponent × group
3521,-0.4678832572059972,mental,main_overlap,posterior_exponent × group
3522,-0.2787168037322125,mental,main_overlap,posterior_exponent × group
3523,-0.5574758309868837,mental,main_overlap,posterior_exponent × group
3524,-0.2825581530649022,mental,main_overlap,posterior_exponent × group
3525,-0.6176031148269917,mental,main_overlap,posterior_exponent × group
3526,-0.3957026593588048,mental,main_overlap,posterior_exponent × group
3527,-0.3696547175805307,mental,main_overlap,posterior_exponent × group
3528,-0.0222291800365234,mental,main_overlap,posterior_exponent × group
3529,-0.483279476323175,mental,main_overlap,posterior_exponent × group
3530,-0.7229254991106739,mental,main_overlap,posterior_exponent × group
3531,-0.2535579498615738,mental,main_overlap,posterior_exponent × group
3532,-0.5468837372117287,mental,main_overlap,posterior_exponent × group
3533,-0.4433658734459898,mental,main_overlap,posterior_exponent × group
3534,-0.0708991193979676,mental,main_overlap,posterior_exponent × group
3535,-0.2875635931355094,mental,main_overlap,posterior_exponent × group
3536,-0.3088447774489111,mental,main_overlap,posterior_exponent × group
3537,-0.8061231044949003,mental,main_overlap,posterior_exponent × group
3538,-0.467149411445961,mental,main_overlap,posterior_exponent × group
3539,-0.3353579014493563,mental,main_overlap,posterior_exponent × group
3540,-0.363222436415013,mental,main_overlap,posterior_exponent × group
3541,-0.6015058401308745,mental,main_overlap,posterior_exponent × group
3542,-0.2578934009266009,mental,main_overlap,posterior_exponent × group
3543,-0.3982034974107004,mental,main_overlap,posterior_exponent × group
3544,-0.6317453832855839,mental,main_overlap,posterior_exponent × group
3545,-0.7391785382284073,mental,main_overlap,posterior_exponent × group
3546,-0.7257629315570041,mental,main_overlap,posterior_exponent × group
3547,-0.4881588417562065,mental,main_overlap,posterior_exponent × group
3548,-0.0047908221685221,mental,main_overlap,posterior_exponent × group
3549,-0.8017098362677352,mental,main_overlap,posterior_exponent × group
3550,-0.1794356926344308,mental,main_overlap,posterior_exponent × group
3551,-0.1177019096507508,mental,main_overlap,posterior_exponent × group
3552,-0.5142111659854846,mental,main_overlap,posterior_exponent × group
3553,-0.0523160261284588,mental,main_overlap,posterior_exponent × group
3554,-0.6588253270625408,mental,main_overlap,posterior_exponent × group
3555,-0.2022507005927212,mental,main_overlap,posterior_exponent × group
3556,-0.735766211896357,mental,main_overlap,posterior_exponent × group
3557,-0.3803143960557086,mental,main_overlap,posterior_exponent × group
3558,-0.4472126267827941,mental,main_overlap,posterior_exponent × group
3559,-0.4079884386844423,mental,main_overlap,posterior_exponent × group
3560,-0.4566314666292316,mental,main_overlap,posterior_exponent × group
3561,-0.4633516741941083,mental,main_overlap,posterior_exponent × group
3562,-0.4965795799639978,mental,main_overlap,posterior_exponent × group
3563,-0.085341677324116,mental,main_overlap,posterior_exponent × group
3564,-0.0678439271070398,mental,main_overlap,posterior_exponent × group
3565,-0.5159020247358682,mental,main_overlap,posterior_exponent × group
3566,-0.3671792044090111,mental,main_overlap,posterior_exponent × group
3567,-0.4976999117734793,mental,main_overlap,posterior_exponent × group
3568,-0.7306294690845901,mental,main_overlap,posterior_exponent × group
3569,-0.5388807606374547,mental,main_overlap,posterior_exponent × group
3570,-0.2184583991981818,mental,main_overlap,posterior_exponent × group
3571,-0.1725405946268207,mental,main_overlap,posterior_exponent × group
3572,-0.4190077516319329,mental,main_overlap,posterior_exponent × group
3573,-0.3954619342017067,mental,main_overlap,posterior_exponent × group
3574,-0.1195090759829819,mental,main_overlap,posterior_exponent × group
3575,-0.2957419879286933,mental,main_overlap,posterior_exponent × group
3576,-0.5928900479486673,mental,main_overlap,posterior_exponent × group
3577,-0.7089281256684964,mental,main_overlap,posterior_exponent × group
3578,-0.3688295073894334,mental,main_overlap,posterior_exponent × group
3579,-0.1541435855931777,mental,main_overlap,posterior_exponent × group
3580,-0.576480871396087,mental,main_overlap,posterior_exponent × group
3581,-0.2834893010759268,mental,main_overlap,posterior_exponent × group
3582,-0.3090378813630199,mental,main_overlap,posterior_exponent × group
3583,-0.1796284123525697,mental,main_overlap,posterior_exponent × group
3584,-0.3821475245901455,mental,main_overlap,posterior_exponent × group
3585,-0.4620356933001167,mental,main_overlap,posterior_exponent × group
3586,-0.7005712715339808,mental,main_overlap,posterior_exponent × group
3587,-0.1471961743379451,mental,main_overlap,posterior_exponent × group
3588,-0.3666137083288628,mental,main_overlap,posterior_exponent × group
3589,-0.5068414618597864,mental,main_overlap,posterior_exponent × group
3590,-0.6765663219996247,mental,main_overlap,posterior_exponent × group
3591,-0.1373178421098836,mental,main_overlap,posterior_exponent × group
3592,-0.3197084883395447,mental,main_overlap,posterior_exponent × group
3593,-0.540154540333667,mental,main_overlap,posterior_exponent × group
3594,-0.2243255833265221,mental,main_overlap,posterior_exponent × group
3595,-0.1069135886318633,mental,main_overlap,posterior_exponent × group
3596,-0.201442699947394,mental,main_overlap,posterior_exponent × group
3597,-0.6420703674746233,mental,main_overlap,posterior_exponent × group
3598,-0.2710035515966588,mental,main_overlap,posterior_exponent × group
3599,-0.2678518667517304,mental,main_overlap,posterior_exponent × group
3600,-0.1959612832787792,mental,main_overlap,posterior_exponent × group
3601,-0.2805375689463877,mental,main_overlap,posterior_exponent × group
3602,-0.1786026718438327,mental,main_overlap,posterior_exponent × group
3603,-0.8066815728036091,mental,main_overlap,posterior_exponent × group
3604,-0.6178393785071263,mental,main_overlap,posterior_exponent × group
3605,-0.5676216314249226,mental,main_overlap,posterior_exponent × group
3606,-0.3755751583618101,mental,main_overlap,posterior_exponent × group
3607,-0.4741209603358466,mental,main_overlap,posterior_exponent × group
3608,-0.3075025376736237,mental,main_overlap,posterior_exponent × group
3609,-0.4360052793575946,mental,main_overlap,posterior_exponent × group
3610,-0.6261382227209016,mental,main_overlap,posterior_exponent × group
3611,-0.9505094069188772,mental,main_overlap,posterior_exponent × group
3612,-0.2544015960353991,mental,main_overlap,posterior_exponent × group
3613,-0.5567833478100214,mental,main_overlap,posterior_exponent × group
3614,-0.54385092522824,mental,main_overlap,posterior_exponent × group
3615,-0.6658446562842032,mental,main_overlap,posterior_exponent × group
3616,-0.2972515951415585,mental,main_overlap,posterior_exponent × group
3617,-0.066701704126822,mental,main_overlap,posterior_exponent × group
3618,-0.4587924892339373,mental,main_overlap,posterior_exponent × group
3619,-0.4177253688374174,mental,main_overlap,posterior_exponent × group
3620,-0.7451162198040354,mental,main_overlap,posterior_exponent × group
3621,-0.140025355554248,mental,main_overlap,posterior_exponent × group
3622,-0.6401846909623047,mental,main_overlap,posterior_exponent × group
3623,-0.391278887636972,mental,main_overlap,posterior_exponent × group
3624,-0.3611314915524105,mental,main_overlap,posterior_exponent × group
3625,-0.3392998055150589,mental,main_overlap,posterior_exponent × group
3626,-0.3389044038017662,mental,main_overlap,posterior_exponent × group
3627,-0.3152376123948526,mental,main_overlap,posterior_exponent × group
3628,-0.4993720705862785,mental,main_overlap,posterior_exponent × group
3629,-0.3213909918271813,mental,main_overlap,posterior_exponent × group
3630,-0.6481112216349655,mental,main_overlap,posterior_exponent × group
3631,-0.4537261744791359,mental,main_overlap,posterior_exponent × group
3632,-0.4959651527068835,mental,main_overlap,posterior_exponent × group
3633,-0.407838822250872,mental,main_overlap,posterior_exponent × group
3634,-0.6423150455771529,mental,main_overlap,posterior_exponent × group
3635,-0.3028737379077861,mental,main_overlap,posterior_exponent × group
3636,-0.4233405588489319,mental,main_overlap,posterior_exponent × group
3637,-0.6851677347622164,mental,main_overlap,posterior_exponent × group
3638,-0.3282465152660537,mental,main_overlap,posterior_exponent × group
3639,-0.006077575647001,mental,main_overlap,posterior_exponent × group
3640,-0.2309073144679168,mental,main_overlap,posterior_exponent × group
3641,-0.7620546217319285,mental,main_overlap,posterior_exponent × group
3642,-0.1849377731017608,mental,main_overlap,posterior_exponent × group
3643,-0.0152377496848182,mental,main_overlap,posterior_exponent × group
3644,-0.5438909740914081,mental,main_overlap,posterior_exponent × group
3645,-0.0328383879598575,mental,main_overlap,posterior_exponent × group
3646,-0.5435017553731163,mental,main_overlap,posterior_exponent × group
3647,-0.0637939790678191,mental,main_overlap,posterior_exponent × group
3648,-0.2172966096820241,mental,main_overlap,posterior_exponent × group
3649,-0.5102291979352356,mental,main_overlap,posterior_exponent × group
3650,-0.2996609046113296,mental,main_overlap,posterior_exponent × group
3651,-0.2281949882496156,mental,main_overlap,posterior_exponent × group
3652,-0.5858627338376909,mental,main_overlap,posterior_exponent × group
3653,-0.4118639924229293,mental,main_overlap,posterior_exponent × group
3654,-0.3845372370854786,mental,main_overlap,posterior_exponent × group
3655,-0.5414233625899217,mental,main_overlap,posterior_exponent × group
3656,-0.5760052229789461,mental,main_overlap,posterior_exponent × group
3657,-0.4162747274624133,mental,main_overlap,posterior_exponent × group
3658,-0.3090125764550059,mental,main_overlap,posterior_exponent × group
3659,-0.3680664876584203,mental,main_overlap,posterior_exponent × group
3660,-0.4644445640027351,mental,main_overlap,posterior_exponent × group
3661,-0.4491095509418603,mental,main_overlap,posterior_exponent × group
3662,-0.6327425973127879,mental,main_overlap,posterior_exponent × group
3663,-0.2514930719564655,mental,main_overlap,posterior_exponent × group
3664,-0.486213951189772,mental,main_overlap,posterior_exponent × group
3665,-0.2450195963374778,mental,main_overlap,posterior_exponent × group
3666,-0.1847730896548637,mental,main_overlap,posterior_exponent × group
3667,-0.2667305501487737,mental,main_overlap,posterior_exponent × group
3668,-0.3578458564187974,mental,main_overlap,posterior_exponent × group
3669,-0.2442139249666883,mental,main_overlap,posterior_exponent × group
3670,0.0216546134091048,mental,main_overlap,posterior_exponent × group
3671,-0.2993168987591362,mental,main_overlap,posterior_exponent × group
3672,-0.4942226639172805,mental,main_overlap,posterior_exponent × group
3673,-0.2530818747914141,mental,main_overlap,posterior_exponent × group
3674,-0.1604719636668153,mental,main_overlap,posterior_exponent × group
3675,-0.1722870338327969,mental,main_overlap,posterior_exponent × group
3676,-0.3095377100556453,mental,main_overlap,posterior_exponent × group
3677,-0.5708276501688094,mental,main_overlap,posterior_exponent × group
3678,-0.467068892719666,mental,main_overlap,posterior_exponent × group
3679,-0.5415304808074591,mental,main_overlap,posterior_exponent × group
3680,-0.1804602272429009,mental,main_overlap,posterior_exponent × group
3681,-0.2683105059319742,mental,main_overlap,posterior_exponent × group
3682,-0.549475973005374,mental,main_overlap,posterior_exponent × group
3683,-0.2252999542445951,mental,main_overlap,posterior_exponent × group
3684,-0.6989194855704144,mental,main_overlap,posterior_exponent × group
3685,-0.1775296062463797,mental,main_overlap,posterior_exponent × group
3686,0.0797575008149247,mental,main_overlap,posterior_exponent × group
3687,-0.4536745613541273,mental,main_overlap,posterior_exponent × group
3688,-0.5111331091870234,mental,main_overlap,posterior_exponent × group
3689,-0.3837455876906795,mental,main_overlap,posterior_exponent × group
3690,-0.3361801032407331,mental,main_overlap,posterior_exponent × group
3691,-0.1135718361775491,mental,main_overlap,posterior_exponent × group
3692,-0.3013579548538321,mental,main_overlap,posterior_exponent × group
3693,-0.2680788108925366,mental,main_overlap,posterior_exponent × group
3694,-0.2140629108671379,mental,main_overlap,posterior_exponent × group
3695,-0.4940844595815188,mental,main_overlap,posterior_exponent × group
3696,-0.5475963428752308,mental,main_overlap,posterior_exponent × group
3697,-0.4955110607750642,mental,main_overlap,posterior_exponent × group
3698,-0.150314947315834,mental,main_overlap,posterior_exponent × group
3699,-0.3439977915310424,mental,main_overlap,posterior_exponent × group
3700,-0.8455018971541595,mental,main_overlap,posterior_exponent × group
3701,-0.615697381616339,mental,main_overlap,posterior_exponent × group
3702,-0.1246663232008486,mental,main_overlap,posterior_exponent × group
3703,-0.3639908034977252,mental,main_overlap,posterior_exponent × group
3704,-0.3136639652344892,mental,main_overlap,posterior_exponent × group
3705,-0.533595786717202,mental,main_overlap,posterior_exponent × group
3706,-0.701853411121702,mental,main_overlap,posterior_exponent × group
3707,-0.8166715129816973,mental,main_overlap,posterior_exponent × group
3708,-0.4387456433986593,mental,main_overlap,posterior_exponent × group
3709,-0.3053251843918259,mental,main_overlap,posterior_exponent × group
3710,-0.3411560581916227,mental,main_overlap,posterior_exponent × group
3711,-0.7124930979934209,mental,main_overlap,posterior_exponent × group
3712,-0.326021590471011,mental,main_overlap,posterior_exponent × group
3713,-0.5912640982767001,mental,main_overlap,posterior_exponent × group
3714,-0.4519627008293264,mental,main_overlap,posterior_exponent × group
3715,-0.3175600168693392,mental,main_overlap,posterior_exponent × group
3716,-0.4480077867094658,mental,main_overlap,posterior_exponent × group
3717,-0.0718711838680262,mental,main_overlap,posterior_exponent × group
3718,-0.2930853079049544,mental,main_overlap,posterior_exponent × group
3719,-0.2562496444707809,mental,main_overlap,posterior_exponent × group
3720,-0.2603996727948893,mental,main_overlap,posterior_exponent × group
3721,-0.5365279685188485,mental,main_overlap,posterior_exponent × group
3722,-0.2760677654022441,mental,main_overlap,posterior_exponent × group
3723,-0.3769837351911167,mental,main_overlap,posterior_exponent × group
3724,-0.4561819641515663,mental,main_overlap,posterior_exponent × group
3725,-0.4193321506948068,mental,main_overlap,posterior_exponent × group
3726,-0.2866880650549136,mental,main_overlap,posterior_exponent × group
3727,-0.2945324327825895,mental,main_overlap,posterior_exponent × group
3728,-0.2840032386500158,mental,main_overlap,posterior_exponent × group
3729,-0.4078171974774671,mental,main_overlap,posterior_exponent × group
3730,-0.5296384626178333,mental,main_overlap,posterior_exponent × group
3731,-0.1545397268557054,mental,main_overlap,posterior_exponent × group
3732,-0.4937993521300365,mental,main_overlap,posterior_exponent × group
3733,-0.5647303915483849,mental,main_overlap,posterior_exponent × group
3734,-0.1067245211239305,mental,main_overlap,posterior_exponent × group
3735,-0.4626462992763461,mental,main_overlap,posterior_exponent × group
3736,-0.3651067430756996,mental,main_overlap,posterior_exponent × group
3737,-0.5819905983108176,mental,main_overlap,posterior_exponent × group
3738,-0.2305375242212498,mental,main_overlap,posterior_exponent × group
3739,-0.3787885317911787,mental,main_overlap,posterior_exponent × group
3740,-0.1983054597324474,mental,main_overlap,posterior_exponent × group
3741,-0.4659432799958982,mental,main_overlap,posterior_exponent × group
3742,-0.374612872581645,mental,main_overlap,posterior_exponent × group
3743,-0.296249881994058,mental,main_overlap,posterior_exponent × group
3744,0.0073966382025254,mental,main_overlap,posterior_exponent × group
3745,-0.3324751024406197,mental,main_overlap,posterior_exponent × group
3746,-0.2690690709639907,mental,main_overlap,posterior_exponent × group
3747,-0.3399228806042135,mental,main_overlap,posterior_exponent × group
3748,-0.626150562109893,mental,main_overlap,posterior_exponent × group
3749,-0.4842180192381017,mental,main_overlap,posterior_exponent × group
3750,-0.3867777132915266,mental,main_overlap,posterior_exponent × group
3751,-0.6203066062421171,mental,main_overlap,posterior_exponent × group
3752,-0.6683331279798792,mental,main_overlap,posterior_exponent × group
3753,-0.4573974625692453,mental,main_overlap,posterior_exponent × group
3754,-0.615304981622537,mental,main_overlap,posterior_exponent × group
3755,-0.4123318765894553,mental,main_overlap,posterior_exponent × group
3756,-0.5995715603114762,mental,main_overlap,posterior_exponent × group
3757,-0.1740051634267443,mental,main_overlap,posterior_exponent × group
3758,-0.1997831909281448,mental,main_overlap,posterior_exponent × group
3759,-0.3581330339401829,mental,main_overlap,posterior_exponent × group
3760,-0.0392440352452366,mental,main_overlap,posterior_exponent × group
3761,-0.3330511469979221,mental,main_overlap,posterior_exponent × group
3762,-0.3185255007275041,mental,main_overlap,posterior_exponent × group
3763,-0.4816388156810509,mental,main_overlap,posterior_exponent × group
3764,-0.2698764201107955,mental,main_overlap,posterior_exponent × group
3765,-0.1132607249161172,mental,main_overlap,posterior_exponent × group
3766,-0.4038220267585041,mental,main_overlap,posterior_exponent × group
3767,-0.3827053549403224,mental,main_overlap,posterior_exponent × group
3768,-0.412080270856741,mental,main_overlap,posterior_exponent × group
3769,-0.4083519523004744,mental,main_overlap,posterior_exponent × group
3770,-0.5919304127374567,mental,main_overlap,posterior_exponent × group
3771,-0.7308462025755573,mental,main_overlap,posterior_exponent × group
3772,-0.1330290149277811,mental,main_overlap,posterior_exponent × group
3773,-0.104891973282603,mental,main_overlap,posterior_exponent × group
3774,-0.2412250527173192,mental,main_overlap,posterior_exponent × group
3775,-0.0776056249936923,mental,main_overlap,posterior_exponent × group
3776,-0.4017295665323985,mental,main_overlap,posterior_exponent × group
3777,-0.3072871164869774,mental,main_overlap,posterior_exponent × group
3778,-0.3399664224736837,mental,main_overlap,posterior_exponent × group
3779,-0.4567560185831449,mental,main_overlap,posterior_exponent × group
3780,-0.8361557351286757,mental,main_overlap,posterior_exponent × group
3781,-0.0840540374286517,mental,main_overlap,posterior_exponent × group
3782,-0.5747809706221257,mental,main_overlap,posterior_exponent × group
3783,-0.5125804278771433,mental,main_overlap,posterior_exponent × group
3784,-0.3519456083153506,mental,main_overlap,posterior_exponent × group
3785,-0.7869431229209741,mental,main_overlap,posterior_exponent × group
3786,-0.5436141900631304,mental,main_overlap,posterior_exponent × group
3787,-0.479131365847677,mental,main_overlap,posterior_exponent × group
3788,-0.1877615769672553,mental,main_overlap,posterior_exponent × group
3789,-0.5961779611679251,mental,main_overlap,posterior_exponent × group
3790,-0.1581798493350272,mental,main_overlap,posterior_exponent × group
3791,-0.0434867695561774,mental,main_overlap,posterior_exponent × group
3792,-0.2497382783919468,mental,main_overlap,posterior_exponent × group
3793,-0.4391306705046486,mental,main_overlap,posterior_exponent × group
3794,-0.204336357571437,mental,main_overlap,posterior_exponent × group
3795,-0.7673667045434539,mental,main_overlap,posterior_exponent × group
3796,-0.6636412508081625,mental,main_overlap,posterior_exponent × group
3797,-0.2785798990086379,mental,main_overlap,posterior_exponent × group
3798,-0.6937023224296011,mental,main_overlap,posterior_exponent × group
3799,-0.3097971501705869,mental,main_overlap,posterior_exponent × group
3800,-0.3413700036810476,mental,main_overlap,posterior_exponent × group
3801,-0.2582961222690889,mental,main_overlap,posterior_exponent × group
3802,-0.5363543832144751,mental,main_overlap,posterior_exponent × group
3803,-0.3758614838481459,mental,main_overlap,posterior_exponent × group
3804,-0.1279259158294889,mental,main_overlap,posterior_exponent × group
3805,-0.580784222993923,mental,main_overlap,posterior_exponent × group
3806,-0.2087381280147175,mental,main_overlap,posterior_exponent × group
3807,-0.4759154653643752,mental,main_overlap,posterior_exponent × group
3808,-0.5174020070204319,mental,main_overlap,posterior_exponent × group
3809,-0.5793536496331864,mental,main_overlap,posterior_exponent × group
3810,-0.6333196655387991,mental,main_overlap,posterior_exponent × group
3811,-0.1242184522483875,mental,main_overlap,posterior_exponent × group
3812,-0.1308765026904234,mental,main_overlap,posterior_exponent × group
3813,-0.2530664347834765,mental,main_overlap,posterior_exponent × group
3814,-0.2998067869920329,mental,main_overlap,posterior_exponent × group
3815,-0.2005900863371976,mental,main_overlap,posterior_exponent × group
3816,-0.4353028693455327,mental,main_overlap,posterior_exponent × group
3817,-0.1653105999445278,mental,main_overlap,posterior_exponent × group
3818,-0.486759298721001,mental,main_overlap,posterior_exponent × group
3819,-0.8849140186721484,mental,main_overlap,posterior_exponent × group
3820,-0.52777411204082,mental,main_overlap,posterior_exponent × group
3821,-0.7934428534347518,mental,main_overlap,posterior_exponent × group
3822,-0.3625446756809186,mental,main_overlap,posterior_exponent × group
3823,-0.5764793998197665,mental,main_overlap,posterior_exponent × group
3824,-0.5007292902937175,mental,main_overlap,posterior_exponent × group
3825,-0.8476500306671724,mental,main_overlap,posterior_exponent × group
3826,-0.4490901072812565,mental,main_overlap,posterior_exponent × group
3827,-0.2808391782781472,mental,main_overlap,posterior_exponent × group
3828,0.0652263422739511,mental,main_overlap,posterior_exponent × group
3829,-0.9132349063137408,mental,main_overlap,posterior_exponent × group
3830,-0.4766151802779236,mental,main_overlap,posterior_exponent × group
3831,-0.0437173586331317,mental,main_overlap,posterior_exponent × group
3832,-0.1844371814934347,mental,main_overlap,posterior_exponent × group
3833,-0.3083608905290303,mental,main_overlap,posterior_exponent × group
3834,-0.1381428186603079,mental,main_overlap,posterior_exponent × group
3835,-0.3495041118422642,mental,main_overlap,posterior_exponent × group
3836,-0.187079728246983,mental,main_overlap,posterior_exponent × group
3837,-0.5690075920698818,mental,main_overlap,posterior_exponent × group
3838,0.0547799994926285,mental,main_overlap,posterior_exponent × group
3839,-0.4812904289182685,mental,main_overlap,posterior_exponent × group
3840,-0.6523658256985143,mental,main_overlap,posterior_exponent × group
3841,-0.5883188054897136,mental,main_overlap,posterior_exponent × group
3842,-0.4259081329691874,mental,main_overlap,posterior_exponent × group
3843,-0.4057055057933331,mental,main_overlap,posterior_exponent × group
3844,-0.5406818223460328,mental,main_overlap,posterior_exponent × group
3845,-0.3928963118457626,mental,main_overlap,posterior_exponent × group
3846,-0.2212880032806708,mental,main_overlap,posterior_exponent × group
3847,-0.2716975005566779,mental,main_overlap,posterior_exponent × group
3848,-0.4218800180743964,mental,main_overlap,posterior_exponent × group
3849,-0.157845890077324,mental,main_overlap,posterior_exponent × group
3850,-0.4235504996364728,mental,main_overlap,posterior_exponent × group
3851,-0.4438260307067396,mental,main_overlap,posterior_exponent × group
3852,-0.6357606046359677,mental,main_overlap,posterior_exponent × group
3853,-0.3740405871982559,mental,main_overlap,posterior_exponent × group
3854,-0.6450149669764844,mental,main_overlap,posterior_exponent × group
3855,-0.1799870007543672,mental,main_overlap,posterior_exponent × group
3856,-0.392724357501099,mental,main_overlap,posterior_exponent × group
3857,-0.703984859032558,mental,main_overlap,posterior_exponent × group
3858,-0.229287640862831,mental,main_overlap,posterior_exponent × group
3859,-0.8722963253839527,mental,main_overlap,posterior_exponent × group
3860,-0.4219587862173061,mental,main_overlap,posterior_exponent × group
3861,-0.2867164169177115,mental,main_overlap,posterior_exponent × group
3862,-0.6933329094589378,mental,main_overlap,posterior_exponent × group
3863,-0.5825176899275583,mental,main_overlap,posterior_exponent × group
3864,-0.1847354964510597,mental,main_overlap,posterior_exponent × group
3865,-0.3907318444999231,mental,main_overlap,posterior_exponent × group
3866,-0.6934638265101617,mental,main_overlap,posterior_exponent × group
3867,-0.2845160739470251,mental,main_overlap,posterior_exponent × group
3868,-0.3038255177116479,mental,main_overlap,posterior_exponent × group
3869,-0.6236722342285584,mental,main_overlap,posterior_exponent × group
3870,-0.4925662053604626,mental,main_overlap,posterior_exponent × group
3871,-0.3459678888769632,mental,main_overlap,posterior_exponent × group
3872,-0.2837799556268795,mental,main_overlap,posterior_exponent × group
3873,0.1580467101789769,mental,main_overlap,posterior_exponent × group
3874,-0.227376799404946,mental,main_overlap,posterior_exponent × group
3875,-0.6259873481234332,mental,main_overlap,posterior_exponent × group
3876,-0.2419681681400199,mental,main_overlap,posterior_exponent × group
3877,-0.5381901328537427,mental,main_overlap,posterior_exponent × group
3878,-0.5221495615974364,mental,main_overlap,posterior_exponent × group
3879,-0.4655358574821975,mental,main_overlap,posterior_exponent × group
3880,-0.8561387466008499,mental,main_overlap,posterior_exponent × group
3881,-0.3332788316673554,mental,main_overlap,posterior_exponent × group
3882,-0.3010355080133804,mental,main_overlap,posterior_exponent × group
3883,-0.5977590867434279,mental,main_overlap,posterior_exponent × group
3884,-0.7081388833783644,mental,main_overlap,posterior_exponent × group
3885,-0.0224330990753001,mental,main_overlap,posterior_exponent × group
3886,-0.1641753327449834,mental,main_overlap,posterior_exponent × group
3887,-0.3837472282541957,mental,main_overlap,posterior_exponent × group
3888,-0.408582027577698,mental,main_overlap,posterior_exponent × group
3889,-0.2422550965910956,mental,main_overlap,posterior_exponent × group
3890,-0.5786545720020191,mental,main_overlap,posterior_exponent × group
3891,-0.106732717500085,mental,main_overlap,posterior_exponent × group
3892,-0.414748090073189,mental,main_overlap,posterior_exponent × group
3893,-0.3121896591521144,mental,main_overlap,posterior_exponent × group
3894,-0.3980135906726275,mental,main_overlap,posterior_exponent × group
3895,-0.4917636387937275,mental,main_overlap,posterior_exponent × group
3896,-0.9193347724002576,mental,main_overlap,posterior_exponent × group
3897,-0.3759427399468834,mental,main_overlap,posterior_exponent × group
3898,-0.4007037671966801,mental,main_overlap,posterior_exponent × group
3899,-0.3702128499203434,mental,main_overlap,posterior_exponent × group
3900,-0.3208908114188253,mental,main_overlap,posterior_exponent × group
3901,-0.3005647023786488,mental,main_overlap,posterior_exponent × group
3902,-0.2878826624768196,mental,main_overlap,posterior_exponent × group
3903,-0.8357867233485152,mental,main_overlap,posterior_exponent × group
3904,0.0406636589090089,mental,main_overlap,posterior_exponent × group
3905,-0.2850000849306404,mental,main_overlap,posterior_exponent × group
3906,-0.5656334072342514,mental,main_overlap,posterior_exponent × group
3907,-0.3360979593518375,mental,main_overlap,posterior_exponent × group
3908,-0.5214102944368795,mental,main_overlap,posterior_exponent × group
3909,-0.3533498270356217,mental,main_overlap,posterior_exponent × group
3910,-0.112574485405558,mental,main_overlap,posterior_exponent × group
3911,-0.3334784255952624,mental,main_overlap,posterior_exponent × group
3912,-0.3338639644570231,mental,main_overlap,posterior_exponent × group
3913,-0.3373719479113208,mental,main_overlap,posterior_exponent × group
3914,-0.6104525937484854,mental,main_overlap,posterior_exponent × group
3915,-0.5744360314651205,mental,main_overlap,posterior_exponent × group
3916,0.067736265986068,mental,main_overlap,posterior_exponent × group
3917,-0.6152620027725398,mental,main_overlap,posterior_exponent × group
3918,-0.4006588277730902,mental,main_overlap,posterior_exponent × group
3919,-0.1707342159394341,mental,main_overlap,posterior_exponent × group
3920,-0.7643867010572104,mental,main_overlap,posterior_exponent × group
3921,-0.1916357149855185,mental,main_overlap,posterior_exponent × group
3922,-0.4746822240148152,mental,main_overlap,posterior_exponent × group
3923,-0.4741408300720655,mental,main_overlap,posterior_exponent × group
3924,-0.2873762763422389,mental,main_overlap,posterior_exponent × group
3925,-0.3047569849758199,mental,main_overlap,posterior_exponent × group
3926,-0.3514097057946885,mental,main_overlap,posterior_exponent × group
3927,-0.6182642627343993,mental,main_overlap,posterior_exponent × group
3928,-0.5297013916562257,mental,main_overlap,posterior_exponent × group
3929,-0.4972344719414487,mental,main_overlap,posterior_exponent × group
3930,-0.6570202453914825,mental,main_overlap,posterior_exponent × group
3931,-0.4021376720107054,mental,main_overlap,posterior_exponent × group
3932,-0.6393460108319778,mental,main_overlap,posterior_exponent × group
3933,-0.2291372518096129,mental,main_overlap,posterior_exponent × group
3934,-0.466364992261558,mental,main_overlap,posterior_exponent × group
3935,-0.5124581688027323,mental,main_overlap,posterior_exponent × group
3936,-0.3837708669441619,mental,main_overlap,posterior_exponent × group
3937,-0.4327949540951005,mental,main_overlap,posterior_exponent × group
3938,-0.5330827615064669,mental,main_overlap,posterior_exponent × group
3939,-0.1570037494640086,mental,main_overlap,posterior_exponent × group
3940,-0.6904790670264151,mental,main_overlap,posterior_exponent × group
3941,-0.4314578843279862,mental,main_overlap,posterior_exponent × group
3942,-0.6316020147103437,mental,main_overlap,posterior_exponent × group
3943,-0.1830273542895083,mental,main_overlap,posterior_exponent × group
3944,-0.4178393646457225,mental,main_overlap,posterior_exponent × group
3945,-0.9483760106357796,mental,main_overlap,posterior_exponent × group
3946,-0.553744511059415,mental,main_overlap,posterior_exponent × group
3947,-0.2697026653832429,mental,main_overlap,posterior_exponent × group
3948,-0.4636646043808421,mental,main_overlap,posterior_exponent × group
3949,-0.1678235723062054,mental,main_overlap,posterior_exponent × group
3950,-0.4217332790552985,mental,main_overlap,posterior_exponent × group
3951,-0.4751852112526357,mental,main_overlap,posterior_exponent × group
3952,-0.3102837785616419,mental,main_overlap,posterior_exponent × group
3953,0.0786065892804472,mental,main_overlap,posterior_exponent × group
3954,-0.211894927019532,mental,main_overlap,posterior_exponent × group
3955,0.1105957657498786,mental,main_overlap,posterior_exponent × group
3956,0.0397610744295329,mental,main_overlap,posterior_exponent × group
3957,-0.4438095141288642,mental,main_overlap,posterior_exponent × group
3958,-0.4784400994061813,mental,main_overlap,posterior_exponent × group
3959,-0.4411835024987807,mental,main_overlap,posterior_exponent × group
3960,-0.1879473188648541,mental,main_overlap,posterior_exponent × group
3961,-0.3436203009148794,mental,main_overlap,posterior_exponent × group
3962,0.0696823583221542,mental,main_overlap,posterior_exponent × group
3963,-0.6333970969379392,mental,main_overlap,posterior_exponent × group
3964,-0.1761734182262219,mental,main_overlap,posterior_exponent × group
3965,-0.4971532492899451,mental,main_overlap,posterior_exponent × group
3966,-0.0345441735455833,mental,main_overlap,posterior_exponent × group
3967,-0.7314738365732671,mental,main_overlap,posterior_exponent × group
3968,-0.3081691860026664,mental,main_overlap,posterior_exponent × group
3969,-0.2359216865884955,mental,main_overlap,posterior_exponent × group
3970,-0.2826430356555188,mental,main_overlap,posterior_exponent × group
3971,-0.4589978985708794,mental,main_overlap,posterior_exponent × group
3972,-0.3821881394646401,mental,main_overlap,posterior_exponent × group
3973,-0.7583840780412421,mental,main_overlap,posterior_exponent × group
3974,-0.4512669127714864,mental,main_overlap,posterior_exponent × group
3975,-0.5296362374848402,mental,main_overlap,posterior_exponent × group
3976,-0.1515419713960811,mental,main_overlap,posterior_exponent × group
3977,-0.6927490212922364,mental,main_overlap,posterior_exponent × group
3978,-0.1788831891416068,mental,main_overlap,posterior_exponent × group
3979,-0.4203332910131493,mental,main_overlap,posterior_exponent × group
3980,-0.7315706184657762,mental,main_overlap,posterior_exponent × group
3981,-0.3930115666653037,mental,main_overlap,posterior_exponent × group
3982,-0.4305874010748928,mental,main_overlap,posterior_exponent × group
3983,-0.373477901313839,mental,main_overlap,posterior_exponent × group
3984,-0.7503573036611775,mental,main_overlap,posterior_exponent × group
3985,-0.5404414404612514,mental,main_overlap,posterior_exponent × group
3986,-0.2962132606720321,mental,main_overlap,posterior_exponent × group
3987,-0.084064977987695,mental,main_overlap,posterior_exponent × group
3988,-0.3268028489922353,mental,main_overlap,posterior_exponent × group
3989,-0.4069859138554084,mental,main_overlap,posterior_exponent × group
3990,-0.2941385588881413,mental,main_overlap,posterior_exponent × group
3991,-0.2538952334477409,mental,main_overlap,posterior_exponent × group
3992,-0.3521231494319055,mental,main_overlap,posterior_exponent × group
3993,-0.6674343585962211,mental,main_overlap,posterior_exponent × group
3994,-0.5329933271716476,mental,main_overlap,posterior_exponent × group
3995,-0.5571092625206768,mental,main_overlap,posterior_exponent × group
3996,-0.5587353207290331,mental,main_overlap,posterior_exponent × group
3997,-0.6280320332706734,mental,main_overlap,posterior_exponent × group
3998,-0.3265555588354724,mental,main_overlap,posterior_exponent × group
3999,-0.2028554202248895,mental,main_overlap,posterior_exponent × group
0,-0.038321062099564,pain,main_overlap,posterior_exponent × group
1,-0.2595726359072334,pain,main_overlap,posterior_exponent × group
2,-0.2158188025852383,pain,main_overlap,posterior_exponent × group
3,0.0735972306282208,pain,main_overlap,posterior_exponent × group
4,-0.21895422936014,pain,main_overlap,posterior_exponent × group
5,-0.1972290039980325,pain,main_overlap,posterior_exponent × group
6,-0.1559288669424757,pain,main_overlap,posterior_exponent × group
7,-0.3099519259287412,pain,main_overlap,posterior_exponent × group
8,0.0409633451510929,pain,main_overlap,posterior_exponent × group
9,-0.1188660227533624,pain,main_overlap,posterior_exponent × group
10,0.1273755895945687,pain,main_overlap,posterior_exponent × group
11,0.0892744673975976,pain,main_overlap,posterior_exponent × group
12,-0.2756882278329058,pain,main_overlap,posterior_exponent × group
13,-0.1023407330917987,pain,main_overlap,posterior_exponent × group
14,-0.0955782877930288,pain,main_overlap,posterior_exponent × group
15,0.0116791606757522,pain,main_overlap,posterior_exponent × group
16,-0.1725153609061348,pain,main_overlap,posterior_exponent × group
17,-0.1832425207493228,pain,main_overlap,posterior_exponent × group
18,0.1734923921016708,pain,main_overlap,posterior_exponent × group
19,0.1017591160169618,pain,main_overlap,posterior_exponent × group
20,-0.0905389111096572,pain,main_overlap,posterior_exponent × group
21,-0.0590237230329311,pain,main_overlap,posterior_exponent × group
22,-0.0607797347601905,pain,main_overlap,posterior_exponent × group
23,-0.0312036222721018,pain,main_overlap,posterior_exponent × group
24,0.0231940310394446,pain,main_overlap,posterior_exponent × group
25,-0.2513542771227673,pain,main_overlap,posterior_exponent × group
26,-0.1196436425008871,pain,main_overlap,posterior_exponent × group
27,-0.2041315226717275,pain,main_overlap,posterior_exponent × group
28,-0.0537161649960105,pain,main_overlap,posterior_exponent × group
29,-0.0654969204223203,pain,main_overlap,posterior_exponent × group
30,-0.1508710617828715,pain,main_overlap,posterior_exponent × group
31,0.0053516454010221,pain,main_overlap,posterior_exponent × group
32,0.1960246733243675,pain,main_overlap,posterior_exponent × group
33,0.0725188674928437,pain,main_overlap,posterior_exponent × group
34,-0.2168110740755505,pain,main_overlap,posterior_exponent × group
35,-0.0739174590088806,pain,main_overlap,posterior_exponent × group
36,0.0509926203503209,pain,main_overlap,posterior_exponent × group
37,-0.1260879737549542,pain,main_overlap,posterior_exponent × group
38,-0.0398505669006343,pain,main_overlap,posterior_exponent × group
39,-0.2394231046227868,pain,main_overlap,posterior_exponent × group
40,-0.2140971636238578,pain,main_overlap,posterior_exponent × group
41,-0.4342829185455861,pain,main_overlap,posterior_exponent × group
42,-0.4310205968391059,pain,main_overlap,posterior_exponent × group
43,0.0359571270956025,pain,main_overlap,posterior_exponent × group
44,-0.284125614875803,pain,main_overlap,posterior_exponent × group
45,-0.03736539694351,pain,main_overlap,posterior_exponent × group
46,-0.3227606352398144,pain,main_overlap,posterior_exponent × group
47,-0.141036114900953,pain,main_overlap,posterior_exponent × group
48,-0.2658756222264677,pain,main_overlap,posterior_exponent × group
49,-0.3071613250178547,pain,main_overlap,posterior_exponent × group
50,-0.4537150700463421,pain,main_overlap,posterior_exponent × group
51,-0.1433831380110233,pain,main_overlap,posterior_exponent × group
52,0.2319204425688892,pain,main_overlap,posterior_exponent × group
53,-0.0508907255654777,pain,main_overlap,posterior_exponent × group
54,0.1674628252083211,pain,main_overlap,posterior_exponent × group
55,-0.2767005761654384,pain,main_overlap,posterior_exponent × group
56,-0.1594795541937893,pain,main_overlap,posterior_exponent × group
57,0.1366333990195908,pain,main_overlap,posterior_exponent × group
58,-0.0698001313677721,pain,main_overlap,posterior_exponent × group
59,0.1206362162282462,pain,main_overlap,posterior_exponent × group
60,-0.1112942888353764,pain,main_overlap,posterior_exponent × group
61,-0.1128013443346561,pain,main_overlap,posterior_exponent × group
62,-0.0525125378086553,pain,main_overlap,posterior_exponent × group
63,-0.2927429102144899,pain,main_overlap,posterior_exponent × group
64,0.0466250946000353,pain,main_overlap,posterior_exponent × group
65,-0.2420885740281628,pain,main_overlap,posterior_exponent × group
66,-0.06467993711012,pain,main_overlap,posterior_exponent × group
67,-0.0224676723235082,pain,main_overlap,posterior_exponent × group
68,0.0046020424245641,pain,main_overlap,posterior_exponent × group
69,0.0446848888693279,pain,main_overlap,posterior_exponent × group
70,0.1485394288472942,pain,main_overlap,posterior_exponent × group
71,-0.1300801310783998,pain,main_overlap,posterior_exponent × group
72,-0.0554878208744735,pain,main_overlap,posterior_exponent × group
73,-0.2496036997617859,pain,main_overlap,posterior_exponent × group
74,0.1550728298938727,pain,main_overlap,posterior_exponent × group
75,-0.1022827434489858,pain,main_overlap,posterior_exponent × group
76,0.0304562771799806,pain,main_overlap,posterior_exponent × group
77,-0.3326589209069688,pain,main_overlap,posterior_exponent × group
78,-0.0742777877774096,pain,main_overlap,posterior_exponent × group
79,-0.222470764915119,pain,main_overlap,posterior_exponent × group
80,-0.1500920699455848,pain,main_overlap,posterior_exponent × group
81,0.0131226058166081,pain,main_overlap,posterior_exponent × group
82,-0.1702881513732899,pain,main_overlap,posterior_exponent × group
83,-0.3971578167438161,pain,main_overlap,posterior_exponent × group
84,-0.2411876328568669,pain,main_overlap,posterior_exponent × group
85,-0.3306388034446205,pain,main_overlap,posterior_exponent × group
86,-0.2380077754433094,pain,main_overlap,posterior_exponent × group
87,-0.0347305241773642,pain,main_overlap,posterior_exponent × group
88,0.1175614635956682,pain,main_overlap,posterior_exponent × group
89,0.0280330384395633,pain,main_overlap,posterior_exponent × group
90,-0.2545897800132061,pain,main_overlap,posterior_exponent × group
91,-0.1987523608235752,pain,main_overlap,posterior_exponent × group
92,-0.1240121797971705,pain,main_overlap,posterior_exponent × group
93,-0.2797452196621346,pain,main_overlap,posterior_exponent × group
94,-0.0722459002191008,pain,main_overlap,posterior_exponent × group
95,-0.1926330307725795,pain,main_overlap,posterior_exponent × group
96,-0.0747517811418497,pain,main_overlap,posterior_exponent × group
97,0.0522981223570829,pain,main_overlap,posterior_exponent × group
98,0.0767074465861901,pain,main_overlap,posterior_exponent × group
99,-0.2703841685228132,pain,main_overlap,posterior_exponent × group
100,-0.1695229748390496,pain,main_overlap,posterior_exponent × group
101,-0.2601492117264852,pain,main_overlap,posterior_exponent × group
102,-0.0218723732927153,pain,main_overlap,posterior_exponent × group
103,0.029591106716758,pain,main_overlap,posterior_exponent × group
104,-0.2466096861652352,pain,main_overlap,posterior_exponent × group
105,-0.0786153699510218,pain,main_overlap,posterior_exponent × group
106,-0.0039530842179536,pain,main_overlap,posterior_exponent × group
107,-0.2110095935428737,pain,main_overlap,posterior_exponent × group
108,0.1049773767015489,pain,main_overlap,posterior_exponent × group
109,-0.1632717619663079,pain,main_overlap,posterior_exponent × group
110,-0.1433542372401079,pain,main_overlap,posterior_exponent × group
111,0.0065820955346909,pain,main_overlap,posterior_exponent × group
112,-0.0412163596538833,pain,main_overlap,posterior_exponent × group
113,0.0228387636458904,pain,main_overlap,posterior_exponent × group
114,-0.0540104070786948,pain,main_overlap,posterior_exponent × group
115,-0.0062444908898459,pain,main_overlap,posterior_exponent × group
116,-0.1050554593052443,pain,main_overlap,posterior_exponent × group
117,-0.1812853544091059,pain,main_overlap,posterior_exponent × group
118,0.1202684363916358,pain,main_overlap,posterior_exponent × group
119,-0.0731480872302797,pain,main_overlap,posterior_exponent × group
120,-0.3416225630829805,pain,main_overlap,posterior_exponent × group
121,-0.1503100391237734,pain,main_overlap,posterior_exponent × group
122,-0.0934655657189287,pain,main_overlap,posterior_exponent × group
123,-0.2120918438913014,pain,main_overlap,posterior_exponent × group
124,0.0461036163971748,pain,main_overlap,posterior_exponent × group
125,-0.1792128354815601,pain,main_overlap,posterior_exponent × group
126,-0.2564852112511828,pain,main_overlap,posterior_exponent × group
127,-0.4162833518381688,pain,main_overlap,posterior_exponent × group
128,0.1005702436029904,pain,main_overlap,posterior_exponent × group
129,0.0244048341255588,pain,main_overlap,posterior_exponent × group
130,-0.0413707346531549,pain,main_overlap,posterior_exponent × group
131,-0.1510706018527062,pain,main_overlap,posterior_exponent × group
132,-0.4187345811131528,pain,main_overlap,posterior_exponent × group
133,-0.3249258346720711,pain,main_overlap,posterior_exponent × group
134,0.0458503993501267,pain,main_overlap,posterior_exponent × group
135,-0.1079935910148715,pain,main_overlap,posterior_exponent × group
136,-0.1770669392530226,pain,main_overlap,posterior_exponent × group
137,0.0481002675952515,pain,main_overlap,posterior_exponent × group
138,0.0599847618083098,pain,main_overlap,posterior_exponent × group
139,0.0876080210341139,pain,main_overlap,posterior_exponent × group
140,-0.1335619876558781,pain,main_overlap,posterior_exponent × group
141,-0.1011424010459812,pain,main_overlap,posterior_exponent × group
142,-0.0365624524849872,pain,main_overlap,posterior_exponent × group
143,-0.0613579669888285,pain,main_overlap,posterior_exponent × group
144,-0.1612190946971485,pain,main_overlap,posterior_exponent × group
145,-0.3110264884945695,pain,main_overlap,posterior_exponent × group
146,0.0175567582609263,pain,main_overlap,posterior_exponent × group
147,-0.2029268084308668,pain,main_overlap,posterior_exponent × group
148,-0.2527694702406313,pain,main_overlap,posterior_exponent × group
149,-0.1014559782727221,pain,main_overlap,posterior_exponent × group
150,0.161657954578198,pain,main_overlap,posterior_exponent × group
151,-0.0340914977819439,pain,main_overlap,posterior_exponent × group
152,-0.0994757610217285,pain,main_overlap,posterior_exponent × group
153,-0.0938689779615852,pain,main_overlap,posterior_exponent × group
154,-0.2296259282799016,pain,main_overlap,posterior_exponent × group
155,-0.1747679225158485,pain,main_overlap,posterior_exponent × group
156,0.0128576661652502,pain,main_overlap,posterior_exponent × group
157,-0.1885565325417171,pain,main_overlap,posterior_exponent × group
158,-0.5743423622966991,pain,main_overlap,posterior_exponent × group
159,-0.1263635121124918,pain,main_overlap,posterior_exponent × group
160,0.0285497622287716,pain,main_overlap,posterior_exponent × group
161,-0.0588453207442053,pain,main_overlap,posterior_exponent × group
162,-0.0937987739723142,pain,main_overlap,posterior_exponent × group
163,-0.2657061332133446,pain,main_overlap,posterior_exponent × group
164,-0.1423894681136145,pain,main_overlap,posterior_exponent × group
165,-0.1797236238356143,pain,main_overlap,posterior_exponent × group
166,-0.2702008865075124,pain,main_overlap,posterior_exponent × group
167,-0.1085695827210107,pain,main_overlap,posterior_exponent × group
168,-0.1819765034079046,pain,main_overlap,posterior_exponent × group
169,-0.0873354815116638,pain,main_overlap,posterior_exponent × group
170,-0.0171201277454243,pain,main_overlap,posterior_exponent × group
171,-0.0185958525148933,pain,main_overlap,posterior_exponent × group
172,-0.1613584768918968,pain,main_overlap,posterior_exponent × group
173,-0.0093289860982087,pain,main_overlap,posterior_exponent × group
174,-0.0021280124971446,pain,main_overlap,posterior_exponent × group
175,0.0040284790955947,pain,main_overlap,posterior_exponent × group
176,-0.193151298149566,pain,main_overlap,posterior_exponent × group
177,-0.0500981028871141,pain,main_overlap,posterior_exponent × group
178,-0.0119376278399895,pain,main_overlap,posterior_exponent × group
179,-0.369290094231365,pain,main_overlap,posterior_exponent × group
180,-0.0286307352933789,pain,main_overlap,posterior_exponent × group
181,0.0556849010696382,pain,main_overlap,posterior_exponent × group
182,-0.2267594060885064,pain,main_overlap,posterior_exponent × group
183,-0.0861516805114057,pain,main_overlap,posterior_exponent × group
184,-0.1234255465821942,pain,main_overlap,posterior_exponent × group
185,-0.1192138973281653,pain,main_overlap,posterior_exponent × group
186,-0.2761936500703018,pain,main_overlap,posterior_exponent × group
187,-0.0639189433572995,pain,main_overlap,posterior_exponent × group
188,0.0784038714126398,pain,main_overlap,posterior_exponent × group
189,0.0635150124612539,pain,main_overlap,posterior_exponent × group
190,-0.2172467382621231,pain,main_overlap,posterior_exponent × group
191,0.0228537184516416,pain,main_overlap,posterior_exponent × group
192,-0.2170463099247541,pain,main_overlap,posterior_exponent × group
193,-0.2065842666372078,pain,main_overlap,posterior_exponent × group
194,-0.0857147352318922,pain,main_overlap,posterior_exponent × group
195,-0.1738762684238488,pain,main_overlap,posterior_exponent × group
196,0.0762266589709483,pain,main_overlap,posterior_exponent × group
197,0.1879630493966263,pain,main_overlap,posterior_exponent × group
198,-0.3635801312853352,pain,main_overlap,posterior_exponent × group
199,-0.3698212195775499,pain,main_overlap,posterior_exponent × group
200,-0.3700739249618368,pain,main_overlap,posterior_exponent × group
201,-0.1473460408901606,pain,main_overlap,posterior_exponent × group
202,-0.0310018473968704,pain,main_overlap,posterior_exponent × group
203,-0.1689661304835584,pain,main_overlap,posterior_exponent × group
204,-0.0014250138149131,pain,main_overlap,posterior_exponent × group
205,0.0094094527960171,pain,main_overlap,posterior_exponent × group
206,-0.1767669878537053,pain,main_overlap,posterior_exponent × group
207,0.0321631827453693,pain,main_overlap,posterior_exponent × group
208,-0.0065322246589329,pain,main_overlap,posterior_exponent × group
209,-0.0879007565373266,pain,main_overlap,posterior_exponent × group
210,-0.3362690234821627,pain,main_overlap,posterior_exponent × group
211,-0.07557757977506,pain,main_overlap,posterior_exponent × group
212,-0.0216492213786775,pain,main_overlap,posterior_exponent × group
213,-0.1866987204483853,pain,main_overlap,posterior_exponent × group
214,-0.2293498709312332,pain,main_overlap,posterior_exponent × group
215,-0.1861666659252057,pain,main_overlap,posterior_exponent × group
216,0.1845108973947058,pain,main_overlap,posterior_exponent × group
217,-0.1158224415138909,pain,main_overlap,posterior_exponent × group
218,0.1370056305639616,pain,main_overlap,posterior_exponent × group
219,0.1466319287030447,pain,main_overlap,posterior_exponent × group
220,-0.0470008260413182,pain,main_overlap,posterior_exponent × group
221,0.0707498251343076,pain,main_overlap,posterior_exponent × group
222,-0.4303205550762342,pain,main_overlap,posterior_exponent × group
223,-0.1312951631795906,pain,main_overlap,posterior_exponent × group
224,-0.0887076195696802,pain,main_overlap,posterior_exponent × group
225,-0.1673587233833183,pain,main_overlap,posterior_exponent × group
226,0.1186823811682662,pain,main_overlap,posterior_exponent × group
227,-0.1272849029460684,pain,main_overlap,posterior_exponent × group
228,-0.1444702961779433,pain,main_overlap,posterior_exponent × group
229,0.0231858548635683,pain,main_overlap,posterior_exponent × group
230,0.0164975877323118,pain,main_overlap,posterior_exponent × group
231,-0.0771772221004941,pain,main_overlap,posterior_exponent × group
232,0.01502800607749,pain,main_overlap,posterior_exponent × group
233,-0.0251010453297821,pain,main_overlap,posterior_exponent × group
234,-0.2202932011731809,pain,main_overlap,posterior_exponent × group
235,-0.1154801694661565,pain,main_overlap,posterior_exponent × group
236,-0.0589096981112908,pain,main_overlap,posterior_exponent × group
237,-0.3070734053627765,pain,main_overlap,posterior_exponent × group
238,-0.1789654746629032,pain,main_overlap,posterior_exponent × group
239,-0.0295647511100207,pain,main_overlap,posterior_exponent × group
240,-0.0819552367254512,pain,main_overlap,posterior_exponent × group
241,0.0132303399929259,pain,main_overlap,posterior_exponent × group
242,0.0604013776564217,pain,main_overlap,posterior_exponent × group
243,0.0803596446234533,pain,main_overlap,posterior_exponent × group
244,-0.112917732291746,pain,main_overlap,posterior_exponent × group
245,-0.2202395610232941,pain,main_overlap,posterior_exponent × group
246,-0.0155274804326132,pain,main_overlap,posterior_exponent × group
247,-0.5373027664533596,pain,main_overlap,posterior_exponent × group
248,-0.0877286954970534,pain,main_overlap,posterior_exponent × group
249,0.142099546766957,pain,main_overlap,posterior_exponent × group
250,-0.1166627531839051,pain,main_overlap,posterior_exponent × group
251,-0.2542440282142789,pain,main_overlap,posterior_exponent × group
252,0.1249008501130857,pain,main_overlap,posterior_exponent × group
253,-0.0956920878792674,pain,main_overlap,posterior_exponent × group
254,-0.2683348404595759,pain,main_overlap,posterior_exponent × group
255,0.2240126344399462,pain,main_overlap,posterior_exponent × group
256,0.1989461639621765,pain,main_overlap,posterior_exponent × group
257,-0.346675329861818,pain,main_overlap,posterior_exponent × group
258,0.0417235813901993,pain,main_overlap,posterior_exponent × group
259,-0.2659212844609473,pain,main_overlap,posterior_exponent × group
260,-0.2741582576823669,pain,main_overlap,posterior_exponent × group
261,-0.1141070997268697,pain,main_overlap,posterior_exponent × group
262,-0.1767253191626428,pain,main_overlap,posterior_exponent × group
263,-0.0505284290672991,pain,main_overlap,posterior_exponent × group
264,-0.150474989114807,pain,main_overlap,posterior_exponent × group
265,-0.0314745632022453,pain,main_overlap,posterior_exponent × group
266,-0.2932445002756454,pain,main_overlap,posterior_exponent × group
267,0.027093496861216,pain,main_overlap,posterior_exponent × group
268,0.0848636858890499,pain,main_overlap,posterior_exponent × group
269,-0.0486266641518862,pain,main_overlap,posterior_exponent × group
270,-0.0326114255042662,pain,main_overlap,posterior_exponent × group
271,-0.1072467646843788,pain,main_overlap,posterior_exponent × group
272,-0.1185066443367909,pain,main_overlap,posterior_exponent × group
273,-0.32202311034769,pain,main_overlap,posterior_exponent × group
274,-0.0486077254019893,pain,main_overlap,posterior_exponent × group
275,-0.5097936297116706,pain,main_overlap,posterior_exponent × group
276,-0.251473277926126,pain,main_overlap,posterior_exponent × group
277,-0.1809325362424218,pain,main_overlap,posterior_exponent × group
278,-0.1198133908104972,pain,main_overlap,posterior_exponent × group
279,-0.121586352870181,pain,main_overlap,posterior_exponent × group
280,-0.5453091628054793,pain,main_overlap,posterior_exponent × group
281,-0.2678325835677701,pain,main_overlap,posterior_exponent × group
282,-0.0587134076788806,pain,main_overlap,posterior_exponent × group
283,0.0791944361387535,pain,main_overlap,posterior_exponent × group
284,-0.2934998858189597,pain,main_overlap,posterior_exponent × group
285,0.1524542001913611,pain,main_overlap,posterior_exponent × group
286,-0.1611771291635703,pain,main_overlap,posterior_exponent × group
287,-0.0716450797514021,pain,main_overlap,posterior_exponent × group
288,-0.1398086949738308,pain,main_overlap,posterior_exponent × group
289,-0.0335501806161385,pain,main_overlap,posterior_exponent × group
290,-0.1206365898146932,pain,main_overlap,posterior_exponent × group
291,-0.1297594847075499,pain,main_overlap,posterior_exponent × group
292,-0.2342074637572551,pain,main_overlap,posterior_exponent × group
293,-0.0587096593901692,pain,main_overlap,posterior_exponent × group
294,-0.137016179892741,pain,main_overlap,posterior_exponent × group
295,-0.352374882718846,pain,main_overlap,posterior_exponent × group
296,0.019819606434192,pain,main_overlap,posterior_exponent × group
297,0.1876248880918132,pain,main_overlap,posterior_exponent × group
298,-0.1330611505444336,pain,main_overlap,posterior_exponent × group
299,-0.0161374508273964,pain,main_overlap,posterior_exponent × group
300,-0.1520323854172846,pain,main_overlap,posterior_exponent × group
301,-0.1646318003344637,pain,main_overlap,posterior_exponent × group
302,0.0752958666685066,pain,main_overlap,posterior_exponent × group
303,0.0616051887010081,pain,main_overlap,posterior_exponent × group
304,-0.2556888164724896,pain,main_overlap,posterior_exponent × group
305,-0.0210581047643282,pain,main_overlap,posterior_exponent × group
306,-0.142155264311947,pain,main_overlap,posterior_exponent × group
307,-0.3277501119614094,pain,main_overlap,posterior_exponent × group
308,-0.0431852558283534,pain,main_overlap,posterior_exponent × group
309,0.0580026515188266,pain,main_overlap,posterior_exponent × group
310,-0.2926203495343667,pain,main_overlap,posterior_exponent × group
311,-0.3158471080638984,pain,main_overlap,posterior_exponent × group
312,0.0534945250082733,pain,main_overlap,posterior_exponent × group
313,-0.2053470086514923,pain,main_overlap,posterior_exponent × group
314,0.0403741795040588,pain,main_overlap,posterior_exponent × group
315,-0.1124564881449077,pain,main_overlap,posterior_exponent × group
316,0.004332303062786,pain,main_overlap,posterior_exponent × group
317,-0.186617714347621,pain,main_overlap,posterior_exponent × group
318,0.0783524316694547,pain,main_overlap,posterior_exponent × group
319,-0.1638906651353167,pain,main_overlap,posterior_exponent × group
320,-0.0830878798359512,pain,main_overlap,posterior_exponent × group
321,-0.2966848319035348,pain,main_overlap,posterior_exponent × group
322,-0.1226895891257609,pain,main_overlap,posterior_exponent × group
323,-0.0526861834955692,pain,main_overlap,posterior_exponent × group
324,-0.4974897231789981,pain,main_overlap,posterior_exponent × group
325,-0.3245099557857336,pain,main_overlap,posterior_exponent × group
326,0.020612427439742,pain,main_overlap,posterior_exponent × group
327,-0.0287438546491046,pain,main_overlap,posterior_exponent × group
328,-0.2988875120908685,pain,main_overlap,posterior_exponent × group
329,-0.3090964802897175,pain,main_overlap,posterior_exponent × group
330,-0.0429016464357556,pain,main_overlap,posterior_exponent × group
331,-0.1783831479950446,pain,main_overlap,posterior_exponent × group
332,-0.1431170727832035,pain,main_overlap,posterior_exponent × group
333,-0.4675593124861647,pain,main_overlap,posterior_exponent × group
334,-0.0980261061058376,pain,main_overlap,posterior_exponent × group
335,-0.0943209917032503,pain,main_overlap,posterior_exponent × group
336,-0.2367459487538379,pain,main_overlap,posterior_exponent × group
337,-0.0422243172423591,pain,main_overlap,posterior_exponent × group
338,-0.3264452642958436,pain,main_overlap,posterior_exponent × group
339,0.1133844196965022,pain,main_overlap,posterior_exponent × group
340,-0.271267695043079,pain,main_overlap,posterior_exponent × group
341,0.0873489127083114,pain,main_overlap,posterior_exponent × group
342,-0.2608611905068013,pain,main_overlap,posterior_exponent × group
343,-0.123739989486924,pain,main_overlap,posterior_exponent × group
344,0.0681130358738998,pain,main_overlap,posterior_exponent × group
345,-0.0699315787294264,pain,main_overlap,posterior_exponent × group
346,-0.0859114668236381,pain,main_overlap,posterior_exponent × group
347,-0.4710169032351026,pain,main_overlap,posterior_exponent × group
348,-0.0517757517407004,pain,main_overlap,posterior_exponent × group
349,-0.0231203745299835,pain,main_overlap,posterior_exponent × group
350,-0.148038037198217,pain,main_overlap,posterior_exponent × group
351,-0.1856307349666586,pain,main_overlap,posterior_exponent × group
352,-0.0038456681632126,pain,main_overlap,posterior_exponent × group
353,-0.4073928274913095,pain,main_overlap,posterior_exponent × group
354,-0.246719571261702,pain,main_overlap,posterior_exponent × group
355,0.249715893315966,pain,main_overlap,posterior_exponent × group
356,-0.1738975204331581,pain,main_overlap,posterior_exponent × group
357,-0.0853168865092234,pain,main_overlap,posterior_exponent × group
358,-0.0995186825160836,pain,main_overlap,posterior_exponent × group
359,-0.1389318933534821,pain,main_overlap,posterior_exponent × group
360,-0.0145668673910784,pain,main_overlap,posterior_exponent × group
361,-0.1011563584002308,pain,main_overlap,posterior_exponent × group
362,-0.1503360218123247,pain,main_overlap,posterior_exponent × group
363,-0.062851600661961,pain,main_overlap,posterior_exponent × group
364,0.0127130493215314,pain,main_overlap,posterior_exponent × group
365,0.3035939786929729,pain,main_overlap,posterior_exponent × group
366,-0.2840597593006667,pain,main_overlap,posterior_exponent × group
367,0.177187779068785,pain,main_overlap,posterior_exponent × group
368,-0.0893364144980466,pain,main_overlap,posterior_exponent × group
369,-0.0992615930490624,pain,main_overlap,posterior_exponent × group
370,-0.1250136664090284,pain,main_overlap,posterior_exponent × group
371,0.2119772773278192,pain,main_overlap,posterior_exponent × group
372,0.0014143063451067,pain,main_overlap,posterior_exponent × group
373,0.2825742640276113,pain,main_overlap,posterior_exponent × group
374,-0.0133897827850197,pain,main_overlap,posterior_exponent × group
375,-0.1730596358599957,pain,main_overlap,posterior_exponent × group
376,-0.260603049976467,pain,main_overlap,posterior_exponent × group
377,-0.2361790822416346,pain,main_overlap,posterior_exponent × group
378,0.0060334934364977,pain,main_overlap,posterior_exponent × group
379,-0.2464279498981001,pain,main_overlap,posterior_exponent × group
380,-0.1740123668788659,pain,main_overlap,posterior_exponent × group
381,-0.1282288216339615,pain,main_overlap,posterior_exponent × group
382,-0.2063072392992856,pain,main_overlap,posterior_exponent × group
383,0.0255649912682338,pain,main_overlap,posterior_exponent × group
384,0.0506594968625263,pain,main_overlap,posterior_exponent × group
385,-0.050131961929829,pain,main_overlap,posterior_exponent × group
386,-0.0284018710507304,pain,main_overlap,posterior_exponent × group
387,-0.2596565295035319,pain,main_overlap,posterior_exponent × group
388,-0.5023767900713194,pain,main_overlap,posterior_exponent × group
389,-0.1192285501520894,pain,main_overlap,posterior_exponent × group
390,-0.1042545357919643,pain,main_overlap,posterior_exponent × group
391,0.0639377706209379,pain,main_overlap,posterior_exponent × group
392,-0.1570645420655907,pain,main_overlap,posterior_exponent × group
393,-0.0599634391162543,pain,main_overlap,posterior_exponent × group
394,-0.0537606474038249,pain,main_overlap,posterior_exponent × group
395,-0.0582850701484507,pain,main_overlap,posterior_exponent × group
396,0.0126390930009972,pain,main_overlap,posterior_exponent × group
397,-0.1568083862050344,pain,main_overlap,posterior_exponent × group
398,-0.3853078725501386,pain,main_overlap,posterior_exponent × group
399,-0.2725736250555884,pain,main_overlap,posterior_exponent × group
400,-0.0619753113955071,pain,main_overlap,posterior_exponent × group
401,0.0252488315316865,pain,main_overlap,posterior_exponent × group
402,-0.0150323900747063,pain,main_overlap,posterior_exponent × group
403,0.1787526094809794,pain,main_overlap,posterior_exponent × group
404,-0.1489280089479965,pain,main_overlap,posterior_exponent × group
405,0.0333044953148398,pain,main_overlap,posterior_exponent × group
406,0.1275697367499147,pain,main_overlap,posterior_exponent × group
407,-0.0286463628126775,pain,main_overlap,posterior_exponent × group
408,-0.0823145687045064,pain,main_overlap,posterior_exponent × group
409,0.0174470637540487,pain,main_overlap,posterior_exponent × group
410,-0.4916666567990425,pain,main_overlap,posterior_exponent × group
411,-0.0709517070233577,pain,main_overlap,posterior_exponent × group
412,0.0276269497524293,pain,main_overlap,posterior_exponent × group
413,0.0659002041808394,pain,main_overlap,posterior_exponent × group
414,0.0401505175340616,pain,main_overlap,posterior_exponent × group
415,-0.2189593625233174,pain,main_overlap,posterior_exponent × group
416,-0.3563002008661182,pain,main_overlap,posterior_exponent × group
417,-0.2391031437881403,pain,main_overlap,posterior_exponent × group
418,-0.2810852538171079,pain,main_overlap,posterior_exponent × group
419,-0.4860061925308815,pain,main_overlap,posterior_exponent × group
420,0.0565375833823211,pain,main_overlap,posterior_exponent × group
421,-0.2886757969141486,pain,main_overlap,posterior_exponent × group
422,0.0876433354196915,pain,main_overlap,posterior_exponent × group
423,-0.2252663687675102,pain,main_overlap,posterior_exponent × group
424,-0.0139578424973059,pain,main_overlap,posterior_exponent × group
425,0.1665823934669979,pain,main_overlap,posterior_exponent × group
426,-0.2132061858156008,pain,main_overlap,posterior_exponent × group
427,0.2206123888779711,pain,main_overlap,posterior_exponent × group
428,-0.0937623498218745,pain,main_overlap,posterior_exponent × group
429,-0.0554308790950933,pain,main_overlap,posterior_exponent × group
430,0.0327364897427472,pain,main_overlap,posterior_exponent × group
431,0.0738675015656084,pain,main_overlap,posterior_exponent × group
432,-0.2192888765984704,pain,main_overlap,posterior_exponent × group
433,-0.0104339265540384,pain,main_overlap,posterior_exponent × group
434,-0.2149819486208418,pain,main_overlap,posterior_exponent × group
435,-0.3024488758477437,pain,main_overlap,posterior_exponent × group
436,-0.19362724436933,pain,main_overlap,posterior_exponent × group
437,-0.2510668124165862,pain,main_overlap,posterior_exponent × group
438,0.0153987197303468,pain,main_overlap,posterior_exponent × group
439,-0.1873129098504843,pain,main_overlap,posterior_exponent × group
440,-0.1098454076115307,pain,main_overlap,posterior_exponent × group
441,-0.2063299322320059,pain,main_overlap,posterior_exponent × group
442,-0.0872096377052595,pain,main_overlap,posterior_exponent × group
443,-0.2501385789989633,pain,main_overlap,posterior_exponent × group
444,0.0917456468836223,pain,main_overlap,posterior_exponent × group
445,-0.1486966823124775,pain,main_overlap,posterior_exponent × group
446,-0.1811116823528208,pain,main_overlap,posterior_exponent × group
447,0.016988918631154,pain,main_overlap,posterior_exponent × group
448,0.0102549686327907,pain,main_overlap,posterior_exponent × group
449,-0.3283227973363484,pain,main_overlap,posterior_exponent × group
450,-0.0690910017334971,pain,main_overlap,posterior_exponent × group
451,0.1241688910090068,pain,main_overlap,posterior_exponent × group
452,-0.1320468827981575,pain,main_overlap,posterior_exponent × group
453,0.0007339441695648,pain,main_overlap,posterior_exponent × group
454,0.0910380563290093,pain,main_overlap,posterior_exponent × group
455,-0.262716692227196,pain,main_overlap,posterior_exponent × group
456,0.0444033812154834,pain,main_overlap,posterior_exponent × group
457,-0.2147774767003524,pain,main_overlap,posterior_exponent × group
458,-0.1664075661644955,pain,main_overlap,posterior_exponent × group
459,0.1112241267288781,pain,main_overlap,posterior_exponent × group
460,-0.3192940461151237,pain,main_overlap,posterior_exponent × group
461,0.0424914661520139,pain,main_overlap,posterior_exponent × group
462,-0.1789997506174479,pain,main_overlap,posterior_exponent × group
463,-0.3056438563101057,pain,main_overlap,posterior_exponent × group
464,-0.5048706209108351,pain,main_overlap,posterior_exponent × group
465,0.0560349875525889,pain,main_overlap,posterior_exponent × group
466,-0.295540075163151,pain,main_overlap,posterior_exponent × group
467,-0.4269313778165481,pain,main_overlap,posterior_exponent × group
468,-0.3057885563372675,pain,main_overlap,posterior_exponent × group
469,-0.2343272626294669,pain,main_overlap,posterior_exponent × group
470,-0.1794790040606021,pain,main_overlap,posterior_exponent × group
471,-0.3463252822418482,pain,main_overlap,posterior_exponent × group
472,-0.1062192989311215,pain,main_overlap,posterior_exponent × group
473,0.014366001186288,pain,main_overlap,posterior_exponent × group
474,0.12442098416859,pain,main_overlap,posterior_exponent × group
475,0.0062486467143859,pain,main_overlap,posterior_exponent × group
476,0.1179586792976167,pain,main_overlap,posterior_exponent × group
477,-0.0431508673032809,pain,main_overlap,posterior_exponent × group
478,0.1562380567640828,pain,main_overlap,posterior_exponent × group
479,-0.0895298809744,pain,main_overlap,posterior_exponent × group
480,-0.067009831482093,pain,main_overlap,posterior_exponent × group
481,-0.2781782516824205,pain,main_overlap,posterior_exponent × group
482,-0.1740797719447528,pain,main_overlap,posterior_exponent × group
483,-0.2024297221737143,pain,main_overlap,posterior_exponent × group
484,0.0537710251237519,pain,main_overlap,posterior_exponent × group
485,-0.2195700872846064,pain,main_overlap,posterior_exponent × group
486,-0.2727336472727397,pain,main_overlap,posterior_exponent × group
487,-0.2307523335757174,pain,main_overlap,posterior_exponent × group
488,-0.1908893314751745,pain,main_overlap,posterior_exponent × group
489,0.2008629651596669,pain,main_overlap,posterior_exponent × group
490,-0.2106190862179026,pain,main_overlap,posterior_exponent × group
491,-0.0049872083414225,pain,main_overlap,posterior_exponent × group
492,-0.2578437152546713,pain,main_overlap,posterior_exponent × group
493,-0.0873921699194252,pain,main_overlap,posterior_exponent × group
494,-0.0292096429337909,pain,main_overlap,posterior_exponent × group
495,-0.1486756745055654,pain,main_overlap,posterior_exponent × group
496,-0.1499039094780353,pain,main_overlap,posterior_exponent × group
497,-0.0906391046524397,pain,main_overlap,posterior_exponent × group
498,-0.2713688859341374,pain,main_overlap,posterior_exponent × group
499,-0.2270008093256637,pain,main_overlap,posterior_exponent × group
500,-0.1727908560425949,pain,main_overlap,posterior_exponent × group
501,-0.0937203053256435,pain,main_overlap,posterior_exponent × group
502,-0.0665584722716316,pain,main_overlap,posterior_exponent × group
503,0.0431895720627677,pain,main_overlap,posterior_exponent × group
504,-0.0046548445688374,pain,main_overlap,posterior_exponent × group
505,-0.1303009471341804,pain,main_overlap,posterior_exponent × group
506,-0.0998622932626002,pain,main_overlap,posterior_exponent × group
507,0.0574161053947309,pain,main_overlap,posterior_exponent × group
508,-0.3916690280961075,pain,main_overlap,posterior_exponent × group
509,-0.0503395730078014,pain,main_overlap,posterior_exponent × group
510,0.0106530397911519,pain,main_overlap,posterior_exponent × group
511,-0.0531641971290033,pain,main_overlap,posterior_exponent × group
512,-0.0654569606738671,pain,main_overlap,posterior_exponent × group
513,-0.2655044273771276,pain,main_overlap,posterior_exponent × group
514,0.1344460890391999,pain,main_overlap,posterior_exponent × group
515,-0.1698410469873033,pain,main_overlap,posterior_exponent × group
516,-0.0568642851399289,pain,main_overlap,posterior_exponent × group
517,0.1201197608948604,pain,main_overlap,posterior_exponent × group
518,-0.2068744279638532,pain,main_overlap,posterior_exponent × group
519,-0.0544920970369911,pain,main_overlap,posterior_exponent × group
520,-0.0640176770895105,pain,main_overlap,posterior_exponent × group
521,-0.2263135940266705,pain,main_overlap,posterior_exponent × group
522,-0.1973650496565217,pain,main_overlap,posterior_exponent × group
523,0.0072857171764925,pain,main_overlap,posterior_exponent × group
524,-0.0609241865965474,pain,main_overlap,posterior_exponent × group
525,0.0315539324881935,pain,main_overlap,posterior_exponent × group
526,0.1714582196237922,pain,main_overlap,posterior_exponent × group
527,-0.2978569557014897,pain,main_overlap,posterior_exponent × group
528,-0.1425269399741756,pain,main_overlap,posterior_exponent × group
529,-0.299190729975785,pain,main_overlap,posterior_exponent × group
530,-0.1645217277832783,pain,main_overlap,posterior_exponent × group
531,-0.1927318146098169,pain,main_overlap,posterior_exponent × group
532,0.0275780883858258,pain,main_overlap,posterior_exponent × group
533,-0.0258927767831976,pain,main_overlap,posterior_exponent × group
534,-0.1028846781334936,pain,main_overlap,posterior_exponent × group
535,-0.2027953678991096,pain,main_overlap,posterior_exponent × group
536,0.0272066919376195,pain,main_overlap,posterior_exponent × group
537,-0.229636984862155,pain,main_overlap,posterior_exponent × group
538,-0.3090353438420395,pain,main_overlap,posterior_exponent × group
539,-0.1610363758600516,pain,main_overlap,posterior_exponent × group
540,0.0004627712671985,pain,main_overlap,posterior_exponent × group
541,-0.0864508901640492,pain,main_overlap,posterior_exponent × group
542,0.0499016337356128,pain,main_overlap,posterior_exponent × group
543,-0.1879087159533086,pain,main_overlap,posterior_exponent × group
544,-0.1738910898496438,pain,main_overlap,posterior_exponent × group
545,-0.1922452556219594,pain,main_overlap,posterior_exponent × group
546,0.0427003472209975,pain,main_overlap,posterior_exponent × group
547,-0.0852056259643459,pain,main_overlap,posterior_exponent × group
548,-0.0108512530871631,pain,main_overlap,posterior_exponent × group
549,-0.5664381728411201,pain,main_overlap,posterior_exponent × group
550,-0.3427216632945908,pain,main_overlap,posterior_exponent × group
551,-0.3705938411917578,pain,main_overlap,posterior_exponent × group
552,-0.1074235379329827,pain,main_overlap,posterior_exponent × group
553,-0.2900802387729662,pain,main_overlap,posterior_exponent × group
554,-0.0643986548576229,pain,main_overlap,posterior_exponent × group
555,-0.2338748118640859,pain,main_overlap,posterior_exponent × group
556,-0.0874709973828051,pain,main_overlap,posterior_exponent × group
557,0.0940159836965073,pain,main_overlap,posterior_exponent × group
558,-0.1490711597320713,pain,main_overlap,posterior_exponent × group
559,-0.3997188826847413,pain,main_overlap,posterior_exponent × group
560,-0.1437413427889238,pain,main_overlap,posterior_exponent × group
561,-0.1413245541205411,pain,main_overlap,posterior_exponent × group
562,-0.1909460219544057,pain,main_overlap,posterior_exponent × group
563,-0.3743274388029684,pain,main_overlap,posterior_exponent × group
564,-0.0637680352947829,pain,main_overlap,posterior_exponent × group
565,0.2539392788752139,pain,main_overlap,posterior_exponent × group
566,-0.2711136798852944,pain,main_overlap,posterior_exponent × group
567,-0.1832202078371116,pain,main_overlap,posterior_exponent × group
568,-0.3411086907643574,pain,main_overlap,posterior_exponent × group
569,-0.040053338649443,pain,main_overlap,posterior_exponent × group
570,-0.238263888477629,pain,main_overlap,posterior_exponent × group
571,0.0229201896689711,pain,main_overlap,posterior_exponent × group
572,0.0330125406051794,pain,main_overlap,posterior_exponent × group
573,-0.0427379644997166,pain,main_overlap,posterior_exponent × group
574,0.134008067651396,pain,main_overlap,posterior_exponent × group
575,-0.1030943229500705,pain,main_overlap,posterior_exponent × group
576,-0.3791686722632554,pain,main_overlap,posterior_exponent × group
577,-0.0692595898450263,pain,main_overlap,posterior_exponent × group
578,-0.0542965795691676,pain,main_overlap,posterior_exponent × group
579,-0.2169649880626329,pain,main_overlap,posterior_exponent × group
580,0.1909750256536967,pain,main_overlap,posterior_exponent × group
581,0.0420878163337652,pain,main_overlap,posterior_exponent × group
582,-0.3154632318802566,pain,main_overlap,posterior_exponent × group
583,-0.126483672403333,pain,main_overlap,posterior_exponent × group
584,-0.4151098252261383,pain,main_overlap,posterior_exponent × group
585,-0.2516492346446795,pain,main_overlap,posterior_exponent × group
586,0.2202530594889859,pain,main_overlap,posterior_exponent × group
587,0.2567847355686828,pain,main_overlap,posterior_exponent × group
588,0.0538310551702604,pain,main_overlap,posterior_exponent × group
589,-0.282806250708698,pain,main_overlap,posterior_exponent × group
590,0.0997348575789356,pain,main_overlap,posterior_exponent × group
591,-0.2776553963832356,pain,main_overlap,posterior_exponent × group
592,0.0135843155661588,pain,main_overlap,posterior_exponent × group
593,-0.0498820043321735,pain,main_overlap,posterior_exponent × group
594,-0.2329390615186811,pain,main_overlap,posterior_exponent × group
595,-0.1596484153805813,pain,main_overlap,posterior_exponent × group
596,-0.1421316924373368,pain,main_overlap,posterior_exponent × group
597,-0.1843213929628867,pain,main_overlap,posterior_exponent × group
598,0.008426540813082,pain,main_overlap,posterior_exponent × group
599,-0.0416352343650509,pain,main_overlap,posterior_exponent × group
600,-0.0276291750329969,pain,main_overlap,posterior_exponent × group
601,-0.1440125204969234,pain,main_overlap,posterior_exponent × group
602,-0.369350720759321,pain,main_overlap,posterior_exponent × group
603,-0.1431466726274643,pain,main_overlap,posterior_exponent × group
604,-0.1314934803153035,pain,main_overlap,posterior_exponent × group
605,-0.0199619556340335,pain,main_overlap,posterior_exponent × group
606,0.0679086072141322,pain,main_overlap,posterior_exponent × group
607,0.0986329632865121,pain,main_overlap,posterior_exponent × group
608,0.072407608285965,pain,main_overlap,posterior_exponent × group
609,-0.1396398068102445,pain,main_overlap,posterior_exponent × group
610,-0.1497372903270769,pain,main_overlap,posterior_exponent × group
611,-0.1760896688780735,pain,main_overlap,posterior_exponent × group
612,0.0829703504378955,pain,main_overlap,posterior_exponent × group
613,0.0530174414067072,pain,main_overlap,posterior_exponent × group
614,0.1515605523651383,pain,main_overlap,posterior_exponent × group
615,-0.2554823751012651,pain,main_overlap,posterior_exponent × group
616,-0.0017642483597666,pain,main_overlap,posterior_exponent × group
617,-0.2945751027106796,pain,main_overlap,posterior_exponent × group
618,-0.0752377112757467,pain,main_overlap,posterior_exponent × group
619,-0.2612365716517318,pain,main_overlap,posterior_exponent × group
620,-0.0908571042378601,pain,main_overlap,posterior_exponent × group
621,-0.1383312577850061,pain,main_overlap,posterior_exponent × group
622,-0.2805918677584502,pain,main_overlap,posterior_exponent × group
623,-0.0282216919938249,pain,main_overlap,posterior_exponent × group
624,-0.2054650181179152,pain,main_overlap,posterior_exponent × group
625,-0.1456853794666933,pain,main_overlap,posterior_exponent × group
626,0.1077212806535396,pain,main_overlap,posterior_exponent × group
627,-0.2500244737106453,pain,main_overlap,posterior_exponent × group
628,-0.0881438161463427,pain,main_overlap,posterior_exponent × group
629,-0.1982402268711033,pain,main_overlap,posterior_exponent × group
630,-0.369928389909314,pain,main_overlap,posterior_exponent × group
631,-0.0736604131568028,pain,main_overlap,posterior_exponent × group
632,-0.0052691593416463,pain,main_overlap,posterior_exponent × group
633,-0.3831922614611587,pain,main_overlap,posterior_exponent × group
634,-0.3262384670183513,pain,main_overlap,posterior_exponent × group
635,-0.1758954854075375,pain,main_overlap,posterior_exponent × group
636,-0.0562127113350274,pain,main_overlap,posterior_exponent × group
637,-0.3344545525816575,pain,main_overlap,posterior_exponent × group
638,-0.1480113518294686,pain,main_overlap,posterior_exponent × group
639,-0.1216877256027688,pain,main_overlap,posterior_exponent × group
640,-0.5102941989287181,pain,main_overlap,posterior_exponent × group
641,0.0139945008677369,pain,main_overlap,posterior_exponent × group
642,-0.0744376901602062,pain,main_overlap,posterior_exponent × group
643,-0.1299620134894519,pain,main_overlap,posterior_exponent × group
644,-0.1178929887563416,pain,main_overlap,posterior_exponent × group
645,-0.2000816839422982,pain,main_overlap,posterior_exponent × group
646,-0.0240581466939311,pain,main_overlap,posterior_exponent × group
647,-0.34296261395954,pain,main_overlap,posterior_exponent × group
648,-0.0899133717189455,pain,main_overlap,posterior_exponent × group
649,-0.2693125151183623,pain,main_overlap,posterior_exponent × group
650,0.0037571091537863,pain,main_overlap,posterior_exponent × group
651,-0.002689926196272,pain,main_overlap,posterior_exponent × group
652,0.0299018239759092,pain,main_overlap,posterior_exponent × group
653,-0.0906884909682746,pain,main_overlap,posterior_exponent × group
654,-0.1065809295060929,pain,main_overlap,posterior_exponent × group
655,-0.1907437211485028,pain,main_overlap,posterior_exponent × group
656,0.0522514852018798,pain,main_overlap,posterior_exponent × group
657,-0.2516141657811021,pain,main_overlap,posterior_exponent × group
658,-0.2951572677299734,pain,main_overlap,posterior_exponent × group
659,-0.0886087825046493,pain,main_overlap,posterior_exponent × group
660,0.1479841071938058,pain,main_overlap,posterior_exponent × group
661,-0.3243989764958068,pain,main_overlap,posterior_exponent × group
662,-0.1864024562281291,pain,main_overlap,posterior_exponent × group
663,-0.3143495841697209,pain,main_overlap,posterior_exponent × group
664,0.0515848933413675,pain,main_overlap,posterior_exponent × group
665,0.1840039008991827,pain,main_overlap,posterior_exponent × group
666,-0.0539435716712786,pain,main_overlap,posterior_exponent × group
667,-0.2055607329929612,pain,main_overlap,posterior_exponent × group
668,-0.1781132257096493,pain,main_overlap,posterior_exponent × group
669,-0.2394488266698464,pain,main_overlap,posterior_exponent × group
670,-0.3045385779871612,pain,main_overlap,posterior_exponent × group
671,-0.0743669523669698,pain,main_overlap,posterior_exponent × group
672,0.186681253347287,pain,main_overlap,posterior_exponent × group
673,-0.0634161705883764,pain,main_overlap,posterior_exponent × group
674,-0.0862183520870419,pain,main_overlap,posterior_exponent × group
675,-0.0617761249438219,pain,main_overlap,posterior_exponent × group
676,-0.1649512059390189,pain,main_overlap,posterior_exponent × group
677,-0.2915222829209143,pain,main_overlap,posterior_exponent × group
678,-0.2301831325697556,pain,main_overlap,posterior_exponent × group
679,-0.0266598094629325,pain,main_overlap,posterior_exponent × group
680,-0.1746064330308284,pain,main_overlap,posterior_exponent × group
681,-0.2803647474390665,pain,main_overlap,posterior_exponent × group
682,-0.3621052095249274,pain,main_overlap,posterior_exponent × group
683,-0.0892095621253511,pain,main_overlap,posterior_exponent × group
684,0.0005360372079582,pain,main_overlap,posterior_exponent × group
685,-0.2584010044513235,pain,main_overlap,posterior_exponent × group
686,-0.0815423705850093,pain,main_overlap,posterior_exponent × group
687,-0.0548992428864544,pain,main_overlap,posterior_exponent × group
688,-0.1507953398605732,pain,main_overlap,posterior_exponent × group
689,-0.0611448414277315,pain,main_overlap,posterior_exponent × group
690,0.0735688867490469,pain,main_overlap,posterior_exponent × group
691,-0.2403112239179407,pain,main_overlap,posterior_exponent × group
692,0.0875758208861615,pain,main_overlap,posterior_exponent × group
693,0.0696878222269423,pain,main_overlap,posterior_exponent × group
694,0.1816466537038407,pain,main_overlap,posterior_exponent × group
695,0.0815724079234699,pain,main_overlap,posterior_exponent × group
696,-0.4992275473653432,pain,main_overlap,posterior_exponent × group
697,-0.3809439715409951,pain,main_overlap,posterior_exponent × group
698,-0.2809486363234303,pain,main_overlap,posterior_exponent × group
699,0.0370808853480918,pain,main_overlap,posterior_exponent × group
700,-0.2268369619204449,pain,main_overlap,posterior_exponent × group
701,-0.0480970381304657,pain,main_overlap,posterior_exponent × group
702,-0.1600049535450036,pain,main_overlap,posterior_exponent × group
703,-0.2979783807568247,pain,main_overlap,posterior_exponent × group
704,-0.1897777957237352,pain,main_overlap,posterior_exponent × group
705,-0.0845335777987017,pain,main_overlap,posterior_exponent × group
706,-0.0937429196006475,pain,main_overlap,posterior_exponent × group
707,-0.1609344242219895,pain,main_overlap,posterior_exponent × group
708,-0.0947542779199398,pain,main_overlap,posterior_exponent × group
709,-0.2296307112292281,pain,main_overlap,posterior_exponent × group
710,-0.2021432640225545,pain,main_overlap,posterior_exponent × group
711,-0.0963174980911611,pain,main_overlap,posterior_exponent × group
712,-0.004920644433712,pain,main_overlap,posterior_exponent × group
713,-0.2077262235970976,pain,main_overlap,posterior_exponent × group
714,-0.1459304697844103,pain,main_overlap,posterior_exponent × group
715,-0.071130421880819,pain,main_overlap,posterior_exponent × group
716,0.06436549528128,pain,main_overlap,posterior_exponent × group
717,-0.1168130980509076,pain,main_overlap,posterior_exponent × group
718,-0.2503438699070047,pain,main_overlap,posterior_exponent × group
719,-0.1473037371812307,pain,main_overlap,posterior_exponent × group
720,0.213066721791699,pain,main_overlap,posterior_exponent × group
721,-0.1543846613009851,pain,main_overlap,posterior_exponent × group
722,-0.1364635691904074,pain,main_overlap,posterior_exponent × group
723,-0.2661340072678653,pain,main_overlap,posterior_exponent × group
724,0.1599800209683936,pain,main_overlap,posterior_exponent × group
725,-0.2698112859223256,pain,main_overlap,posterior_exponent × group
726,-0.1581781660502685,pain,main_overlap,posterior_exponent × group
727,-0.1967944644683072,pain,main_overlap,posterior_exponent × group
728,-0.5119494301418421,pain,main_overlap,posterior_exponent × group
729,0.0221299027417871,pain,main_overlap,posterior_exponent × group
730,-0.2165905468760546,pain,main_overlap,posterior_exponent × group
731,0.0429273042988008,pain,main_overlap,posterior_exponent × group
732,-0.4252874269805484,pain,main_overlap,posterior_exponent × group
733,-0.1539903694905089,pain,main_overlap,posterior_exponent × group
734,-0.1727516793672188,pain,main_overlap,posterior_exponent × group
735,0.2613245891154476,pain,main_overlap,posterior_exponent × group
736,-0.0136030141295599,pain,main_overlap,posterior_exponent × group
737,0.0263749674991998,pain,main_overlap,posterior_exponent × group
738,-0.1152937478164583,pain,main_overlap,posterior_exponent × group
739,-0.1908821289621953,pain,main_overlap,posterior_exponent × group
740,-0.0877088287906489,pain,main_overlap,posterior_exponent × group
741,0.0244090826178141,pain,main_overlap,posterior_exponent × group
742,-0.092657081789583,pain,main_overlap,posterior_exponent × group
743,-0.1184207488268055,pain,main_overlap,posterior_exponent × group
744,0.0351622563288359,pain,main_overlap,posterior_exponent × group
745,-0.127706568577638,pain,main_overlap,posterior_exponent × group
746,-0.2782071871922989,pain,main_overlap,posterior_exponent × group
747,-0.0356721482402884,pain,main_overlap,posterior_exponent × group
748,-0.1134873124984428,pain,main_overlap,posterior_exponent × group
749,-0.158038048186127,pain,main_overlap,posterior_exponent × group
750,-0.0799312365227573,pain,main_overlap,posterior_exponent × group
751,0.0329618683460598,pain,main_overlap,posterior_exponent × group
752,-0.0670936556693506,pain,main_overlap,posterior_exponent × group
753,-0.1647132496035295,pain,main_overlap,posterior_exponent × group
754,-0.1091433684792851,pain,main_overlap,posterior_exponent × group
755,-0.4486594144509013,pain,main_overlap,posterior_exponent × group
756,0.1866494439001876,pain,main_overlap,posterior_exponent × group
757,-0.4185029907205518,pain,main_overlap,posterior_exponent × group
758,-0.0272200378910824,pain,main_overlap,posterior_exponent × group
759,-0.2518729090890309,pain,main_overlap,posterior_exponent × group
760,0.1146419368633531,pain,main_overlap,posterior_exponent × group
761,-0.4605695885907095,pain,main_overlap,posterior_exponent × group
762,-0.0061182079667631,pain,main_overlap,posterior_exponent × group
763,-0.0604826209341914,pain,main_overlap,posterior_exponent × group
764,0.0195524195165462,pain,main_overlap,posterior_exponent × group
765,0.0249320708273969,pain,main_overlap,posterior_exponent × group
766,-0.2927858857971862,pain,main_overlap,posterior_exponent × group
767,-0.1032937490358134,pain,main_overlap,posterior_exponent × group
768,-0.1952913874478095,pain,main_overlap,posterior_exponent × group
769,-0.1193129813248356,pain,main_overlap,posterior_exponent × group
770,-0.1211865158856414,pain,main_overlap,posterior_exponent × group
771,-0.188688285517235,pain,main_overlap,posterior_exponent × group
772,-0.0716146547216228,pain,main_overlap,posterior_exponent × group
773,-0.4547453632478712,pain,main_overlap,posterior_exponent × group
774,-0.0525260844647851,pain,main_overlap,posterior_exponent × group
775,-0.0776664093888528,pain,main_overlap,posterior_exponent × group
776,-0.1411653202563594,pain,main_overlap,posterior_exponent × group
777,0.0004068607618236,pain,main_overlap,posterior_exponent × group
778,-0.1959239980369491,pain,main_overlap,posterior_exponent × group
779,-0.1452042163738275,pain,main_overlap,posterior_exponent × group
780,0.100774880864219,pain,main_overlap,posterior_exponent × group
781,-0.3623138312853002,pain,main_overlap,posterior_exponent × group
782,-0.2254158121011022,pain,main_overlap,posterior_exponent × group
783,-0.0237066562741976,pain,main_overlap,posterior_exponent × group
784,-0.1730773372180648,pain,main_overlap,posterior_exponent × group
785,-0.0715186784649321,pain,main_overlap,posterior_exponent × group
786,-0.1000160014902919,pain,main_overlap,posterior_exponent × group
787,-0.0387587894076377,pain,main_overlap,posterior_exponent × group
788,0.1247764841220296,pain,main_overlap,posterior_exponent × group
789,0.146410844105778,pain,main_overlap,posterior_exponent × group
790,-0.0373083617854122,pain,main_overlap,posterior_exponent × group
791,0.2080704139162837,pain,main_overlap,posterior_exponent × group
792,-0.3194956572325863,pain,main_overlap,posterior_exponent × group
793,-0.0247032334386862,pain,main_overlap,posterior_exponent × group
794,-0.1615127304205242,pain,main_overlap,posterior_exponent × group
795,-0.0710070201273564,pain,main_overlap,posterior_exponent × group
796,-0.067198510815705,pain,main_overlap,posterior_exponent × group
797,-0.0192097708662315,pain,main_overlap,posterior_exponent × group
798,0.0329448113753392,pain,main_overlap,posterior_exponent × group
799,-0.273218114787793,pain,main_overlap,posterior_exponent × group
800,-0.3498035585134554,pain,main_overlap,posterior_exponent × group
801,-0.3005098533507433,pain,main_overlap,posterior_exponent × group
802,-0.2467505055147324,pain,main_overlap,posterior_exponent × group
803,-0.2162637931708098,pain,main_overlap,posterior_exponent × group
804,-0.1970689003182908,pain,main_overlap,posterior_exponent × group
805,-0.349644427987199,pain,main_overlap,posterior_exponent × group
806,0.0214195099065186,pain,main_overlap,posterior_exponent × group
807,0.0759919581779776,pain,main_overlap,posterior_exponent × group
808,-0.1221905825797518,pain,main_overlap,posterior_exponent × group
809,-0.0760046394267872,pain,main_overlap,posterior_exponent × group
810,0.3433869218020275,pain,main_overlap,posterior_exponent × group
811,-0.0093970417400671,pain,main_overlap,posterior_exponent × group
812,-0.0357836033076487,pain,main_overlap,posterior_exponent × group
813,-0.1459394344661469,pain,main_overlap,posterior_exponent × group
814,-0.2064370617046712,pain,main_overlap,posterior_exponent × group
815,0.0094455472525558,pain,main_overlap,posterior_exponent × group
816,-0.4904399689918046,pain,main_overlap,posterior_exponent × group
817,-0.3059766502530932,pain,main_overlap,posterior_exponent × group
818,-0.1238753987525555,pain,main_overlap,posterior_exponent × group
819,0.2567384619118844,pain,main_overlap,posterior_exponent × group
820,-0.0897700330189878,pain,main_overlap,posterior_exponent × group
821,-0.1406589560523276,pain,main_overlap,posterior_exponent × group
822,0.0455947447427012,pain,main_overlap,posterior_exponent × group
823,-0.0140059892770789,pain,main_overlap,posterior_exponent × group
824,-0.4248456643208814,pain,main_overlap,posterior_exponent × group
825,-0.1825849552987479,pain,main_overlap,posterior_exponent × group
826,-0.3188780565978972,pain,main_overlap,posterior_exponent × group
827,-0.1187705054972013,pain,main_overlap,posterior_exponent × group
828,-0.1781480375923735,pain,main_overlap,posterior_exponent × group
829,-0.0411496873950686,pain,main_overlap,posterior_exponent × group
830,-0.3444898744375133,pain,main_overlap,posterior_exponent × group
831,-0.3734359108363724,pain,main_overlap,posterior_exponent × group
832,0.0186143802827596,pain,main_overlap,posterior_exponent × group
833,-0.0579859160757997,pain,main_overlap,posterior_exponent × group
834,0.0137558087955349,pain,main_overlap,posterior_exponent × group
835,0.2272691390113827,pain,main_overlap,posterior_exponent × group
836,-0.122488131118248,pain,main_overlap,posterior_exponent × group
837,-0.0497202729515727,pain,main_overlap,posterior_exponent × group
838,-0.199286964850709,pain,main_overlap,posterior_exponent × group
839,-0.256945723746747,pain,main_overlap,posterior_exponent × group
840,-0.4015578823572867,pain,main_overlap,posterior_exponent × group
841,0.046425413204456,pain,main_overlap,posterior_exponent × group
842,-0.2152413372614166,pain,main_overlap,posterior_exponent × group
843,-0.0526428595593211,pain,main_overlap,posterior_exponent × group
844,-0.1731488373727,pain,main_overlap,posterior_exponent × group
845,0.1225448298655921,pain,main_overlap,posterior_exponent × group
846,-0.0840174287637989,pain,main_overlap,posterior_exponent × group
847,-0.2590065965191358,pain,main_overlap,posterior_exponent × group
848,-0.3060012619396093,pain,main_overlap,posterior_exponent × group
849,-0.4955613096114191,pain,main_overlap,posterior_exponent × group
850,-0.1253997977134554,pain,main_overlap,posterior_exponent × group
851,-0.0470225831667499,pain,main_overlap,posterior_exponent × group
852,-0.1238353565181431,pain,main_overlap,posterior_exponent × group
853,-0.0619324524189026,pain,main_overlap,posterior_exponent × group
854,-0.0312498579891707,pain,main_overlap,posterior_exponent × group
855,-0.2829324129404635,pain,main_overlap,posterior_exponent × group
856,-0.2167070844896306,pain,main_overlap,posterior_exponent × group
857,-0.1071994515415027,pain,main_overlap,posterior_exponent × group
858,-0.1492222361659714,pain,main_overlap,posterior_exponent × group
859,-0.3042314110878875,pain,main_overlap,posterior_exponent × group
860,-0.3477394391295123,pain,main_overlap,posterior_exponent × group
861,-0.1312073850181433,pain,main_overlap,posterior_exponent × group
862,-0.0510347553898581,pain,main_overlap,posterior_exponent × group
863,-0.1722271685955679,pain,main_overlap,posterior_exponent × group
864,-0.1330400355371421,pain,main_overlap,posterior_exponent × group
865,-0.2518904328129458,pain,main_overlap,posterior_exponent × group
866,-0.0978306356223534,pain,main_overlap,posterior_exponent × group
867,0.1404220136386348,pain,main_overlap,posterior_exponent × group
868,-0.2268565504412651,pain,main_overlap,posterior_exponent × group
869,-0.1450151043316924,pain,main_overlap,posterior_exponent × group
870,-0.0537690230126017,pain,main_overlap,posterior_exponent × group
871,0.0744139487001028,pain,main_overlap,posterior_exponent × group
872,-0.1923948487956694,pain,main_overlap,posterior_exponent × group
873,-0.3160093120761645,pain,main_overlap,posterior_exponent × group
874,-0.0965356382391773,pain,main_overlap,posterior_exponent × group
875,-0.1866983282781339,pain,main_overlap,posterior_exponent × group
876,-0.0878773031484698,pain,main_overlap,posterior_exponent × group
877,-0.1729375940893558,pain,main_overlap,posterior_exponent × group
878,-0.2820641792767975,pain,main_overlap,posterior_exponent × group
879,-0.0727580598663666,pain,main_overlap,posterior_exponent × group
880,-0.3130584439896363,pain,main_overlap,posterior_exponent × group
881,-0.0396195115613737,pain,main_overlap,posterior_exponent × group
882,-0.0241506737868016,pain,main_overlap,posterior_exponent × group
883,0.0181867924622093,pain,main_overlap,posterior_exponent × group
884,-0.1974996237107817,pain,main_overlap,posterior_exponent × group
885,-0.0226411686176062,pain,main_overlap,posterior_exponent × group
886,-0.2338330161756663,pain,main_overlap,posterior_exponent × group
887,0.0176810568655795,pain,main_overlap,posterior_exponent × group
888,-0.3206244193900461,pain,main_overlap,posterior_exponent × group
889,-0.323114242999881,pain,main_overlap,posterior_exponent × group
890,-0.194423508932546,pain,main_overlap,posterior_exponent × group
891,-0.1187990120436266,pain,main_overlap,posterior_exponent × group
892,-0.1881483081928903,pain,main_overlap,posterior_exponent × group
893,-0.1475030823705507,pain,main_overlap,posterior_exponent × group
894,-0.0440564212508883,pain,main_overlap,posterior_exponent × group
895,-0.0164837428090621,pain,main_overlap,posterior_exponent × group
896,0.0024450350926571,pain,main_overlap,posterior_exponent × group
897,-0.2354223685587648,pain,main_overlap,posterior_exponent × group
898,-0.1620595063526612,pain,main_overlap,posterior_exponent × group
899,-0.0378435074386039,pain,main_overlap,posterior_exponent × group
900,-0.045414525563729,pain,main_overlap,posterior_exponent × group
901,-0.1241422326390446,pain,main_overlap,posterior_exponent × group
902,-0.1605431049604012,pain,main_overlap,posterior_exponent × group
903,-0.0015354062831825,pain,main_overlap,posterior_exponent × group
904,0.1463133619552093,pain,main_overlap,posterior_exponent × group
905,0.1595445904416758,pain,main_overlap,posterior_exponent × group
906,-0.3872843748402934,pain,main_overlap,posterior_exponent × group
907,-0.0269003822803262,pain,main_overlap,posterior_exponent × group
908,-0.038694207179304,pain,main_overlap,posterior_exponent × group
909,0.1163505481046456,pain,main_overlap,posterior_exponent × group
910,-0.0805218320050943,pain,main_overlap,posterior_exponent × group
911,-0.224584231768005,pain,main_overlap,posterior_exponent × group
912,0.0311840576712473,pain,main_overlap,posterior_exponent × group
913,-0.0854997809662125,pain,main_overlap,posterior_exponent × group
914,0.0340958272573462,pain,main_overlap,posterior_exponent × group
915,0.1335286029089037,pain,main_overlap,posterior_exponent × group
916,-0.0203550196515668,pain,main_overlap,posterior_exponent × group
917,0.1410659247174109,pain,main_overlap,posterior_exponent × group
918,-0.1605060952033582,pain,main_overlap,posterior_exponent × group
919,-0.1496766589856256,pain,main_overlap,posterior_exponent × group
920,0.0233134181910017,pain,main_overlap,posterior_exponent × group
921,0.0006999292735767,pain,main_overlap,posterior_exponent × group
922,0.0149882237575313,pain,main_overlap,posterior_exponent × group
923,-0.1942403657984245,pain,main_overlap,posterior_exponent × group
924,-0.2192227488343995,pain,main_overlap,posterior_exponent × group
925,0.0730453418268139,pain,main_overlap,posterior_exponent × group
926,-0.1832793482699691,pain,main_overlap,posterior_exponent × group
927,-0.158358282803389,pain,main_overlap,posterior_exponent × group
928,0.0511364183390707,pain,main_overlap,posterior_exponent × group
929,0.1590735849988048,pain,main_overlap,posterior_exponent × group
930,-0.1041577322569296,pain,main_overlap,posterior_exponent × group
931,-0.0576929260692594,pain,main_overlap,posterior_exponent × group
932,-0.0379540913685281,pain,main_overlap,posterior_exponent × group
933,-0.3102999045569144,pain,main_overlap,posterior_exponent × group
934,-0.0180532251347524,pain,main_overlap,posterior_exponent × group
935,0.1019388378513557,pain,main_overlap,posterior_exponent × group
936,0.0212829701077334,pain,main_overlap,posterior_exponent × group
937,0.1965962064819182,pain,main_overlap,posterior_exponent × group
938,-0.1438737752569639,pain,main_overlap,posterior_exponent × group
939,-0.1169876862069848,pain,main_overlap,posterior_exponent × group
940,-0.1897395882739906,pain,main_overlap,posterior_exponent × group
941,-0.0625123845743858,pain,main_overlap,posterior_exponent × group
942,-0.2837127198730876,pain,main_overlap,posterior_exponent × group
943,-0.0832739877037175,pain,main_overlap,posterior_exponent × group
944,0.1416553733590463,pain,main_overlap,posterior_exponent × group
945,0.0787660083078474,pain,main_overlap,posterior_exponent × group
946,-0.209231424714008,pain,main_overlap,posterior_exponent × group
947,0.1758598602498089,pain,main_overlap,posterior_exponent × group
948,-0.2587449733017837,pain,main_overlap,posterior_exponent × group
949,-0.2489068124551154,pain,main_overlap,posterior_exponent × group
950,-0.0397975325933045,pain,main_overlap,posterior_exponent × group
951,0.0405780190411319,pain,main_overlap,posterior_exponent × group
952,-0.4182461579363229,pain,main_overlap,posterior_exponent × group
953,0.0883322786014608,pain,main_overlap,posterior_exponent × group
954,0.0430551006977797,pain,main_overlap,posterior_exponent × group
955,-0.1353341409239474,pain,main_overlap,posterior_exponent × group
956,-0.2808093070128262,pain,main_overlap,posterior_exponent × group
957,-0.3544623217250747,pain,main_overlap,posterior_exponent × group
958,-0.3297024913972624,pain,main_overlap,posterior_exponent × group
959,0.0256706787398139,pain,main_overlap,posterior_exponent × group
960,-0.0273631810675722,pain,main_overlap,posterior_exponent × group
961,-0.2434279478827153,pain,main_overlap,posterior_exponent × group
962,0.0965372518122011,pain,main_overlap,posterior_exponent × group
963,0.0762856021818457,pain,main_overlap,posterior_exponent × group
964,-0.4295899942017905,pain,main_overlap,posterior_exponent × group
965,-0.2438519970205559,pain,main_overlap,posterior_exponent × group
966,-0.0668807148668358,pain,main_overlap,posterior_exponent × group
967,-0.0935919899399116,pain,main_overlap,posterior_exponent × group
968,-0.0464919756505451,pain,main_overlap,posterior_exponent × group
969,-0.2304340587101546,pain,main_overlap,posterior_exponent × group
970,0.0265982043786764,pain,main_overlap,posterior_exponent × group
971,-0.0519501090841334,pain,main_overlap,posterior_exponent × group
972,-0.0581203926604152,pain,main_overlap,posterior_exponent × group
973,-0.3412539173167421,pain,main_overlap,posterior_exponent × group
974,-0.0231057924446829,pain,main_overlap,posterior_exponent × group
975,-0.2193227653311446,pain,main_overlap,posterior_exponent × group
976,-0.0003620750747531,pain,main_overlap,posterior_exponent × group
977,0.2598145184854172,pain,main_overlap,posterior_exponent × group
978,0.225291099816094,pain,main_overlap,posterior_exponent × group
979,0.0851439924511469,pain,main_overlap,posterior_exponent × group
980,-0.1056156515137151,pain,main_overlap,posterior_exponent × group
981,-0.2208177632730672,pain,main_overlap,posterior_exponent × group
982,0.0067597186996669,pain,main_overlap,posterior_exponent × group
983,0.0336382223695214,pain,main_overlap,posterior_exponent × group
984,-0.1703964729951034,pain,main_overlap,posterior_exponent × group
985,-0.1140018121831991,pain,main_overlap,posterior_exponent × group
986,-0.2971467566775471,pain,main_overlap,posterior_exponent × group
987,-0.1059909794111957,pain,main_overlap,posterior_exponent × group
988,-0.040713803176979,pain,main_overlap,posterior_exponent × group
989,-0.0090067487684379,pain,main_overlap,posterior_exponent × group
990,-0.3660084349834439,pain,main_overlap,posterior_exponent × group
991,-0.2245931230097832,pain,main_overlap,posterior_exponent × group
992,-0.1492700751086171,pain,main_overlap,posterior_exponent × group
993,-0.2479602618699337,pain,main_overlap,posterior_exponent × group
994,-0.2089766265769943,pain,main_overlap,posterior_exponent × group
995,-0.0880107395433586,pain,main_overlap,posterior_exponent × group
996,-0.1328760632942503,pain,main_overlap,posterior_exponent × group
997,-0.1244290448866584,pain,main_overlap,posterior_exponent × group
998,-0.209269119406774,pain,main_overlap,posterior_exponent × group
999,-0.2923058555805032,pain,main_overlap,posterior_exponent × group
1000,0.1152967622387012,pain,main_overlap,posterior_exponent × group
1001,-0.0715056813308852,pain,main_overlap,posterior_exponent × group
1002,-0.1529325137827947,pain,main_overlap,posterior_exponent × group
1003,-0.1065766934133159,pain,main_overlap,posterior_exponent × group
1004,-0.1578928478486249,pain,main_overlap,posterior_exponent × group
1005,-0.0791538790802633,pain,main_overlap,posterior_exponent × group
1006,0.1503640954130622,pain,main_overlap,posterior_exponent × group
1007,0.0193903828747944,pain,main_overlap,posterior_exponent × group
1008,-0.1284792053481033,pain,main_overlap,posterior_exponent × group
1009,-0.1447882026144936,pain,main_overlap,posterior_exponent × group
1010,-0.223637419464062,pain,main_overlap,posterior_exponent × group
1011,-0.2450227256635759,pain,main_overlap,posterior_exponent × group
1012,0.078151868594386,pain,main_overlap,posterior_exponent × group
1013,-0.0884294199242885,pain,main_overlap,posterior_exponent × group
1014,-0.1550634321853567,pain,main_overlap,posterior_exponent × group
1015,-0.0835341538102577,pain,main_overlap,posterior_exponent × group
1016,0.1147054800591748,pain,main_overlap,posterior_exponent × group
1017,-0.0884593835063047,pain,main_overlap,posterior_exponent × group
1018,-0.1526338859032689,pain,main_overlap,posterior_exponent × group
1019,-0.1771766392246083,pain,main_overlap,posterior_exponent × group
1020,-0.2654619999261624,pain,main_overlap,posterior_exponent × group
1021,-0.0288008446154827,pain,main_overlap,posterior_exponent × group
1022,0.1922672001412739,pain,main_overlap,posterior_exponent × group
1023,-0.2244517064134046,pain,main_overlap,posterior_exponent × group
1024,-0.0257120239978626,pain,main_overlap,posterior_exponent × group
1025,0.0701735693247792,pain,main_overlap,posterior_exponent × group
1026,0.1253113789874809,pain,main_overlap,posterior_exponent × group
1027,0.0372938747130342,pain,main_overlap,posterior_exponent × group
1028,-0.1568981615691115,pain,main_overlap,posterior_exponent × group
1029,-0.0116140147517127,pain,main_overlap,posterior_exponent × group
1030,-0.1102291697531136,pain,main_overlap,posterior_exponent × group
1031,-0.2679817806504524,pain,main_overlap,posterior_exponent × group
1032,-0.0136698128023626,pain,main_overlap,posterior_exponent × group
1033,-0.3947993629728097,pain,main_overlap,posterior_exponent × group
1034,-0.2014963003089584,pain,main_overlap,posterior_exponent × group
1035,-0.2346233168291263,pain,main_overlap,posterior_exponent × group
1036,-0.3351350326919983,pain,main_overlap,posterior_exponent × group
1037,0.0500850856568027,pain,main_overlap,posterior_exponent × group
1038,-0.1809804798136633,pain,main_overlap,posterior_exponent × group
1039,0.0466257676490299,pain,main_overlap,posterior_exponent × group
1040,-0.2430872691697004,pain,main_overlap,posterior_exponent × group
1041,-0.3180974151329127,pain,main_overlap,posterior_exponent × group
1042,0.0458628664537724,pain,main_overlap,posterior_exponent × group
1043,-0.2650737164098563,pain,main_overlap,posterior_exponent × group
1044,0.0074704630788558,pain,main_overlap,posterior_exponent × group
1045,-0.2201460825424154,pain,main_overlap,posterior_exponent × group
1046,-0.0199387163125348,pain,main_overlap,posterior_exponent × group
1047,-0.0949966731604696,pain,main_overlap,posterior_exponent × group
1048,-0.1855047069680181,pain,main_overlap,posterior_exponent × group
1049,0.0284169442578245,pain,main_overlap,posterior_exponent × group
1050,-0.267726037693733,pain,main_overlap,posterior_exponent × group
1051,-0.2780068752252098,pain,main_overlap,posterior_exponent × group
1052,-0.0763752160222172,pain,main_overlap,posterior_exponent × group
1053,-0.1211978185265908,pain,main_overlap,posterior_exponent × group
1054,-0.4236969605381072,pain,main_overlap,posterior_exponent × group
1055,-0.0576088537112575,pain,main_overlap,posterior_exponent × group
1056,-0.20174201122998,pain,main_overlap,posterior_exponent × group
1057,-0.1126347951566489,pain,main_overlap,posterior_exponent × group
1058,-0.1683196162964938,pain,main_overlap,posterior_exponent × group
1059,0.1058844537111288,pain,main_overlap,posterior_exponent × group
1060,-0.1377033024741379,pain,main_overlap,posterior_exponent × group
1061,0.117483923015152,pain,main_overlap,posterior_exponent × group
1062,-0.0453127991566488,pain,main_overlap,posterior_exponent × group
1063,0.0165928483339729,pain,main_overlap,posterior_exponent × group
1064,-0.1722406615293791,pain,main_overlap,posterior_exponent × group
1065,0.0039056640160526,pain,main_overlap,posterior_exponent × group
1066,-0.3466540345769893,pain,main_overlap,posterior_exponent × group
1067,-0.4179763432738943,pain,main_overlap,posterior_exponent × group
1068,-0.1720438180219248,pain,main_overlap,posterior_exponent × group
1069,-0.0897614414501774,pain,main_overlap,posterior_exponent × group
1070,-0.2196886244886552,pain,main_overlap,posterior_exponent × group
1071,-0.0560390509149884,pain,main_overlap,posterior_exponent × group
1072,0.0518722905319635,pain,main_overlap,posterior_exponent × group
1073,-0.2159783759120238,pain,main_overlap,posterior_exponent × group
1074,-0.3433851726710021,pain,main_overlap,posterior_exponent × group
1075,-0.3928036362841345,pain,main_overlap,posterior_exponent × group
1076,0.1108650731496431,pain,main_overlap,posterior_exponent × group
1077,-0.0278645434946611,pain,main_overlap,posterior_exponent × group
1078,-0.4264004000642411,pain,main_overlap,posterior_exponent × group
1079,-0.1757276323833944,pain,main_overlap,posterior_exponent × group
1080,-0.2912876974323506,pain,main_overlap,posterior_exponent × group
1081,-0.357374234408242,pain,main_overlap,posterior_exponent × group
1082,-0.2170659582987487,pain,main_overlap,posterior_exponent × group
1083,-0.239605088612198,pain,main_overlap,posterior_exponent × group
1084,-0.4471902444241211,pain,main_overlap,posterior_exponent × group
1085,-0.1875974483933524,pain,main_overlap,posterior_exponent × group
1086,-0.1645870418012884,pain,main_overlap,posterior_exponent × group
1087,-0.1587175801420663,pain,main_overlap,posterior_exponent × group
1088,0.2078145573439326,pain,main_overlap,posterior_exponent × group
1089,-0.0503359619305489,pain,main_overlap,posterior_exponent × group
1090,-0.1246907568122146,pain,main_overlap,posterior_exponent × group
1091,-0.1666213065561434,pain,main_overlap,posterior_exponent × group
1092,-0.2975561274611402,pain,main_overlap,posterior_exponent × group
1093,-0.0836244874741535,pain,main_overlap,posterior_exponent × group
1094,-0.1628496888929137,pain,main_overlap,posterior_exponent × group
1095,-0.3225602517085058,pain,main_overlap,posterior_exponent × group
1096,0.1714593183015754,pain,main_overlap,posterior_exponent × group
1097,-0.0870735569441837,pain,main_overlap,posterior_exponent × group
1098,-0.3517100569112532,pain,main_overlap,posterior_exponent × group
1099,-0.0182674554703992,pain,main_overlap,posterior_exponent × group
1100,0.0242891973369489,pain,main_overlap,posterior_exponent × group
1101,-0.1717253431538425,pain,main_overlap,posterior_exponent × group
1102,-0.1427249992692775,pain,main_overlap,posterior_exponent × group
1103,0.0123175413112637,pain,main_overlap,posterior_exponent × group
1104,-0.1371772243852159,pain,main_overlap,posterior_exponent × group
1105,0.1009713547019391,pain,main_overlap,posterior_exponent × group
1106,-0.2931718057582724,pain,main_overlap,posterior_exponent × group
1107,-0.253991307329651,pain,main_overlap,posterior_exponent × group
1108,-0.3194621617358954,pain,main_overlap,posterior_exponent × group
1109,-0.2581915798221486,pain,main_overlap,posterior_exponent × group
1110,0.0287187727525518,pain,main_overlap,posterior_exponent × group
1111,-0.4024527493836769,pain,main_overlap,posterior_exponent × group
1112,-0.2381014685509136,pain,main_overlap,posterior_exponent × group
1113,-0.1015758031825272,pain,main_overlap,posterior_exponent × group
1114,-0.1041163403598701,pain,main_overlap,posterior_exponent × group
1115,0.127333572246581,pain,main_overlap,posterior_exponent × group
1116,0.0231896410558868,pain,main_overlap,posterior_exponent × group
1117,-0.0837371756730505,pain,main_overlap,posterior_exponent × group
1118,-0.0123798990276993,pain,main_overlap,posterior_exponent × group
1119,-0.103520162256301,pain,main_overlap,posterior_exponent × group
1120,-0.0456381533852095,pain,main_overlap,posterior_exponent × group
1121,-0.012672824269049,pain,main_overlap,posterior_exponent × group
1122,-0.095460595361246,pain,main_overlap,posterior_exponent × group
1123,-0.0411314843491097,pain,main_overlap,posterior_exponent × group
1124,-0.4527092131010657,pain,main_overlap,posterior_exponent × group
1125,0.0627914818203757,pain,main_overlap,posterior_exponent × group
1126,-0.1806597832011948,pain,main_overlap,posterior_exponent × group
1127,-0.1133114190366052,pain,main_overlap,posterior_exponent × group
1128,-0.0542058321296285,pain,main_overlap,posterior_exponent × group
1129,-0.3516979406720272,pain,main_overlap,posterior_exponent × group
1130,-0.1422406754721011,pain,main_overlap,posterior_exponent × group
1131,-0.1886808279624598,pain,main_overlap,posterior_exponent × group
1132,-0.3695912224855676,pain,main_overlap,posterior_exponent × group
1133,-0.2988177179543063,pain,main_overlap,posterior_exponent × group
1134,-0.2240595212359928,pain,main_overlap,posterior_exponent × group
1135,-0.1374818902796019,pain,main_overlap,posterior_exponent × group
1136,0.162810898523744,pain,main_overlap,posterior_exponent × group
1137,-0.1922130135919396,pain,main_overlap,posterior_exponent × group
1138,-0.0628596832982651,pain,main_overlap,posterior_exponent × group
1139,-0.1925311034320514,pain,main_overlap,posterior_exponent × group
1140,-0.1181271324321962,pain,main_overlap,posterior_exponent × group
1141,-0.0995387165780821,pain,main_overlap,posterior_exponent × group
1142,-0.5453310434759859,pain,main_overlap,posterior_exponent × group
1143,0.2179752539499803,pain,main_overlap,posterior_exponent × group
1144,-0.1732462950680823,pain,main_overlap,posterior_exponent × group
1145,-0.0331583067647635,pain,main_overlap,posterior_exponent × group
1146,0.0222207660279674,pain,main_overlap,posterior_exponent × group
1147,-0.2677128659537292,pain,main_overlap,posterior_exponent × group
1148,-0.0241038707065408,pain,main_overlap,posterior_exponent × group
1149,-0.2184329501920693,pain,main_overlap,posterior_exponent × group
1150,-0.2052718110560049,pain,main_overlap,posterior_exponent × group
1151,-0.0024787788609076,pain,main_overlap,posterior_exponent × group
1152,0.0426869150679971,pain,main_overlap,posterior_exponent × group
1153,-0.0700499839339863,pain,main_overlap,posterior_exponent × group
1154,-0.166901451957575,pain,main_overlap,posterior_exponent × group
1155,-0.4501163353235796,pain,main_overlap,posterior_exponent × group
1156,-0.2115637636543787,pain,main_overlap,posterior_exponent × group
1157,0.0160755523234456,pain,main_overlap,posterior_exponent × group
1158,0.0071372500572159,pain,main_overlap,posterior_exponent × group
1159,-0.2464940990964311,pain,main_overlap,posterior_exponent × group
1160,0.1621172166765838,pain,main_overlap,posterior_exponent × group
1161,-0.2380830849633888,pain,main_overlap,posterior_exponent × group
1162,0.0474182866988524,pain,main_overlap,posterior_exponent × group
1163,-0.1432953390154921,pain,main_overlap,posterior_exponent × group
1164,-0.3205978941540852,pain,main_overlap,posterior_exponent × group
1165,-0.0118034445633941,pain,main_overlap,posterior_exponent × group
1166,0.1105676298111624,pain,main_overlap,posterior_exponent × group
1167,-0.0691100203346502,pain,main_overlap,posterior_exponent × group
1168,-0.0872150289175108,pain,main_overlap,posterior_exponent × group
1169,-0.2079094854849987,pain,main_overlap,posterior_exponent × group
1170,-0.3071710494506592,pain,main_overlap,posterior_exponent × group
1171,0.0329833384174664,pain,main_overlap,posterior_exponent × group
1172,-0.1221029561106364,pain,main_overlap,posterior_exponent × group
1173,0.0431948334547925,pain,main_overlap,posterior_exponent × group
1174,-0.1198450125545141,pain,main_overlap,posterior_exponent × group
1175,0.1093665404423279,pain,main_overlap,posterior_exponent × group
1176,-0.2948203172219138,pain,main_overlap,posterior_exponent × group
1177,-0.2281639953561277,pain,main_overlap,posterior_exponent × group
1178,-0.0695450892536441,pain,main_overlap,posterior_exponent × group
1179,-0.0624656884293461,pain,main_overlap,posterior_exponent × group
1180,0.0585262898683708,pain,main_overlap,posterior_exponent × group
1181,-0.0644909768798935,pain,main_overlap,posterior_exponent × group
1182,-0.1687649897268461,pain,main_overlap,posterior_exponent × group
1183,-0.3191851561554256,pain,main_overlap,posterior_exponent × group
1184,-0.1429219913561573,pain,main_overlap,posterior_exponent × group
1185,-0.1247082046121628,pain,main_overlap,posterior_exponent × group
1186,-0.1765805900053034,pain,main_overlap,posterior_exponent × group
1187,0.1914584989724158,pain,main_overlap,posterior_exponent × group
1188,-0.0269725871971082,pain,main_overlap,posterior_exponent × group
1189,0.0902733521132474,pain,main_overlap,posterior_exponent × group
1190,-0.0502426372258816,pain,main_overlap,posterior_exponent × group
1191,0.0911969635483762,pain,main_overlap,posterior_exponent × group
1192,-0.1291841490960805,pain,main_overlap,posterior_exponent × group
1193,-0.1464044071132632,pain,main_overlap,posterior_exponent × group
1194,-0.2005539097800037,pain,main_overlap,posterior_exponent × group
1195,-0.2535672570196665,pain,main_overlap,posterior_exponent × group
1196,-0.1971829074987807,pain,main_overlap,posterior_exponent × group
1197,-0.0161233276977385,pain,main_overlap,posterior_exponent × group
1198,0.0277721594505145,pain,main_overlap,posterior_exponent × group
1199,0.1241172477442552,pain,main_overlap,posterior_exponent × group
1200,-0.1770222726357693,pain,main_overlap,posterior_exponent × group
1201,-0.1704579037827919,pain,main_overlap,posterior_exponent × group
1202,-0.0478731254118712,pain,main_overlap,posterior_exponent × group
1203,0.1059760252694748,pain,main_overlap,posterior_exponent × group
1204,-0.1899003554926482,pain,main_overlap,posterior_exponent × group
1205,-0.3336092098333367,pain,main_overlap,posterior_exponent × group
1206,-0.3864407983805227,pain,main_overlap,posterior_exponent × group
1207,-0.3322794633223956,pain,main_overlap,posterior_exponent × group
1208,-0.118409244832979,pain,main_overlap,posterior_exponent × group
1209,-0.02699662732866,pain,main_overlap,posterior_exponent × group
1210,-0.1657277749771802,pain,main_overlap,posterior_exponent × group
1211,-0.1407018962354004,pain,main_overlap,posterior_exponent × group
1212,-0.150696720518059,pain,main_overlap,posterior_exponent × group
1213,-0.0980165894270625,pain,main_overlap,posterior_exponent × group
1214,0.0044530840824902,pain,main_overlap,posterior_exponent × group
1215,-0.0847169461852151,pain,main_overlap,posterior_exponent × group
1216,-0.0247208703483088,pain,main_overlap,posterior_exponent × group
1217,-0.1595228191643571,pain,main_overlap,posterior_exponent × group
1218,0.2065016920323846,pain,main_overlap,posterior_exponent × group
1219,0.0215200892891637,pain,main_overlap,posterior_exponent × group
1220,-0.0861078946611781,pain,main_overlap,posterior_exponent × group
1221,-0.2414221019444472,pain,main_overlap,posterior_exponent × group
1222,0.0324198501594518,pain,main_overlap,posterior_exponent × group
1223,-0.0898447280992371,pain,main_overlap,posterior_exponent × group
1224,0.1172667922806818,pain,main_overlap,posterior_exponent × group
1225,0.1817413441461361,pain,main_overlap,posterior_exponent × group
1226,-0.1498406059142003,pain,main_overlap,posterior_exponent × group
1227,-0.2367404956669981,pain,main_overlap,posterior_exponent × group
1228,-0.1009860123959361,pain,main_overlap,posterior_exponent × group
1229,-0.3122982050074883,pain,main_overlap,posterior_exponent × group
1230,0.000267018087503,pain,main_overlap,posterior_exponent × group
1231,-0.1110017661005272,pain,main_overlap,posterior_exponent × group
1232,-0.0104563156643901,pain,main_overlap,posterior_exponent × group
1233,-0.0283379412562551,pain,main_overlap,posterior_exponent × group
1234,-0.2463316982711426,pain,main_overlap,posterior_exponent × group
1235,-0.206730226284353,pain,main_overlap,posterior_exponent × group
1236,-0.1316133926698426,pain,main_overlap,posterior_exponent × group
1237,-0.0843655219435798,pain,main_overlap,posterior_exponent × group
1238,-0.2661721155367006,pain,main_overlap,posterior_exponent × group
1239,-0.0802503253677032,pain,main_overlap,posterior_exponent × group
1240,-0.2499574294351083,pain,main_overlap,posterior_exponent × group
1241,-0.0987417057782485,pain,main_overlap,posterior_exponent × group
1242,-0.4897306273529134,pain,main_overlap,posterior_exponent × group
1243,-0.1018199269779634,pain,main_overlap,posterior_exponent × group
1244,0.0225597133338372,pain,main_overlap,posterior_exponent × group
1245,-0.097387743346604,pain,main_overlap,posterior_exponent × group
1246,-0.0975379306939902,pain,main_overlap,posterior_exponent × group
1247,-0.0899483232683899,pain,main_overlap,posterior_exponent × group
1248,-0.4146967414496236,pain,main_overlap,posterior_exponent × group
1249,0.0878161996108066,pain,main_overlap,posterior_exponent × group
1250,-0.5048079782239454,pain,main_overlap,posterior_exponent × group
1251,-0.1877634693102961,pain,main_overlap,posterior_exponent × group
1252,-0.4241543977402318,pain,main_overlap,posterior_exponent × group
1253,-0.19325828392518,pain,main_overlap,posterior_exponent × group
1254,0.1194306440812502,pain,main_overlap,posterior_exponent × group
1255,0.2588213487535176,pain,main_overlap,posterior_exponent × group
1256,-0.406666519736496,pain,main_overlap,posterior_exponent × group
1257,-0.343314562948958,pain,main_overlap,posterior_exponent × group
1258,0.0436142578393555,pain,main_overlap,posterior_exponent × group
1259,-0.175037210807097,pain,main_overlap,posterior_exponent × group
1260,-0.3401791671357281,pain,main_overlap,posterior_exponent × group
1261,-0.0629905398028352,pain,main_overlap,posterior_exponent × group
1262,-0.0102004619584272,pain,main_overlap,posterior_exponent × group
1263,0.0621149727596542,pain,main_overlap,posterior_exponent × group
1264,-0.0248148887210728,pain,main_overlap,posterior_exponent × group
1265,0.0031307519485699,pain,main_overlap,posterior_exponent × group
1266,-0.0498762712193015,pain,main_overlap,posterior_exponent × group
1267,-0.1140096491004848,pain,main_overlap,posterior_exponent × group
1268,-0.2710660497493626,pain,main_overlap,posterior_exponent × group
1269,-0.0095970341252856,pain,main_overlap,posterior_exponent × group
1270,0.0210156135465211,pain,main_overlap,posterior_exponent × group
1271,0.110689437832973,pain,main_overlap,posterior_exponent × group
1272,-0.1723897937325785,pain,main_overlap,posterior_exponent × group
1273,-0.2843539137904138,pain,main_overlap,posterior_exponent × group
1274,-0.075065086400942,pain,main_overlap,posterior_exponent × group
1275,-0.2048503114907203,pain,main_overlap,posterior_exponent × group
1276,-0.4015423985273227,pain,main_overlap,posterior_exponent × group
1277,0.0942205771133079,pain,main_overlap,posterior_exponent × group
1278,-0.0471616745315613,pain,main_overlap,posterior_exponent × group
1279,-0.1369021008394446,pain,main_overlap,posterior_exponent × group
1280,0.0392114041161536,pain,main_overlap,posterior_exponent × group
1281,-0.113926662212854,pain,main_overlap,posterior_exponent × group
1282,-0.0267433911425746,pain,main_overlap,posterior_exponent × group
1283,0.107051440935082,pain,main_overlap,posterior_exponent × group
1284,0.1201911791571236,pain,main_overlap,posterior_exponent × group
1285,-0.0770187794046866,pain,main_overlap,posterior_exponent × group
1286,-0.1840442557306298,pain,main_overlap,posterior_exponent × group
1287,-0.1069654810868247,pain,main_overlap,posterior_exponent × group
1288,-0.2961547797860017,pain,main_overlap,posterior_exponent × group
1289,-0.2180987578205503,pain,main_overlap,posterior_exponent × group
1290,-0.1408895974116806,pain,main_overlap,posterior_exponent × group
1291,0.2536181545545308,pain,main_overlap,posterior_exponent × group
1292,0.1986387581980373,pain,main_overlap,posterior_exponent × group
1293,-0.4217723171996108,pain,main_overlap,posterior_exponent × group
1294,0.1148071963688541,pain,main_overlap,posterior_exponent × group
1295,-0.0909104285319302,pain,main_overlap,posterior_exponent × group
1296,0.1343852064203456,pain,main_overlap,posterior_exponent × group
1297,-0.1876750029359169,pain,main_overlap,posterior_exponent × group
1298,-0.1585481440080949,pain,main_overlap,posterior_exponent × group
1299,0.04498094903995,pain,main_overlap,posterior_exponent × group
1300,-0.0089156667008343,pain,main_overlap,posterior_exponent × group
1301,-0.3343023463282028,pain,main_overlap,posterior_exponent × group
1302,-0.27293972120566,pain,main_overlap,posterior_exponent × group
1303,-0.188769749045028,pain,main_overlap,posterior_exponent × group
1304,-0.0540670776341317,pain,main_overlap,posterior_exponent × group
1305,-0.0709552656229872,pain,main_overlap,posterior_exponent × group
1306,-0.4113528057773683,pain,main_overlap,posterior_exponent × group
1307,0.1040664767582971,pain,main_overlap,posterior_exponent × group
1308,-0.0677639030455398,pain,main_overlap,posterior_exponent × group
1309,-0.0050319414589574,pain,main_overlap,posterior_exponent × group
1310,0.0209357451731074,pain,main_overlap,posterior_exponent × group
1311,-0.1917547500498627,pain,main_overlap,posterior_exponent × group
1312,0.3744823057584153,pain,main_overlap,posterior_exponent × group
1313,-0.0687778465355376,pain,main_overlap,posterior_exponent × group
1314,0.0367832893627523,pain,main_overlap,posterior_exponent × group
1315,-0.2396676023804027,pain,main_overlap,posterior_exponent × group
1316,0.1186084465468979,pain,main_overlap,posterior_exponent × group
1317,-0.1485994030300652,pain,main_overlap,posterior_exponent × group
1318,0.0456173194699591,pain,main_overlap,posterior_exponent × group
1319,0.1164655616012003,pain,main_overlap,posterior_exponent × group
1320,-0.0999501237866177,pain,main_overlap,posterior_exponent × group
1321,-0.1506397735766114,pain,main_overlap,posterior_exponent × group
1322,-0.0709176135028048,pain,main_overlap,posterior_exponent × group
1323,-0.1468190386088265,pain,main_overlap,posterior_exponent × group
1324,-0.3993708363664597,pain,main_overlap,posterior_exponent × group
1325,0.0877511375252533,pain,main_overlap,posterior_exponent × group
1326,0.0057186008336981,pain,main_overlap,posterior_exponent × group
1327,0.1193830119310189,pain,main_overlap,posterior_exponent × group
1328,-0.3184259611297388,pain,main_overlap,posterior_exponent × group
1329,-0.5923278636928222,pain,main_overlap,posterior_exponent × group
1330,-0.1604583498370482,pain,main_overlap,posterior_exponent × group
1331,-0.0567058567479014,pain,main_overlap,posterior_exponent × group
1332,-0.0032074248955214,pain,main_overlap,posterior_exponent × group
1333,0.0229090130681303,pain,main_overlap,posterior_exponent × group
1334,-0.2708317745634619,pain,main_overlap,posterior_exponent × group
1335,0.0484729541878211,pain,main_overlap,posterior_exponent × group
1336,-0.2176534860353552,pain,main_overlap,posterior_exponent × group
1337,-0.1041129326740456,pain,main_overlap,posterior_exponent × group
1338,0.0169862604578944,pain,main_overlap,posterior_exponent × group
1339,-0.1809308336898066,pain,main_overlap,posterior_exponent × group
1340,-0.1718135284309555,pain,main_overlap,posterior_exponent × group
1341,-0.0741332845371566,pain,main_overlap,posterior_exponent × group
1342,-0.3258710430697955,pain,main_overlap,posterior_exponent × group
1343,-0.000880362512431,pain,main_overlap,posterior_exponent × group
1344,-0.1498790207851614,pain,main_overlap,posterior_exponent × group
1345,-0.2158785330878428,pain,main_overlap,posterior_exponent × group
1346,-0.0595940711147402,pain,main_overlap,posterior_exponent × group
1347,-0.1286854003352721,pain,main_overlap,posterior_exponent × group
1348,-0.10547114420172,pain,main_overlap,posterior_exponent × group
1349,-0.0549099767668427,pain,main_overlap,posterior_exponent × group
1350,-0.2560425275968949,pain,main_overlap,posterior_exponent × group
1351,-0.2922913332954968,pain,main_overlap,posterior_exponent × group
1352,-0.0567652329388627,pain,main_overlap,posterior_exponent × group
1353,-0.1400309802144876,pain,main_overlap,posterior_exponent × group
1354,-0.1801381958362287,pain,main_overlap,posterior_exponent × group
1355,-0.1290841706143211,pain,main_overlap,posterior_exponent × group
1356,-0.0159327455735617,pain,main_overlap,posterior_exponent × group
1357,-0.086086801669228,pain,main_overlap,posterior_exponent × group
1358,-0.0984035388133773,pain,main_overlap,posterior_exponent × group
1359,-0.1465179558283187,pain,main_overlap,posterior_exponent × group
1360,-0.2019364523957258,pain,main_overlap,posterior_exponent × group
1361,0.0736549684338035,pain,main_overlap,posterior_exponent × group
1362,0.1258447460802498,pain,main_overlap,posterior_exponent × group
1363,-0.1853779912203865,pain,main_overlap,posterior_exponent × group
1364,-0.0245056325404775,pain,main_overlap,posterior_exponent × group
1365,-0.0802384184102767,pain,main_overlap,posterior_exponent × group
1366,-0.2235872321863716,pain,main_overlap,posterior_exponent × group
1367,-0.0613117254644011,pain,main_overlap,posterior_exponent × group
1368,-0.2122942863422632,pain,main_overlap,posterior_exponent × group
1369,-0.0681563619800519,pain,main_overlap,posterior_exponent × group
1370,0.2056787208903952,pain,main_overlap,posterior_exponent × group
1371,0.0172557621187911,pain,main_overlap,posterior_exponent × group
1372,0.0067066496626247,pain,main_overlap,posterior_exponent × group
1373,-0.091590342644462,pain,main_overlap,posterior_exponent × group
1374,-0.1282273574733695,pain,main_overlap,posterior_exponent × group
1375,-0.1834517083403996,pain,main_overlap,posterior_exponent × group
1376,-0.0555983096184632,pain,main_overlap,posterior_exponent × group
1377,-0.0692085497399105,pain,main_overlap,posterior_exponent × group
1378,-0.1551832003985688,pain,main_overlap,posterior_exponent × group
1379,0.0253804980698261,pain,main_overlap,posterior_exponent × group
1380,-0.0756267489500297,pain,main_overlap,posterior_exponent × group
1381,-0.021886185533777,pain,main_overlap,posterior_exponent × group
1382,-0.0871764850482997,pain,main_overlap,posterior_exponent × group
1383,-0.1293659630378183,pain,main_overlap,posterior_exponent × group
1384,0.1545236756814016,pain,main_overlap,posterior_exponent × group
1385,0.0898718600569014,pain,main_overlap,posterior_exponent × group
1386,-0.1879896121746198,pain,main_overlap,posterior_exponent × group
1387,-0.1295976065724071,pain,main_overlap,posterior_exponent × group
1388,-0.2500943561909497,pain,main_overlap,posterior_exponent × group
1389,-0.1958729616161033,pain,main_overlap,posterior_exponent × group
1390,-0.2885281088460107,pain,main_overlap,posterior_exponent × group
1391,-0.2606607289988668,pain,main_overlap,posterior_exponent × group
1392,-0.0593344179396763,pain,main_overlap,posterior_exponent × group
1393,-0.0900714424414616,pain,main_overlap,posterior_exponent × group
1394,-0.2522504575359641,pain,main_overlap,posterior_exponent × group
1395,0.0527035489782488,pain,main_overlap,posterior_exponent × group
1396,-0.0425929217945059,pain,main_overlap,posterior_exponent × group
1397,-0.1399571263711255,pain,main_overlap,posterior_exponent × group
1398,-0.0224265825745761,pain,main_overlap,posterior_exponent × group
1399,-0.1398593700038287,pain,main_overlap,posterior_exponent × group
1400,-0.1590734552838196,pain,main_overlap,posterior_exponent × group
1401,-0.0777534193627545,pain,main_overlap,posterior_exponent × group
1402,0.0424152156115215,pain,main_overlap,posterior_exponent × group
1403,-0.195080729342278,pain,main_overlap,posterior_exponent × group
1404,-0.2901192262923315,pain,main_overlap,posterior_exponent × group
1405,0.0768674974969094,pain,main_overlap,posterior_exponent × group
1406,-0.3973403028779229,pain,main_overlap,posterior_exponent × group
1407,-0.2197185749135793,pain,main_overlap,posterior_exponent × group
1408,-0.2049867664043251,pain,main_overlap,posterior_exponent × group
1409,0.0735931975331103,pain,main_overlap,posterior_exponent × group
1410,-0.3255357684384987,pain,main_overlap,posterior_exponent × group
1411,-0.5016059245857524,pain,main_overlap,posterior_exponent × group
1412,-0.0188002665278824,pain,main_overlap,posterior_exponent × group
1413,-0.1597501042137773,pain,main_overlap,posterior_exponent × group
1414,-0.0110558282084495,pain,main_overlap,posterior_exponent × group
1415,-0.1227948318645352,pain,main_overlap,posterior_exponent × group
1416,-0.2214872550165778,pain,main_overlap,posterior_exponent × group
1417,-0.3343889179991682,pain,main_overlap,posterior_exponent × group
1418,-0.4908664920353531,pain,main_overlap,posterior_exponent × group
1419,-0.0165619470499886,pain,main_overlap,posterior_exponent × group
1420,-0.0416564576270754,pain,main_overlap,posterior_exponent × group
1421,-0.0421741691296427,pain,main_overlap,posterior_exponent × group
1422,-0.0904709111843965,pain,main_overlap,posterior_exponent × group
1423,-0.1728268914671938,pain,main_overlap,posterior_exponent × group
1424,-0.0784044606455074,pain,main_overlap,posterior_exponent × group
1425,0.1404714293237146,pain,main_overlap,posterior_exponent × group
1426,-0.295023058627925,pain,main_overlap,posterior_exponent × group
1427,0.0778386181710457,pain,main_overlap,posterior_exponent × group
1428,-0.2718376308321185,pain,main_overlap,posterior_exponent × group
1429,-0.1354619888530281,pain,main_overlap,posterior_exponent × group
1430,-0.0766802686116778,pain,main_overlap,posterior_exponent × group
1431,0.0642301765277185,pain,main_overlap,posterior_exponent × group
1432,-0.0377327390472178,pain,main_overlap,posterior_exponent × group
1433,-0.2827646168175576,pain,main_overlap,posterior_exponent × group
1434,-0.0165979032144316,pain,main_overlap,posterior_exponent × group
1435,-0.4535952157203993,pain,main_overlap,posterior_exponent × group
1436,-0.0178865054999368,pain,main_overlap,posterior_exponent × group
1437,-0.2282802730014983,pain,main_overlap,posterior_exponent × group
1438,-0.0969903229921187,pain,main_overlap,posterior_exponent × group
1439,-0.1959041737082089,pain,main_overlap,posterior_exponent × group
1440,0.0141595343465829,pain,main_overlap,posterior_exponent × group
1441,-0.1726249623088705,pain,main_overlap,posterior_exponent × group
1442,-0.3150944957875194,pain,main_overlap,posterior_exponent × group
1443,-0.0916458432600958,pain,main_overlap,posterior_exponent × group
1444,-0.0568240891061682,pain,main_overlap,posterior_exponent × group
1445,-0.0609933414679835,pain,main_overlap,posterior_exponent × group
1446,-0.0206764948146321,pain,main_overlap,posterior_exponent × group
1447,-0.0464198250525057,pain,main_overlap,posterior_exponent × group
1448,-0.1633919473106228,pain,main_overlap,posterior_exponent × group
1449,-0.0352230089852809,pain,main_overlap,posterior_exponent × group
1450,0.0309357429801718,pain,main_overlap,posterior_exponent × group
1451,-0.1871348084075276,pain,main_overlap,posterior_exponent × group
1452,0.3516812593105668,pain,main_overlap,posterior_exponent × group
1453,-0.1961122039353654,pain,main_overlap,posterior_exponent × group
1454,-0.1202021205257226,pain,main_overlap,posterior_exponent × group
1455,-0.0073089752676191,pain,main_overlap,posterior_exponent × group
1456,0.0086955016255146,pain,main_overlap,posterior_exponent × group
1457,0.0671946287682416,pain,main_overlap,posterior_exponent × group
1458,-0.373632513497129,pain,main_overlap,posterior_exponent × group
1459,-0.0166528599718368,pain,main_overlap,posterior_exponent × group
1460,-0.3333973079686743,pain,main_overlap,posterior_exponent × group
1461,0.0457659580361298,pain,main_overlap,posterior_exponent × group
1462,0.0330216192274425,pain,main_overlap,posterior_exponent × group
1463,-0.1325076197297151,pain,main_overlap,posterior_exponent × group
1464,-0.2258744450191266,pain,main_overlap,posterior_exponent × group
1465,0.2129782964067605,pain,main_overlap,posterior_exponent × group
1466,-0.0669050135708232,pain,main_overlap,posterior_exponent × group
1467,-0.1159766657216539,pain,main_overlap,posterior_exponent × group
1468,-0.2631297561675738,pain,main_overlap,posterior_exponent × group
1469,0.0090947970939777,pain,main_overlap,posterior_exponent × group
1470,-0.219249768157315,pain,main_overlap,posterior_exponent × group
1471,-0.165679649796681,pain,main_overlap,posterior_exponent × group
1472,-0.2840140059587832,pain,main_overlap,posterior_exponent × group
1473,-0.1326291453832438,pain,main_overlap,posterior_exponent × group
1474,0.0687082282456058,pain,main_overlap,posterior_exponent × group
1475,-0.1580820114693517,pain,main_overlap,posterior_exponent × group
1476,-0.3783405962422576,pain,main_overlap,posterior_exponent × group
1477,-0.1617332716045197,pain,main_overlap,posterior_exponent × group
1478,-0.1199603280222048,pain,main_overlap,posterior_exponent × group
1479,-0.0930973156427941,pain,main_overlap,posterior_exponent × group
1480,-0.4224689111101883,pain,main_overlap,posterior_exponent × group
1481,-0.0785552213061159,pain,main_overlap,posterior_exponent × group
1482,-0.1815147309194474,pain,main_overlap,posterior_exponent × group
1483,0.0632229004958751,pain,main_overlap,posterior_exponent × group
1484,0.0522052427267889,pain,main_overlap,posterior_exponent × group
1485,-0.1451775725704404,pain,main_overlap,posterior_exponent × group
1486,-0.00254122780702,pain,main_overlap,posterior_exponent × group
1487,-0.0449134896459728,pain,main_overlap,posterior_exponent × group
1488,-0.0077752881421687,pain,main_overlap,posterior_exponent × group
1489,-0.0378026668565162,pain,main_overlap,posterior_exponent × group
1490,-0.1643905275743204,pain,main_overlap,posterior_exponent × group
1491,-0.1323848238386278,pain,main_overlap,posterior_exponent × group
1492,-0.1577319544849765,pain,main_overlap,posterior_exponent × group
1493,-0.1427570487513898,pain,main_overlap,posterior_exponent × group
1494,-0.4512436823415986,pain,main_overlap,posterior_exponent × group
1495,-0.3217422183746791,pain,main_overlap,posterior_exponent × group
1496,-0.1680149907634285,pain,main_overlap,posterior_exponent × group
1497,0.1027254440324966,pain,main_overlap,posterior_exponent × group
1498,-0.1046480348351828,pain,main_overlap,posterior_exponent × group
1499,-0.425971884229403,pain,main_overlap,posterior_exponent × group
1500,-0.0466034975069285,pain,main_overlap,posterior_exponent × group
1501,-0.3559956858896689,pain,main_overlap,posterior_exponent × group
1502,-0.0131455075152673,pain,main_overlap,posterior_exponent × group
1503,0.1516912603010011,pain,main_overlap,posterior_exponent × group
1504,0.0025995716644303,pain,main_overlap,posterior_exponent × group
1505,-0.2160151502527468,pain,main_overlap,posterior_exponent × group
1506,-0.5166905929222864,pain,main_overlap,posterior_exponent × group
1507,0.1071696454349679,pain,main_overlap,posterior_exponent × group
1508,-0.277935162684115,pain,main_overlap,posterior_exponent × group
1509,-0.0556257774041886,pain,main_overlap,posterior_exponent × group
1510,-0.0220480682709126,pain,main_overlap,posterior_exponent × group
1511,-0.0382392808769577,pain,main_overlap,posterior_exponent × group
1512,0.0168864861964833,pain,main_overlap,posterior_exponent × group
1513,0.0501236737676543,pain,main_overlap,posterior_exponent × group
1514,-0.0133966350338492,pain,main_overlap,posterior_exponent × group
1515,-0.2278443513061011,pain,main_overlap,posterior_exponent × group
1516,-0.0476242387241491,pain,main_overlap,posterior_exponent × group
1517,0.0343832936993246,pain,main_overlap,posterior_exponent × group
1518,0.0999991551954491,pain,main_overlap,posterior_exponent × group
1519,-0.3769539331941184,pain,main_overlap,posterior_exponent × group
1520,-0.0802011425942333,pain,main_overlap,posterior_exponent × group
1521,-0.189691160129705,pain,main_overlap,posterior_exponent × group
1522,0.1664724608483753,pain,main_overlap,posterior_exponent × group
1523,-0.1483876360774437,pain,main_overlap,posterior_exponent × group
1524,0.0082728002221692,pain,main_overlap,posterior_exponent × group
1525,0.0517805541755327,pain,main_overlap,posterior_exponent × group
1526,-0.1334156514379418,pain,main_overlap,posterior_exponent × group
1527,-0.1506070134963625,pain,main_overlap,posterior_exponent × group
1528,-0.1086291950808005,pain,main_overlap,posterior_exponent × group
1529,-0.1417511366429064,pain,main_overlap,posterior_exponent × group
1530,-0.3191164219168584,pain,main_overlap,posterior_exponent × group
1531,-0.1933222513064944,pain,main_overlap,posterior_exponent × group
1532,-0.158254328769088,pain,main_overlap,posterior_exponent × group
1533,-0.3497990820120816,pain,main_overlap,posterior_exponent × group
1534,-0.0625796000065684,pain,main_overlap,posterior_exponent × group
1535,-0.1818653842602826,pain,main_overlap,posterior_exponent × group
1536,-0.2299650078875266,pain,main_overlap,posterior_exponent × group
1537,-0.1620147153265904,pain,main_overlap,posterior_exponent × group
1538,0.0961233533193644,pain,main_overlap,posterior_exponent × group
1539,-0.101295158473847,pain,main_overlap,posterior_exponent × group
1540,-0.3040077194590253,pain,main_overlap,posterior_exponent × group
1541,0.0752825668145744,pain,main_overlap,posterior_exponent × group
1542,-0.2148042983350633,pain,main_overlap,posterior_exponent × group
1543,-0.1330979029708758,pain,main_overlap,posterior_exponent × group
1544,-0.1826360191057911,pain,main_overlap,posterior_exponent × group
1545,-0.198343284952705,pain,main_overlap,posterior_exponent × group
1546,-0.2622699833035788,pain,main_overlap,posterior_exponent × group
1547,-0.1569158170981072,pain,main_overlap,posterior_exponent × group
1548,0.0477678447550675,pain,main_overlap,posterior_exponent × group
1549,-0.1342942614294179,pain,main_overlap,posterior_exponent × group
1550,-0.2010812945889469,pain,main_overlap,posterior_exponent × group
1551,0.0880679161554552,pain,main_overlap,posterior_exponent × group
1552,0.0147915171209468,pain,main_overlap,posterior_exponent × group
1553,-0.1201101709301693,pain,main_overlap,posterior_exponent × group
1554,-0.2561231233687412,pain,main_overlap,posterior_exponent × group
1555,-0.1750480704363664,pain,main_overlap,posterior_exponent × group
1556,-0.2557534487789135,pain,main_overlap,posterior_exponent × group
1557,-0.3432050241866105,pain,main_overlap,posterior_exponent × group
1558,-0.3073419045744681,pain,main_overlap,posterior_exponent × group
1559,-0.160927865393927,pain,main_overlap,posterior_exponent × group
1560,-0.2231429207122756,pain,main_overlap,posterior_exponent × group
1561,-0.1426833866495067,pain,main_overlap,posterior_exponent × group
1562,0.1718770110456842,pain,main_overlap,posterior_exponent × group
1563,-0.2546774800255393,pain,main_overlap,posterior_exponent × group
1564,0.1995974052826482,pain,main_overlap,posterior_exponent × group
1565,-0.380756479405941,pain,main_overlap,posterior_exponent × group
1566,-0.0169917205900947,pain,main_overlap,posterior_exponent × group
1567,0.0381902789631599,pain,main_overlap,posterior_exponent × group
1568,-0.2500236802627743,pain,main_overlap,posterior_exponent × group
1569,0.177559874664142,pain,main_overlap,posterior_exponent × group
1570,-0.0683058113869101,pain,main_overlap,posterior_exponent × group
1571,-0.208509795267737,pain,main_overlap,posterior_exponent × group
1572,-0.3562290524136454,pain,main_overlap,posterior_exponent × group
1573,-0.0854994643567562,pain,main_overlap,posterior_exponent × group
1574,-0.2308325007567353,pain,main_overlap,posterior_exponent × group
1575,-0.1591178568080369,pain,main_overlap,posterior_exponent × group
1576,0.1632143405426296,pain,main_overlap,posterior_exponent × group
1577,-0.3322055231078011,pain,main_overlap,posterior_exponent × group
1578,-0.1304495292346341,pain,main_overlap,posterior_exponent × group
1579,-0.2020058346689384,pain,main_overlap,posterior_exponent × group
1580,-0.0531198265410669,pain,main_overlap,posterior_exponent × group
1581,0.1592046642495171,pain,main_overlap,posterior_exponent × group
1582,-0.048176758247151,pain,main_overlap,posterior_exponent × group
1583,-0.1594642086461145,pain,main_overlap,posterior_exponent × group
1584,0.0890498188957101,pain,main_overlap,posterior_exponent × group
1585,0.3185353422231434,pain,main_overlap,posterior_exponent × group
1586,-0.2422426728949852,pain,main_overlap,posterior_exponent × group
1587,0.1004843633503495,pain,main_overlap,posterior_exponent × group
1588,-0.1436673976538294,pain,main_overlap,posterior_exponent × group
1589,-0.173991398473257,pain,main_overlap,posterior_exponent × group
1590,-0.2571563258859273,pain,main_overlap,posterior_exponent × group
1591,-0.0841993786916751,pain,main_overlap,posterior_exponent × group
1592,-0.2466917445206497,pain,main_overlap,posterior_exponent × group
1593,-0.2099577708864682,pain,main_overlap,posterior_exponent × group
1594,-0.3256222166291351,pain,main_overlap,posterior_exponent × group
1595,-0.1858523419692854,pain,main_overlap,posterior_exponent × group
1596,-0.0564557114378706,pain,main_overlap,posterior_exponent × group
1597,-0.1700380658560418,pain,main_overlap,posterior_exponent × group
1598,-0.139492432873261,pain,main_overlap,posterior_exponent × group
1599,-0.136733700069899,pain,main_overlap,posterior_exponent × group
1600,-0.0117938492052416,pain,main_overlap,posterior_exponent × group
1601,0.0583632406276479,pain,main_overlap,posterior_exponent × group
1602,-0.1101298015868986,pain,main_overlap,posterior_exponent × group
1603,-0.2937450386669231,pain,main_overlap,posterior_exponent × group
1604,-0.121262476549222,pain,main_overlap,posterior_exponent × group
1605,-0.0907632342731274,pain,main_overlap,posterior_exponent × group
1606,0.0112336754146778,pain,main_overlap,posterior_exponent × group
1607,0.035387109407149,pain,main_overlap,posterior_exponent × group
1608,-0.4383322275590949,pain,main_overlap,posterior_exponent × group
1609,-0.1706351946328342,pain,main_overlap,posterior_exponent × group
1610,0.073334472066431,pain,main_overlap,posterior_exponent × group
1611,-0.0045700016927763,pain,main_overlap,posterior_exponent × group
1612,-0.1669040609466015,pain,main_overlap,posterior_exponent × group
1613,0.0297499208095892,pain,main_overlap,posterior_exponent × group
1614,0.0319195421825881,pain,main_overlap,posterior_exponent × group
1615,0.0801998769251635,pain,main_overlap,posterior_exponent × group
1616,0.1575629705259522,pain,main_overlap,posterior_exponent × group
1617,-0.1367625542283368,pain,main_overlap,posterior_exponent × group
1618,-0.1068013631949399,pain,main_overlap,posterior_exponent × group
1619,0.1890390216765648,pain,main_overlap,posterior_exponent × group
1620,-0.0899979114109387,pain,main_overlap,posterior_exponent × group
1621,-0.183922805026985,pain,main_overlap,posterior_exponent × group
1622,-0.0605057352629241,pain,main_overlap,posterior_exponent × group
1623,0.3014716372330687,pain,main_overlap,posterior_exponent × group
1624,-0.2457457865869574,pain,main_overlap,posterior_exponent × group
1625,-0.114489121323153,pain,main_overlap,posterior_exponent × group
1626,-0.275467709637531,pain,main_overlap,posterior_exponent × group
1627,-0.0797351274225934,pain,main_overlap,posterior_exponent × group
1628,0.0894850447083796,pain,main_overlap,posterior_exponent × group
1629,0.0606496394902273,pain,main_overlap,posterior_exponent × group
1630,0.1193681722813725,pain,main_overlap,posterior_exponent × group
1631,-0.2726933657082389,pain,main_overlap,posterior_exponent × group
1632,-0.1803266063520643,pain,main_overlap,posterior_exponent × group
1633,-0.1677999614413814,pain,main_overlap,posterior_exponent × group
1634,0.1723992224102129,pain,main_overlap,posterior_exponent × group
1635,-0.0886972742909777,pain,main_overlap,posterior_exponent × group
1636,-0.0537891621730744,pain,main_overlap,posterior_exponent × group
1637,-0.1302044644749425,pain,main_overlap,posterior_exponent × group
1638,-0.110673244642231,pain,main_overlap,posterior_exponent × group
1639,-0.1753390557325591,pain,main_overlap,posterior_exponent × group
1640,-0.025950997746709,pain,main_overlap,posterior_exponent × group
1641,-0.1320528179412669,pain,main_overlap,posterior_exponent × group
1642,-0.3923036086124276,pain,main_overlap,posterior_exponent × group
1643,-0.1731010731087588,pain,main_overlap,posterior_exponent × group
1644,-0.102687035003405,pain,main_overlap,posterior_exponent × group
1645,-0.4164939618583683,pain,main_overlap,posterior_exponent × group
1646,-0.0619306851769901,pain,main_overlap,posterior_exponent × group
1647,-0.2505062135164888,pain,main_overlap,posterior_exponent × group
1648,-0.3632766605495355,pain,main_overlap,posterior_exponent × group
1649,-0.1352656731137519,pain,main_overlap,posterior_exponent × group
1650,-0.0850082269246121,pain,main_overlap,posterior_exponent × group
1651,-0.1648402818566793,pain,main_overlap,posterior_exponent × group
1652,0.0046818028318999,pain,main_overlap,posterior_exponent × group
1653,-0.4729308367556065,pain,main_overlap,posterior_exponent × group
1654,-0.2541626990344274,pain,main_overlap,posterior_exponent × group
1655,-0.105557052347243,pain,main_overlap,posterior_exponent × group
1656,-0.2371429369694514,pain,main_overlap,posterior_exponent × group
1657,-0.1240924301293864,pain,main_overlap,posterior_exponent × group
1658,-0.386299622890824,pain,main_overlap,posterior_exponent × group
1659,0.1177705809539004,pain,main_overlap,posterior_exponent × group
1660,-0.329832608757277,pain,main_overlap,posterior_exponent × group
1661,-0.2182662826508282,pain,main_overlap,posterior_exponent × group
1662,-0.248376213895585,pain,main_overlap,posterior_exponent × group
1663,0.0103982239396072,pain,main_overlap,posterior_exponent × group
1664,-0.1092332083636312,pain,main_overlap,posterior_exponent × group
1665,-0.2459910451733684,pain,main_overlap,posterior_exponent × group
1666,-0.1142255727889342,pain,main_overlap,posterior_exponent × group
1667,-0.1765257289562219,pain,main_overlap,posterior_exponent × group
1668,0.1172105919327335,pain,main_overlap,posterior_exponent × group
1669,-0.1930474873822362,pain,main_overlap,posterior_exponent × group
1670,-0.0387974221449585,pain,main_overlap,posterior_exponent × group
1671,0.1238661923752095,pain,main_overlap,posterior_exponent × group
1672,-0.0705022417565036,pain,main_overlap,posterior_exponent × group
1673,-0.270357618070555,pain,main_overlap,posterior_exponent × group
1674,-0.098023845812557,pain,main_overlap,posterior_exponent × group
1675,-0.0071978540769783,pain,main_overlap,posterior_exponent × group
1676,0.0563431862750913,pain,main_overlap,posterior_exponent × group
1677,-0.1227164776734326,pain,main_overlap,posterior_exponent × group
1678,-0.0217922773858121,pain,main_overlap,posterior_exponent × group
1679,-0.3449738646116342,pain,main_overlap,posterior_exponent × group
1680,-0.4650883050863724,pain,main_overlap,posterior_exponent × group
1681,-0.0182563688065456,pain,main_overlap,posterior_exponent × group
1682,0.0156463224941973,pain,main_overlap,posterior_exponent × group
1683,-0.0502723801542854,pain,main_overlap,posterior_exponent × group
1684,-0.2398150427590081,pain,main_overlap,posterior_exponent × group
1685,-0.1321288230259066,pain,main_overlap,posterior_exponent × group
1686,-0.2008109284187047,pain,main_overlap,posterior_exponent × group
1687,-0.4025413352377311,pain,main_overlap,posterior_exponent × group
1688,-0.0782632584288142,pain,main_overlap,posterior_exponent × group
1689,-0.1373387081695712,pain,main_overlap,posterior_exponent × group
1690,0.0620943877830612,pain,main_overlap,posterior_exponent × group
1691,0.1633376424115369,pain,main_overlap,posterior_exponent × group
1692,-0.4705601931992501,pain,main_overlap,posterior_exponent × group
1693,-0.097566519401312,pain,main_overlap,posterior_exponent × group
1694,-0.1207108786744688,pain,main_overlap,posterior_exponent × group
1695,-0.1869365950302434,pain,main_overlap,posterior_exponent × group
1696,-0.3482150398062915,pain,main_overlap,posterior_exponent × group
1697,-0.1276294700434336,pain,main_overlap,posterior_exponent × group
1698,-0.0658154950232635,pain,main_overlap,posterior_exponent × group
1699,-0.0549209870470734,pain,main_overlap,posterior_exponent × group
1700,-0.1218363829398686,pain,main_overlap,posterior_exponent × group
1701,-0.3132554875990309,pain,main_overlap,posterior_exponent × group
1702,0.0310828663754865,pain,main_overlap,posterior_exponent × group
1703,-0.3338916084277962,pain,main_overlap,posterior_exponent × group
1704,-0.1104497694494276,pain,main_overlap,posterior_exponent × group
1705,0.1652066561143326,pain,main_overlap,posterior_exponent × group
1706,0.0012452097971785,pain,main_overlap,posterior_exponent × group
1707,0.0501163117993034,pain,main_overlap,posterior_exponent × group
1708,-0.1905278299450059,pain,main_overlap,posterior_exponent × group
1709,-0.2720831185969096,pain,main_overlap,posterior_exponent × group
1710,0.1395108640328326,pain,main_overlap,posterior_exponent × group
1711,-0.2769280209980144,pain,main_overlap,posterior_exponent × group
1712,-0.0596183518973771,pain,main_overlap,posterior_exponent × group
1713,-0.3323797118881575,pain,main_overlap,posterior_exponent × group
1714,-0.1847229328613494,pain,main_overlap,posterior_exponent × group
1715,-0.1374491377418794,pain,main_overlap,posterior_exponent × group
1716,0.0203357920627527,pain,main_overlap,posterior_exponent × group
1717,0.0653109875328763,pain,main_overlap,posterior_exponent × group
1718,-0.3884246123801887,pain,main_overlap,posterior_exponent × group
1719,-0.0148814060438574,pain,main_overlap,posterior_exponent × group
1720,-0.0220491196852946,pain,main_overlap,posterior_exponent × group
1721,-0.3197088784999673,pain,main_overlap,posterior_exponent × group
1722,-0.1043710287200879,pain,main_overlap,posterior_exponent × group
1723,0.0632955233303744,pain,main_overlap,posterior_exponent × group
1724,0.0771731555837257,pain,main_overlap,posterior_exponent × group
1725,-0.1033576368986251,pain,main_overlap,posterior_exponent × group
1726,-0.1070866499311825,pain,main_overlap,posterior_exponent × group
1727,-0.2247473001913732,pain,main_overlap,posterior_exponent × group
1728,-0.059940127206624,pain,main_overlap,posterior_exponent × group
1729,-0.1582154205764317,pain,main_overlap,posterior_exponent × group
1730,0.0200132996442133,pain,main_overlap,posterior_exponent × group
1731,-0.0720110227632798,pain,main_overlap,posterior_exponent × group
1732,-0.2354575541269851,pain,main_overlap,posterior_exponent × group
1733,-0.1534103852132912,pain,main_overlap,posterior_exponent × group
1734,0.0561427765328471,pain,main_overlap,posterior_exponent × group
1735,-0.2822398026704239,pain,main_overlap,posterior_exponent × group
1736,-0.2800683486192622,pain,main_overlap,posterior_exponent × group
1737,-0.2090861463085486,pain,main_overlap,posterior_exponent × group
1738,0.0698790057849117,pain,main_overlap,posterior_exponent × group
1739,0.0608347969037836,pain,main_overlap,posterior_exponent × group
1740,-0.0914177913724128,pain,main_overlap,posterior_exponent × group
1741,-0.2508281784799588,pain,main_overlap,posterior_exponent × group
1742,0.0873331219904177,pain,main_overlap,posterior_exponent × group
1743,-0.135145505480173,pain,main_overlap,posterior_exponent × group
1744,-0.2149791832294167,pain,main_overlap,posterior_exponent × group
1745,0.0703078959774241,pain,main_overlap,posterior_exponent × group
1746,0.0591441971706858,pain,main_overlap,posterior_exponent × group
1747,0.1491299319974688,pain,main_overlap,posterior_exponent × group
1748,-0.2020683252194717,pain,main_overlap,posterior_exponent × group
1749,-0.1197191291424338,pain,main_overlap,posterior_exponent × group
1750,-0.2081120776308053,pain,main_overlap,posterior_exponent × group
1751,-0.1813074498966541,pain,main_overlap,posterior_exponent × group
1752,-0.0170712635425997,pain,main_overlap,posterior_exponent × group
1753,-0.02293580467371,pain,main_overlap,posterior_exponent × group
1754,-0.0060343518218789,pain,main_overlap,posterior_exponent × group
1755,-0.0393386152863351,pain,main_overlap,posterior_exponent × group
1756,0.0767110796829035,pain,main_overlap,posterior_exponent × group
1757,-0.5166396259361261,pain,main_overlap,posterior_exponent × group
1758,-0.2211084198027975,pain,main_overlap,posterior_exponent × group
1759,-0.048222888004464,pain,main_overlap,posterior_exponent × group
1760,-0.2555767542315835,pain,main_overlap,posterior_exponent × group
1761,-0.0004868194315919,pain,main_overlap,posterior_exponent × group
1762,-0.1418094856766868,pain,main_overlap,posterior_exponent × group
1763,0.1713279078845335,pain,main_overlap,posterior_exponent × group
1764,-0.1963285735332351,pain,main_overlap,posterior_exponent × group
1765,-0.1585963961053766,pain,main_overlap,posterior_exponent × group
1766,-0.1933067990404806,pain,main_overlap,posterior_exponent × group
1767,-0.2081046428883858,pain,main_overlap,posterior_exponent × group
1768,0.031786594717517,pain,main_overlap,posterior_exponent × group
1769,-0.250337980763705,pain,main_overlap,posterior_exponent × group
1770,-0.2898241120868005,pain,main_overlap,posterior_exponent × group
1771,-0.3285524615636749,pain,main_overlap,posterior_exponent × group
1772,-0.0436985310463262,pain,main_overlap,posterior_exponent × group
1773,-0.311106794867364,pain,main_overlap,posterior_exponent × group
1774,-0.0322717452670488,pain,main_overlap,posterior_exponent × group
1775,-0.2297930538382154,pain,main_overlap,posterior_exponent × group
1776,-0.1780601900982042,pain,main_overlap,posterior_exponent × group
1777,-0.4743808753366591,pain,main_overlap,posterior_exponent × group
1778,0.0090362645942312,pain,main_overlap,posterior_exponent × group
1779,0.0282347978007141,pain,main_overlap,posterior_exponent × group
1780,0.063636351917699,pain,main_overlap,posterior_exponent × group
1781,-0.0735618639354191,pain,main_overlap,posterior_exponent × group
1782,0.0457711472114334,pain,main_overlap,posterior_exponent × group
1783,-0.2173239369111564,pain,main_overlap,posterior_exponent × group
1784,-0.3810953848580831,pain,main_overlap,posterior_exponent × group
1785,-0.1528488363261972,pain,main_overlap,posterior_exponent × group
1786,-0.0106420294598426,pain,main_overlap,posterior_exponent × group
1787,-0.1293493726817839,pain,main_overlap,posterior_exponent × group
1788,-0.2627001038333482,pain,main_overlap,posterior_exponent × group
1789,-0.1956306183440878,pain,main_overlap,posterior_exponent × group
1790,-0.1406076918785648,pain,main_overlap,posterior_exponent × group
1791,-0.350623356462674,pain,main_overlap,posterior_exponent × group
1792,-0.2294694865717293,pain,main_overlap,posterior_exponent × group
1793,-0.2153170563695061,pain,main_overlap,posterior_exponent × group
1794,-0.0484691627451948,pain,main_overlap,posterior_exponent × group
1795,-0.1743874589949938,pain,main_overlap,posterior_exponent × group
1796,-0.2457576380660212,pain,main_overlap,posterior_exponent × group
1797,-0.2901036658312363,pain,main_overlap,posterior_exponent × group
1798,-0.1225196923461283,pain,main_overlap,posterior_exponent × group
1799,-0.2747328846119073,pain,main_overlap,posterior_exponent × group
1800,-0.1680663124802237,pain,main_overlap,posterior_exponent × group
1801,-0.2071898550174043,pain,main_overlap,posterior_exponent × group
1802,-0.018206494673736,pain,main_overlap,posterior_exponent × group
1803,-0.0361329301169528,pain,main_overlap,posterior_exponent × group
1804,0.0052755594566088,pain,main_overlap,posterior_exponent × group
1805,-0.1599556638512785,pain,main_overlap,posterior_exponent × group
1806,0.0568353791809264,pain,main_overlap,posterior_exponent × group
1807,-0.4007309740781219,pain,main_overlap,posterior_exponent × group
1808,0.0292591334264231,pain,main_overlap,posterior_exponent × group
1809,-0.0108928865065817,pain,main_overlap,posterior_exponent × group
1810,-0.2400690524651937,pain,main_overlap,posterior_exponent × group
1811,-0.2298113989811552,pain,main_overlap,posterior_exponent × group
1812,-0.4241907780305913,pain,main_overlap,posterior_exponent × group
1813,0.1465613792202578,pain,main_overlap,posterior_exponent × group
1814,-0.1924729364480643,pain,main_overlap,posterior_exponent × group
1815,0.1420144969250309,pain,main_overlap,posterior_exponent × group
1816,-0.0432590587251998,pain,main_overlap,posterior_exponent × group
1817,-0.1813350354292518,pain,main_overlap,posterior_exponent × group
1818,-0.4163493022121172,pain,main_overlap,posterior_exponent × group
1819,-0.2963222096381063,pain,main_overlap,posterior_exponent × group
1820,-0.1688502240218883,pain,main_overlap,posterior_exponent × group
1821,0.1806490867979731,pain,main_overlap,posterior_exponent × group
1822,-0.1165262476372306,pain,main_overlap,posterior_exponent × group
1823,-0.244692337789042,pain,main_overlap,posterior_exponent × group
1824,-0.2087119541403573,pain,main_overlap,posterior_exponent × group
1825,-0.0360111021061343,pain,main_overlap,posterior_exponent × group
1826,-0.4028589746552519,pain,main_overlap,posterior_exponent × group
1827,-0.1915625811986204,pain,main_overlap,posterior_exponent × group
1828,0.0658631546662961,pain,main_overlap,posterior_exponent × group
1829,-0.099327940176113,pain,main_overlap,posterior_exponent × group
1830,-0.3753105442062867,pain,main_overlap,posterior_exponent × group
1831,-0.3852650005488964,pain,main_overlap,posterior_exponent × group
1832,-0.1147151373151767,pain,main_overlap,posterior_exponent × group
1833,0.2478298160644335,pain,main_overlap,posterior_exponent × group
1834,-0.1996871773201684,pain,main_overlap,posterior_exponent × group
1835,-0.0677330778963284,pain,main_overlap,posterior_exponent × group
1836,-0.2599657955065136,pain,main_overlap,posterior_exponent × group
1837,-0.2405142234379657,pain,main_overlap,posterior_exponent × group
1838,-0.0160847408842491,pain,main_overlap,posterior_exponent × group
1839,-0.0631170515883673,pain,main_overlap,posterior_exponent × group
1840,-0.0691596191964752,pain,main_overlap,posterior_exponent × group
1841,-0.0110844545056653,pain,main_overlap,posterior_exponent × group
1842,-0.3090604958061223,pain,main_overlap,posterior_exponent × group
1843,0.3504885835316225,pain,main_overlap,posterior_exponent × group
1844,-0.1625278971649947,pain,main_overlap,posterior_exponent × group
1845,-0.096037951380743,pain,main_overlap,posterior_exponent × group
1846,-0.1028812859920986,pain,main_overlap,posterior_exponent × group
1847,-0.3896191298728324,pain,main_overlap,posterior_exponent × group
1848,-0.2832614067155516,pain,main_overlap,posterior_exponent × group
1849,0.0190888816718536,pain,main_overlap,posterior_exponent × group
1850,-0.3039616393200103,pain,main_overlap,posterior_exponent × group
1851,-0.0854790089674466,pain,main_overlap,posterior_exponent × group
1852,-0.0016764267774579,pain,main_overlap,posterior_exponent × group
1853,-0.110293041732465,pain,main_overlap,posterior_exponent × group
1854,-0.2866686163906654,pain,main_overlap,posterior_exponent × group
1855,-0.1943417848666032,pain,main_overlap,posterior_exponent × group
1856,-0.4138665691390418,pain,main_overlap,posterior_exponent × group
1857,-0.1233268284573415,pain,main_overlap,posterior_exponent × group
1858,0.0499322484273102,pain,main_overlap,posterior_exponent × group
1859,-0.0229702612282231,pain,main_overlap,posterior_exponent × group
1860,-0.1598231728100977,pain,main_overlap,posterior_exponent × group
1861,-0.1293381254641756,pain,main_overlap,posterior_exponent × group
1862,-0.0376066453304015,pain,main_overlap,posterior_exponent × group
1863,-0.1622710428692959,pain,main_overlap,posterior_exponent × group
1864,-0.0017129845870432,pain,main_overlap,posterior_exponent × group
1865,0.0199738804952335,pain,main_overlap,posterior_exponent × group
1866,-0.0545487711052975,pain,main_overlap,posterior_exponent × group
1867,0.0428780488975612,pain,main_overlap,posterior_exponent × group
1868,-0.3387180227399412,pain,main_overlap,posterior_exponent × group
1869,0.1734514736661815,pain,main_overlap,posterior_exponent × group
1870,-0.1900236016679476,pain,main_overlap,posterior_exponent × group
1871,-0.1978809768576288,pain,main_overlap,posterior_exponent × group
1872,-0.2542605446800905,pain,main_overlap,posterior_exponent × group
1873,-0.2906469935399787,pain,main_overlap,posterior_exponent × group
1874,0.0056682508192344,pain,main_overlap,posterior_exponent × group
1875,-0.2811687572316416,pain,main_overlap,posterior_exponent × group
1876,-0.1368224080744444,pain,main_overlap,posterior_exponent × group
1877,-0.203009835177754,pain,main_overlap,posterior_exponent × group
1878,-0.2101281317588271,pain,main_overlap,posterior_exponent × group
1879,-0.0174177214072893,pain,main_overlap,posterior_exponent × group
1880,-0.3525672165930573,pain,main_overlap,posterior_exponent × group
1881,-0.2129533492835651,pain,main_overlap,posterior_exponent × group
1882,-0.1926915001892704,pain,main_overlap,posterior_exponent × group
1883,-0.3571211584732114,pain,main_overlap,posterior_exponent × group
1884,-0.1549901500327486,pain,main_overlap,posterior_exponent × group
1885,0.0226185206319056,pain,main_overlap,posterior_exponent × group
1886,0.0433650160095829,pain,main_overlap,posterior_exponent × group
1887,-0.0937411662862133,pain,main_overlap,posterior_exponent × group
1888,-0.2014637861174583,pain,main_overlap,posterior_exponent × group
1889,-0.1944222045756892,pain,main_overlap,posterior_exponent × group
1890,-0.0679645613692334,pain,main_overlap,posterior_exponent × group
1891,0.0288815628916639,pain,main_overlap,posterior_exponent × group
1892,-0.2418970509475059,pain,main_overlap,posterior_exponent × group
1893,0.0645232383547031,pain,main_overlap,posterior_exponent × group
1894,-0.0903463224796499,pain,main_overlap,posterior_exponent × group
1895,-0.2830226091084303,pain,main_overlap,posterior_exponent × group
1896,-0.0834913119425792,pain,main_overlap,posterior_exponent × group
1897,-0.0398092136269711,pain,main_overlap,posterior_exponent × group
1898,-0.0786148371159815,pain,main_overlap,posterior_exponent × group
1899,-0.2254001044105975,pain,main_overlap,posterior_exponent × group
1900,-0.0437725158923795,pain,main_overlap,posterior_exponent × group
1901,-0.081633930491025,pain,main_overlap,posterior_exponent × group
1902,-0.3501102861539694,pain,main_overlap,posterior_exponent × group
1903,-0.3407157400355297,pain,main_overlap,posterior_exponent × group
1904,-0.1461772853874881,pain,main_overlap,posterior_exponent × group
1905,-0.1444313481422855,pain,main_overlap,posterior_exponent × group
1906,-0.0011038181077443,pain,main_overlap,posterior_exponent × group
1907,-0.1670303255161235,pain,main_overlap,posterior_exponent × group
1908,-0.0618567053348612,pain,main_overlap,posterior_exponent × group
1909,-0.1076229167621459,pain,main_overlap,posterior_exponent × group
1910,-0.1999464993806237,pain,main_overlap,posterior_exponent × group
1911,0.0569485542344129,pain,main_overlap,posterior_exponent × group
1912,0.0009413684580681,pain,main_overlap,posterior_exponent × group
1913,-0.2410599093052745,pain,main_overlap,posterior_exponent × group
1914,0.1776777601758469,pain,main_overlap,posterior_exponent × group
1915,-0.1526112214660285,pain,main_overlap,posterior_exponent × group
1916,-0.2029677697816825,pain,main_overlap,posterior_exponent × group
1917,-0.0836953487265792,pain,main_overlap,posterior_exponent × group
1918,-0.1590704642979057,pain,main_overlap,posterior_exponent × group
1919,-0.16856648921754,pain,main_overlap,posterior_exponent × group
1920,-0.2322532479743931,pain,main_overlap,posterior_exponent × group
1921,-0.0407737705427408,pain,main_overlap,posterior_exponent × group
1922,0.0096332839009055,pain,main_overlap,posterior_exponent × group
1923,-0.0191068122317639,pain,main_overlap,posterior_exponent × group
1924,-0.1004231606484442,pain,main_overlap,posterior_exponent × group
1925,-0.3242109283619892,pain,main_overlap,posterior_exponent × group
1926,-0.1246986735436616,pain,main_overlap,posterior_exponent × group
1927,-0.2556440219763819,pain,main_overlap,posterior_exponent × group
1928,-0.2628634972592606,pain,main_overlap,posterior_exponent × group
1929,0.0030629195506222,pain,main_overlap,posterior_exponent × group
1930,0.0178452190673094,pain,main_overlap,posterior_exponent × group
1931,-0.1812309224480817,pain,main_overlap,posterior_exponent × group
1932,0.0804878762622834,pain,main_overlap,posterior_exponent × group
1933,-0.1082615118529797,pain,main_overlap,posterior_exponent × group
1934,-0.050360092636128,pain,main_overlap,posterior_exponent × group
1935,-0.2909751294012623,pain,main_overlap,posterior_exponent × group
1936,-0.2058712533842805,pain,main_overlap,posterior_exponent × group
1937,-0.0482448600830227,pain,main_overlap,posterior_exponent × group
1938,-0.1731432103497102,pain,main_overlap,posterior_exponent × group
1939,0.0710431541850955,pain,main_overlap,posterior_exponent × group
1940,-0.3724364366080194,pain,main_overlap,posterior_exponent × group
1941,-0.3700556029982034,pain,main_overlap,posterior_exponent × group
1942,-0.369337304543481,pain,main_overlap,posterior_exponent × group
1943,-0.2847583345618158,pain,main_overlap,posterior_exponent × group
1944,0.0947699456081238,pain,main_overlap,posterior_exponent × group
1945,-0.2132051077919546,pain,main_overlap,posterior_exponent × group
1946,-0.2702200609876962,pain,main_overlap,posterior_exponent × group
1947,-0.2269762745142644,pain,main_overlap,posterior_exponent × group
1948,0.0205030969133785,pain,main_overlap,posterior_exponent × group
1949,-0.0537768546206611,pain,main_overlap,posterior_exponent × group
1950,-0.220334236192373,pain,main_overlap,posterior_exponent × group
1951,-0.2894290292189557,pain,main_overlap,posterior_exponent × group
1952,-0.2167519062904254,pain,main_overlap,posterior_exponent × group
1953,-0.0429016471143602,pain,main_overlap,posterior_exponent × group
1954,0.0036197793847097,pain,main_overlap,posterior_exponent × group
1955,-0.2500248410388205,pain,main_overlap,posterior_exponent × group
1956,-0.1114467971314831,pain,main_overlap,posterior_exponent × group
1957,-0.3109235842961669,pain,main_overlap,posterior_exponent × group
1958,0.030750924848687,pain,main_overlap,posterior_exponent × group
1959,-0.0744626189319909,pain,main_overlap,posterior_exponent × group
1960,-0.1829007653537882,pain,main_overlap,posterior_exponent × group
1961,-0.1470230835614555,pain,main_overlap,posterior_exponent × group
1962,-0.2090785985857379,pain,main_overlap,posterior_exponent × group
1963,-0.2159865899537559,pain,main_overlap,posterior_exponent × group
1964,0.1363219337953287,pain,main_overlap,posterior_exponent × group
1965,-0.163847137613833,pain,main_overlap,posterior_exponent × group
1966,-0.1486985246510553,pain,main_overlap,posterior_exponent × group
1967,-0.2574019759261221,pain,main_overlap,posterior_exponent × group
1968,-0.1931295694817599,pain,main_overlap,posterior_exponent × group
1969,-0.0674244463486994,pain,main_overlap,posterior_exponent × group
1970,-0.0367869512285705,pain,main_overlap,posterior_exponent × group
1971,-0.2588825603539775,pain,main_overlap,posterior_exponent × group
1972,-0.1877461028286035,pain,main_overlap,posterior_exponent × group
1973,-0.0613189163112816,pain,main_overlap,posterior_exponent × group
1974,-0.1311594264466095,pain,main_overlap,posterior_exponent × group
1975,-0.1606237351962131,pain,main_overlap,posterior_exponent × group
1976,-0.0155200316065219,pain,main_overlap,posterior_exponent × group
1977,-0.2119132258033537,pain,main_overlap,posterior_exponent × group
1978,0.0429309653548052,pain,main_overlap,posterior_exponent × group
1979,-0.1116837700557351,pain,main_overlap,posterior_exponent × group
1980,0.0045855721758504,pain,main_overlap,posterior_exponent × group
1981,-0.0664023611806757,pain,main_overlap,posterior_exponent × group
1982,-0.0893816223754077,pain,main_overlap,posterior_exponent × group
1983,-0.2543837318868283,pain,main_overlap,posterior_exponent × group
1984,-0.6250470645213435,pain,main_overlap,posterior_exponent × group
1985,-0.0544312049167218,pain,main_overlap,posterior_exponent × group
1986,-0.1021828135033436,pain,main_overlap,posterior_exponent × group
1987,-0.4254421593374825,pain,main_overlap,posterior_exponent × group
1988,-0.0962073550809741,pain,main_overlap,posterior_exponent × group
1989,-0.0667645769546254,pain,main_overlap,posterior_exponent × group
1990,0.2048228211405541,pain,main_overlap,posterior_exponent × group
1991,-0.0974054809628041,pain,main_overlap,posterior_exponent × group
1992,-0.3186505882142615,pain,main_overlap,posterior_exponent × group
1993,0.1382899315964034,pain,main_overlap,posterior_exponent × group
1994,-0.1118564807015955,pain,main_overlap,posterior_exponent × group
1995,-0.0465767117617153,pain,main_overlap,posterior_exponent × group
1996,-0.5173341083721631,pain,main_overlap,posterior_exponent × group
1997,-0.2857680162551548,pain,main_overlap,posterior_exponent × group
1998,-0.1061764257599359,pain,main_overlap,posterior_exponent × group
1999,0.1965297022990285,pain,main_overlap,posterior_exponent × group
2000,-0.3427810009121337,pain,main_overlap,posterior_exponent × group
2001,-0.1450565294133284,pain,main_overlap,posterior_exponent × group
2002,0.066770299352886,pain,main_overlap,posterior_exponent × group
2003,-0.0697429378794718,pain,main_overlap,posterior_exponent × group
2004,-0.0013475555777981,pain,main_overlap,posterior_exponent × group
2005,0.0836855583972934,pain,main_overlap,posterior_exponent × group
2006,-0.0104314679822241,pain,main_overlap,posterior_exponent × group
2007,0.0152730511854016,pain,main_overlap,posterior_exponent × group
2008,-0.2503276453536971,pain,main_overlap,posterior_exponent × group
2009,-0.3127215050938237,pain,main_overlap,posterior_exponent × group
2010,-0.0697712165087246,pain,main_overlap,posterior_exponent × group
2011,0.034233163421422,pain,main_overlap,posterior_exponent × group
2012,-0.1006611053256125,pain,main_overlap,posterior_exponent × group
2013,-0.1075898563979686,pain,main_overlap,posterior_exponent × group
2014,-0.1508033066846033,pain,main_overlap,posterior_exponent × group
2015,-0.4083020781008267,pain,main_overlap,posterior_exponent × group
2016,-0.0475708714203745,pain,main_overlap,posterior_exponent × group
2017,-0.053078777561318,pain,main_overlap,posterior_exponent × group
2018,-0.3854751574362426,pain,main_overlap,posterior_exponent × group
2019,0.1789990783515569,pain,main_overlap,posterior_exponent × group
2020,-0.5170520686494606,pain,main_overlap,posterior_exponent × group
2021,0.0036697890792297,pain,main_overlap,posterior_exponent × group
2022,-0.2094443406649069,pain,main_overlap,posterior_exponent × group
2023,-0.2807836591754787,pain,main_overlap,posterior_exponent × group
2024,-0.2628654181955716,pain,main_overlap,posterior_exponent × group
2025,0.0848747094121081,pain,main_overlap,posterior_exponent × group
2026,-0.0309570394979709,pain,main_overlap,posterior_exponent × group
2027,-0.2506000999131162,pain,main_overlap,posterior_exponent × group
2028,-0.0890002870284023,pain,main_overlap,posterior_exponent × group
2029,-0.4457955393861341,pain,main_overlap,posterior_exponent × group
2030,-0.2828536370197178,pain,main_overlap,posterior_exponent × group
2031,-0.1954011789319518,pain,main_overlap,posterior_exponent × group
2032,0.1199742013234094,pain,main_overlap,posterior_exponent × group
2033,0.0073127612632191,pain,main_overlap,posterior_exponent × group
2034,-0.1920481929421502,pain,main_overlap,posterior_exponent × group
2035,-0.0756443713243567,pain,main_overlap,posterior_exponent × group
2036,0.0059885334685785,pain,main_overlap,posterior_exponent × group
2037,-0.0467680829538675,pain,main_overlap,posterior_exponent × group
2038,-0.4930441799400784,pain,main_overlap,posterior_exponent × group
2039,-0.2313646474497419,pain,main_overlap,posterior_exponent × group
2040,-0.0581788563481816,pain,main_overlap,posterior_exponent × group
2041,-0.0056899471751576,pain,main_overlap,posterior_exponent × group
2042,-0.0630776612981484,pain,main_overlap,posterior_exponent × group
2043,-0.067067163606428,pain,main_overlap,posterior_exponent × group
2044,0.0570832541442144,pain,main_overlap,posterior_exponent × group
2045,-0.0118853443049557,pain,main_overlap,posterior_exponent × group
2046,-0.1220467010175398,pain,main_overlap,posterior_exponent × group
2047,-0.3531109760042484,pain,main_overlap,posterior_exponent × group
2048,-0.4823240681711217,pain,main_overlap,posterior_exponent × group
2049,-0.255830349556945,pain,main_overlap,posterior_exponent × group
2050,0.0783493004122678,pain,main_overlap,posterior_exponent × group
2051,-0.3044261576450596,pain,main_overlap,posterior_exponent × group
2052,0.0967516367448803,pain,main_overlap,posterior_exponent × group
2053,-0.1466010439461663,pain,main_overlap,posterior_exponent × group
2054,-0.0507000186898133,pain,main_overlap,posterior_exponent × group
2055,-0.1635386058113495,pain,main_overlap,posterior_exponent × group
2056,-0.3152928686857375,pain,main_overlap,posterior_exponent × group
2057,-0.0183634200742239,pain,main_overlap,posterior_exponent × group
2058,-0.1909661845322913,pain,main_overlap,posterior_exponent × group
2059,-0.6966046991732975,pain,main_overlap,posterior_exponent × group
2060,-0.2304590306933361,pain,main_overlap,posterior_exponent × group
2061,-0.2905835541961448,pain,main_overlap,posterior_exponent × group
2062,0.0151051238266611,pain,main_overlap,posterior_exponent × group
2063,-0.2594003051809301,pain,main_overlap,posterior_exponent × group
2064,-0.2148994274478049,pain,main_overlap,posterior_exponent × group
2065,0.1264330175036525,pain,main_overlap,posterior_exponent × group
2066,-0.0515596655482081,pain,main_overlap,posterior_exponent × group
2067,-0.2097282869671418,pain,main_overlap,posterior_exponent × group
2068,0.1006650489870334,pain,main_overlap,posterior_exponent × group
2069,-0.0933659491737225,pain,main_overlap,posterior_exponent × group
2070,-0.1749791989171842,pain,main_overlap,posterior_exponent × group
2071,-0.3109629640780299,pain,main_overlap,posterior_exponent × group
2072,-0.1748409249846839,pain,main_overlap,posterior_exponent × group
2073,-0.1184561147480214,pain,main_overlap,posterior_exponent × group
2074,-0.4715067820017403,pain,main_overlap,posterior_exponent × group
2075,-0.0409917237705887,pain,main_overlap,posterior_exponent × group
2076,0.0625045577390857,pain,main_overlap,posterior_exponent × group
2077,-0.1981967929235046,pain,main_overlap,posterior_exponent × group
2078,-0.0853830088899209,pain,main_overlap,posterior_exponent × group
2079,-0.0834622581544655,pain,main_overlap,posterior_exponent × group
2080,-0.1962058967415847,pain,main_overlap,posterior_exponent × group
2081,0.0416970680169984,pain,main_overlap,posterior_exponent × group
2082,-0.232304789640125,pain,main_overlap,posterior_exponent × group
2083,-0.5020099773173883,pain,main_overlap,posterior_exponent × group
2084,-0.2195186297544941,pain,main_overlap,posterior_exponent × group
2085,-0.2853507224919482,pain,main_overlap,posterior_exponent × group
2086,-0.0115786242598261,pain,main_overlap,posterior_exponent × group
2087,-0.0126375950677184,pain,main_overlap,posterior_exponent × group
2088,-0.140354192257596,pain,main_overlap,posterior_exponent × group
2089,-0.2793263690028861,pain,main_overlap,posterior_exponent × group
2090,-0.1339481992279673,pain,main_overlap,posterior_exponent × group
2091,-0.1202314729903504,pain,main_overlap,posterior_exponent × group
2092,-0.2627222353260406,pain,main_overlap,posterior_exponent × group
2093,-0.0615195218219533,pain,main_overlap,posterior_exponent × group
2094,-0.2788745112439232,pain,main_overlap,posterior_exponent × group
2095,0.0425953733704821,pain,main_overlap,posterior_exponent × group
2096,-0.1619450957841664,pain,main_overlap,posterior_exponent × group
2097,-0.1127126190376605,pain,main_overlap,posterior_exponent × group
2098,-0.1905492082366336,pain,main_overlap,posterior_exponent × group
2099,-0.233029664026645,pain,main_overlap,posterior_exponent × group
2100,-0.2602010735710444,pain,main_overlap,posterior_exponent × group
2101,-0.0450185431608215,pain,main_overlap,posterior_exponent × group
2102,-0.0032740014038077,pain,main_overlap,posterior_exponent × group
2103,-0.1344213503019849,pain,main_overlap,posterior_exponent × group
2104,0.2312593565929927,pain,main_overlap,posterior_exponent × group
2105,-0.1159124660412809,pain,main_overlap,posterior_exponent × group
2106,-0.0138545426700141,pain,main_overlap,posterior_exponent × group
2107,0.1804741813960697,pain,main_overlap,posterior_exponent × group
2108,0.1097101386422233,pain,main_overlap,posterior_exponent × group
2109,-0.1796485294511605,pain,main_overlap,posterior_exponent × group
2110,-0.3401175762735713,pain,main_overlap,posterior_exponent × group
2111,0.1448928712396006,pain,main_overlap,posterior_exponent × group
2112,-0.1954798502910854,pain,main_overlap,posterior_exponent × group
2113,0.0215046071482471,pain,main_overlap,posterior_exponent × group
2114,-0.0630494142222387,pain,main_overlap,posterior_exponent × group
2115,-0.2588841619394965,pain,main_overlap,posterior_exponent × group
2116,-0.2178337821278289,pain,main_overlap,posterior_exponent × group
2117,0.2427752913941877,pain,main_overlap,posterior_exponent × group
2118,-0.0343729043422802,pain,main_overlap,posterior_exponent × group
2119,-0.1130444592293505,pain,main_overlap,posterior_exponent × group
2120,0.0124926123963916,pain,main_overlap,posterior_exponent × group
2121,-0.1867898366408029,pain,main_overlap,posterior_exponent × group
2122,0.2244320733567351,pain,main_overlap,posterior_exponent × group
2123,0.0619575967390955,pain,main_overlap,posterior_exponent × group
2124,-0.1204860239233762,pain,main_overlap,posterior_exponent × group
2125,-0.0555190610196645,pain,main_overlap,posterior_exponent × group
2126,-0.1160693328651717,pain,main_overlap,posterior_exponent × group
2127,-0.0917346264256496,pain,main_overlap,posterior_exponent × group
2128,-0.1364196474607816,pain,main_overlap,posterior_exponent × group
2129,0.1084404267250281,pain,main_overlap,posterior_exponent × group
2130,-0.014539141048168,pain,main_overlap,posterior_exponent × group
2131,-0.0045217316950537,pain,main_overlap,posterior_exponent × group
2132,-0.2537488062538163,pain,main_overlap,posterior_exponent × group
2133,0.0213937475643891,pain,main_overlap,posterior_exponent × group
2134,-0.3026798024165986,pain,main_overlap,posterior_exponent × group
2135,0.1855103377229817,pain,main_overlap,posterior_exponent × group
2136,-0.2328808813600986,pain,main_overlap,posterior_exponent × group
2137,0.3140099056212893,pain,main_overlap,posterior_exponent × group
2138,0.0249878030952385,pain,main_overlap,posterior_exponent × group
2139,0.0636391039254469,pain,main_overlap,posterior_exponent × group
2140,-0.2007151974127106,pain,main_overlap,posterior_exponent × group
2141,-0.0997592363770469,pain,main_overlap,posterior_exponent × group
2142,-0.0919295938587023,pain,main_overlap,posterior_exponent × group
2143,0.2575539573009529,pain,main_overlap,posterior_exponent × group
2144,-0.1458410023985007,pain,main_overlap,posterior_exponent × group
2145,-0.0259387614652903,pain,main_overlap,posterior_exponent × group
2146,0.1420014729575998,pain,main_overlap,posterior_exponent × group
2147,0.0120124314229402,pain,main_overlap,posterior_exponent × group
2148,0.000783496428074,pain,main_overlap,posterior_exponent × group
2149,0.0309903973039059,pain,main_overlap,posterior_exponent × group
2150,-0.2039614634935414,pain,main_overlap,posterior_exponent × group
2151,-0.2584586426794715,pain,main_overlap,posterior_exponent × group
2152,-0.4167327590600638,pain,main_overlap,posterior_exponent × group
2153,-0.1661037779255488,pain,main_overlap,posterior_exponent × group
2154,-0.0651730418379467,pain,main_overlap,posterior_exponent × group
2155,-0.1002939740313168,pain,main_overlap,posterior_exponent × group
2156,-0.0821347740940145,pain,main_overlap,posterior_exponent × group
2157,-0.4644676471971553,pain,main_overlap,posterior_exponent × group
2158,-0.0703141301472996,pain,main_overlap,posterior_exponent × group
2159,0.0259648174294782,pain,main_overlap,posterior_exponent × group
2160,-0.1825969572083105,pain,main_overlap,posterior_exponent × group
2161,0.1081278406050659,pain,main_overlap,posterior_exponent × group
2162,-0.0698880215489112,pain,main_overlap,posterior_exponent × group
2163,-0.2099971313500407,pain,main_overlap,posterior_exponent × group
2164,-0.04507535240128,pain,main_overlap,posterior_exponent × group
2165,-0.1539390637344918,pain,main_overlap,posterior_exponent × group
2166,-0.1299396862284999,pain,main_overlap,posterior_exponent × group
2167,-0.2984535477147025,pain,main_overlap,posterior_exponent × group
2168,-0.0929195391160779,pain,main_overlap,posterior_exponent × group
2169,-0.092379471967636,pain,main_overlap,posterior_exponent × group
2170,-0.3880355254669449,pain,main_overlap,posterior_exponent × group
2171,-0.0802171654231747,pain,main_overlap,posterior_exponent × group
2172,0.1275379056840286,pain,main_overlap,posterior_exponent × group
2173,0.0084653928888184,pain,main_overlap,posterior_exponent × group
2174,-0.3771328902995344,pain,main_overlap,posterior_exponent × group
2175,-0.1523138369016948,pain,main_overlap,posterior_exponent × group
2176,-0.2561256733132758,pain,main_overlap,posterior_exponent × group
2177,-0.1014416741118539,pain,main_overlap,posterior_exponent × group
2178,-0.292168197733669,pain,main_overlap,posterior_exponent × group
2179,-0.0838741680987976,pain,main_overlap,posterior_exponent × group
2180,-0.2247671804648386,pain,main_overlap,posterior_exponent × group
2181,-0.0214958815748797,pain,main_overlap,posterior_exponent × group
2182,-0.5403330933832052,pain,main_overlap,posterior_exponent × group
2183,-0.2100419158524454,pain,main_overlap,posterior_exponent × group
2184,-0.2713132619677825,pain,main_overlap,posterior_exponent × group
2185,0.082252505878226,pain,main_overlap,posterior_exponent × group
2186,-0.118380472924178,pain,main_overlap,posterior_exponent × group
2187,-0.0960310167318857,pain,main_overlap,posterior_exponent × group
2188,-0.36203839238584,pain,main_overlap,posterior_exponent × group
2189,-0.3146647563287115,pain,main_overlap,posterior_exponent × group
2190,-0.1783016129894189,pain,main_overlap,posterior_exponent × group
2191,0.0880463733311583,pain,main_overlap,posterior_exponent × group
2192,-0.2069413849814975,pain,main_overlap,posterior_exponent × group
2193,-0.3101871383310084,pain,main_overlap,posterior_exponent × group
2194,-0.0821329476576896,pain,main_overlap,posterior_exponent × group
2195,0.0702712660808166,pain,main_overlap,posterior_exponent × group
2196,-0.167497846876134,pain,main_overlap,posterior_exponent × group
2197,-0.39213849458852,pain,main_overlap,posterior_exponent × group
2198,0.0709847458190866,pain,main_overlap,posterior_exponent × group
2199,-0.0998442617880181,pain,main_overlap,posterior_exponent × group
2200,-0.2256596806102216,pain,main_overlap,posterior_exponent × group
2201,0.0433176284276055,pain,main_overlap,posterior_exponent × group
2202,-0.2310411060481617,pain,main_overlap,posterior_exponent × group
2203,-0.15184408690943,pain,main_overlap,posterior_exponent × group
2204,-0.2958838828867249,pain,main_overlap,posterior_exponent × group
2205,0.1803481310394895,pain,main_overlap,posterior_exponent × group
2206,0.1436490113477217,pain,main_overlap,posterior_exponent × group
2207,-0.4101545141281387,pain,main_overlap,posterior_exponent × group
2208,-0.0040130685560351,pain,main_overlap,posterior_exponent × group
2209,-0.4616036664103644,pain,main_overlap,posterior_exponent × group
2210,-0.2337240471178432,pain,main_overlap,posterior_exponent × group
2211,-0.0392150173558733,pain,main_overlap,posterior_exponent × group
2212,-0.2398300624202456,pain,main_overlap,posterior_exponent × group
2213,-0.121256707437775,pain,main_overlap,posterior_exponent × group
2214,0.0009423002640633,pain,main_overlap,posterior_exponent × group
2215,-0.4595976002766164,pain,main_overlap,posterior_exponent × group
2216,-0.2634420376163209,pain,main_overlap,posterior_exponent × group
2217,-0.1294753070733881,pain,main_overlap,posterior_exponent × group
2218,-0.2248942481127084,pain,main_overlap,posterior_exponent × group
2219,-0.0199422632045748,pain,main_overlap,posterior_exponent × group
2220,-0.3560307782589978,pain,main_overlap,posterior_exponent × group
2221,0.0116673657001053,pain,main_overlap,posterior_exponent × group
2222,-0.0550631720723662,pain,main_overlap,posterior_exponent × group
2223,-0.1143246012534573,pain,main_overlap,posterior_exponent × group
2224,-0.1609123799257541,pain,main_overlap,posterior_exponent × group
2225,-0.1604576292147578,pain,main_overlap,posterior_exponent × group
2226,0.2009686233688159,pain,main_overlap,posterior_exponent × group
2227,-0.0127919234348255,pain,main_overlap,posterior_exponent × group
2228,0.0084307634275156,pain,main_overlap,posterior_exponent × group
2229,-0.0437111299331187,pain,main_overlap,posterior_exponent × group
2230,-0.1188106140815968,pain,main_overlap,posterior_exponent × group
2231,-0.0587853300086121,pain,main_overlap,posterior_exponent × group
2232,0.0221089259918906,pain,main_overlap,posterior_exponent × group
2233,-0.2624027361624939,pain,main_overlap,posterior_exponent × group
2234,-0.0843783491470665,pain,main_overlap,posterior_exponent × group
2235,-0.0286762199948559,pain,main_overlap,posterior_exponent × group
2236,-0.1335229140917965,pain,main_overlap,posterior_exponent × group
2237,-0.18499450416348,pain,main_overlap,posterior_exponent × group
2238,-0.2126712025293363,pain,main_overlap,posterior_exponent × group
2239,-0.1045752344203307,pain,main_overlap,posterior_exponent × group
2240,-0.318993058831467,pain,main_overlap,posterior_exponent × group
2241,-0.3953114313905397,pain,main_overlap,posterior_exponent × group
2242,-0.2590414536803032,pain,main_overlap,posterior_exponent × group
2243,-0.0822962371384074,pain,main_overlap,posterior_exponent × group
2244,-0.0864545580655835,pain,main_overlap,posterior_exponent × group
2245,-0.2181642580809854,pain,main_overlap,posterior_exponent × group
2246,-0.1366525855915867,pain,main_overlap,posterior_exponent × group
2247,-0.1449843051511272,pain,main_overlap,posterior_exponent × group
2248,-0.2374321539776162,pain,main_overlap,posterior_exponent × group
2249,-0.187553219313221,pain,main_overlap,posterior_exponent × group
2250,-0.2456828362389901,pain,main_overlap,posterior_exponent × group
2251,-0.3502536447681472,pain,main_overlap,posterior_exponent × group
2252,-0.3765399834073066,pain,main_overlap,posterior_exponent × group
2253,-0.1320511571012623,pain,main_overlap,posterior_exponent × group
2254,-0.1807366334033835,pain,main_overlap,posterior_exponent × group
2255,-0.0047810039370805,pain,main_overlap,posterior_exponent × group
2256,-0.0827021076479512,pain,main_overlap,posterior_exponent × group
2257,-0.0101703730504981,pain,main_overlap,posterior_exponent × group
2258,-0.3336137488570464,pain,main_overlap,posterior_exponent × group
2259,-0.2516047224191313,pain,main_overlap,posterior_exponent × group
2260,-0.1896916980519857,pain,main_overlap,posterior_exponent × group
2261,-0.0677077682285249,pain,main_overlap,posterior_exponent × group
2262,-0.1322836972952967,pain,main_overlap,posterior_exponent × group
2263,-0.0734329117374218,pain,main_overlap,posterior_exponent × group
2264,-0.1492947604027326,pain,main_overlap,posterior_exponent × group
2265,0.0992369574841466,pain,main_overlap,posterior_exponent × group
2266,-0.2442193040932996,pain,main_overlap,posterior_exponent × group
2267,-0.2963212628299821,pain,main_overlap,posterior_exponent × group
2268,-0.4598695179922466,pain,main_overlap,posterior_exponent × group
2269,-0.1019005183316969,pain,main_overlap,posterior_exponent × group
2270,-0.1199510928392598,pain,main_overlap,posterior_exponent × group
2271,-0.0074779161021504,pain,main_overlap,posterior_exponent × group
2272,0.0565263428336682,pain,main_overlap,posterior_exponent × group
2273,0.0085823316839564,pain,main_overlap,posterior_exponent × group
2274,-0.4847051210210419,pain,main_overlap,posterior_exponent × group
2275,-0.0632154866521949,pain,main_overlap,posterior_exponent × group
2276,-0.6305471566069104,pain,main_overlap,posterior_exponent × group
2277,-0.1630152329243591,pain,main_overlap,posterior_exponent × group
2278,-0.2919891644563652,pain,main_overlap,posterior_exponent × group
2279,-0.1114051801513196,pain,main_overlap,posterior_exponent × group
2280,0.094073357719099,pain,main_overlap,posterior_exponent × group
2281,-0.2702735255448341,pain,main_overlap,posterior_exponent × group
2282,-0.0302880711085567,pain,main_overlap,posterior_exponent × group
2283,-0.2152614557102282,pain,main_overlap,posterior_exponent × group
2284,-0.1068167615421128,pain,main_overlap,posterior_exponent × group
2285,-0.2913963625254283,pain,main_overlap,posterior_exponent × group
2286,-0.0069415812627728,pain,main_overlap,posterior_exponent × group
2287,-0.1342734232955497,pain,main_overlap,posterior_exponent × group
2288,-0.075760546095596,pain,main_overlap,posterior_exponent × group
2289,0.0155973532934628,pain,main_overlap,posterior_exponent × group
2290,0.0048006162370901,pain,main_overlap,posterior_exponent × group
2291,-0.3084131290159351,pain,main_overlap,posterior_exponent × group
2292,-0.1576781058143335,pain,main_overlap,posterior_exponent × group
2293,-0.414390082828355,pain,main_overlap,posterior_exponent × group
2294,-0.1746472902248708,pain,main_overlap,posterior_exponent × group
2295,-0.1873494453428122,pain,main_overlap,posterior_exponent × group
2296,-0.0350494185285907,pain,main_overlap,posterior_exponent × group
2297,-0.0795474944954226,pain,main_overlap,posterior_exponent × group
2298,0.0250960296913109,pain,main_overlap,posterior_exponent × group
2299,0.1339481943391405,pain,main_overlap,posterior_exponent × group
2300,-0.0526903360608204,pain,main_overlap,posterior_exponent × group
2301,0.0103948351992183,pain,main_overlap,posterior_exponent × group
2302,0.0604239074513284,pain,main_overlap,posterior_exponent × group
2303,-0.1485555052909495,pain,main_overlap,posterior_exponent × group
2304,-0.0143530386731908,pain,main_overlap,posterior_exponent × group
2305,-0.1697249081580273,pain,main_overlap,posterior_exponent × group
2306,-0.2302614133198532,pain,main_overlap,posterior_exponent × group
2307,0.0639224889108622,pain,main_overlap,posterior_exponent × group
2308,-0.0002694044922641,pain,main_overlap,posterior_exponent × group
2309,-0.0489357682978349,pain,main_overlap,posterior_exponent × group
2310,-0.2104855648411788,pain,main_overlap,posterior_exponent × group
2311,0.0320679781361116,pain,main_overlap,posterior_exponent × group
2312,-0.0956032405948293,pain,main_overlap,posterior_exponent × group
2313,-0.4056252598986488,pain,main_overlap,posterior_exponent × group
2314,-0.0893334142794551,pain,main_overlap,posterior_exponent × group
2315,0.1630438403033538,pain,main_overlap,posterior_exponent × group
2316,0.0189445389714708,pain,main_overlap,posterior_exponent × group
2317,0.1534640056001585,pain,main_overlap,posterior_exponent × group
2318,0.1505050596522021,pain,main_overlap,posterior_exponent × group
2319,-0.3010537260961244,pain,main_overlap,posterior_exponent × group
2320,-0.1035570532862549,pain,main_overlap,posterior_exponent × group
2321,-0.127973536378863,pain,main_overlap,posterior_exponent × group
2322,-0.2623600254429414,pain,main_overlap,posterior_exponent × group
2323,-0.185822604142965,pain,main_overlap,posterior_exponent × group
2324,-0.1246657973313056,pain,main_overlap,posterior_exponent × group
2325,-0.0888560076385583,pain,main_overlap,posterior_exponent × group
2326,-0.4381863134003934,pain,main_overlap,posterior_exponent × group
2327,0.0329122413840604,pain,main_overlap,posterior_exponent × group
2328,0.1205650562023517,pain,main_overlap,posterior_exponent × group
2329,-0.339896202902931,pain,main_overlap,posterior_exponent × group
2330,-0.0904826851114327,pain,main_overlap,posterior_exponent × group
2331,-0.0315800879050874,pain,main_overlap,posterior_exponent × group
2332,-0.337034261887481,pain,main_overlap,posterior_exponent × group
2333,-0.0719848596972424,pain,main_overlap,posterior_exponent × group
2334,-0.2465177308065268,pain,main_overlap,posterior_exponent × group
2335,-0.0383485167320866,pain,main_overlap,posterior_exponent × group
2336,-0.1556392917105126,pain,main_overlap,posterior_exponent × group
2337,0.0150890294622623,pain,main_overlap,posterior_exponent × group
2338,-0.1514870260327338,pain,main_overlap,posterior_exponent × group
2339,-0.088233603280204,pain,main_overlap,posterior_exponent × group
2340,-0.0070003708520538,pain,main_overlap,posterior_exponent × group
2341,-0.2524324389979852,pain,main_overlap,posterior_exponent × group
2342,0.058291776949778,pain,main_overlap,posterior_exponent × group
2343,-0.3333091167809462,pain,main_overlap,posterior_exponent × group
2344,-0.1295093968772606,pain,main_overlap,posterior_exponent × group
2345,-0.2066883921489234,pain,main_overlap,posterior_exponent × group
2346,0.1746219469377826,pain,main_overlap,posterior_exponent × group
2347,-0.1576372902742519,pain,main_overlap,posterior_exponent × group
2348,0.0714719996753825,pain,main_overlap,posterior_exponent × group
2349,-0.1474701459592467,pain,main_overlap,posterior_exponent × group
2350,0.1325708389800479,pain,main_overlap,posterior_exponent × group
2351,-0.2872060971380089,pain,main_overlap,posterior_exponent × group
2352,-0.0945116845116303,pain,main_overlap,posterior_exponent × group
2353,-0.2246644464919815,pain,main_overlap,posterior_exponent × group
2354,-0.1119958399055672,pain,main_overlap,posterior_exponent × group
2355,-0.1779681053971626,pain,main_overlap,posterior_exponent × group
2356,-0.3427996041415022,pain,main_overlap,posterior_exponent × group
2357,-0.1839477045950908,pain,main_overlap,posterior_exponent × group
2358,-0.0967755996047376,pain,main_overlap,posterior_exponent × group
2359,-0.0822960750259313,pain,main_overlap,posterior_exponent × group
2360,-0.0458249819502586,pain,main_overlap,posterior_exponent × group
2361,-0.0547213620425595,pain,main_overlap,posterior_exponent × group
2362,0.0410679335212729,pain,main_overlap,posterior_exponent × group
2363,-0.0625296506803021,pain,main_overlap,posterior_exponent × group
2364,-0.2034571066140424,pain,main_overlap,posterior_exponent × group
2365,-0.3269060333707076,pain,main_overlap,posterior_exponent × group
2366,-0.1461620577833966,pain,main_overlap,posterior_exponent × group
2367,-0.2731031754768176,pain,main_overlap,posterior_exponent × group
2368,0.0957334565181276,pain,main_overlap,posterior_exponent × group
2369,-0.1400879011766609,pain,main_overlap,posterior_exponent × group
2370,-0.091728281324756,pain,main_overlap,posterior_exponent × group
2371,-0.2842234529210032,pain,main_overlap,posterior_exponent × group
2372,-0.1196827465373301,pain,main_overlap,posterior_exponent × group
2373,-0.1622278674664767,pain,main_overlap,posterior_exponent × group
2374,0.0467199971749318,pain,main_overlap,posterior_exponent × group
2375,-0.0031661606918101,pain,main_overlap,posterior_exponent × group
2376,-0.0996393367766153,pain,main_overlap,posterior_exponent × group
2377,-0.236278917717501,pain,main_overlap,posterior_exponent × group
2378,0.1264723395377439,pain,main_overlap,posterior_exponent × group
2379,-0.3275030110833365,pain,main_overlap,posterior_exponent × group
2380,-0.5101462608582122,pain,main_overlap,posterior_exponent × group
2381,-0.1668400554793908,pain,main_overlap,posterior_exponent × group
2382,0.0556958430085679,pain,main_overlap,posterior_exponent × group
2383,-0.0670770550196672,pain,main_overlap,posterior_exponent × group
2384,-0.2104489012750278,pain,main_overlap,posterior_exponent × group
2385,-0.2343909616306788,pain,main_overlap,posterior_exponent × group
2386,-0.0975683672074076,pain,main_overlap,posterior_exponent × group
2387,0.1081834009246772,pain,main_overlap,posterior_exponent × group
2388,0.0999156978485994,pain,main_overlap,posterior_exponent × group
2389,-0.0687437593367755,pain,main_overlap,posterior_exponent × group
2390,-0.1911482337381846,pain,main_overlap,posterior_exponent × group
2391,0.0602797228186111,pain,main_overlap,posterior_exponent × group
2392,-0.2523292057956929,pain,main_overlap,posterior_exponent × group
2393,-0.4250402090533547,pain,main_overlap,posterior_exponent × group
2394,-0.2044238743803728,pain,main_overlap,posterior_exponent × group
2395,-0.2223990572015713,pain,main_overlap,posterior_exponent × group
2396,0.035324971489241,pain,main_overlap,posterior_exponent × group
2397,-0.1137104236778872,pain,main_overlap,posterior_exponent × group
2398,0.0265738241076484,pain,main_overlap,posterior_exponent × group
2399,-0.0514534547829881,pain,main_overlap,posterior_exponent × group
2400,-0.4429349332820944,pain,main_overlap,posterior_exponent × group
2401,0.078003780590293,pain,main_overlap,posterior_exponent × group
2402,0.0089548675372171,pain,main_overlap,posterior_exponent × group
2403,-0.380924625151032,pain,main_overlap,posterior_exponent × group
2404,-0.2823511758486527,pain,main_overlap,posterior_exponent × group
2405,-0.1042069417296251,pain,main_overlap,posterior_exponent × group
2406,-0.0616670537358769,pain,main_overlap,posterior_exponent × group
2407,-0.091965861359274,pain,main_overlap,posterior_exponent × group
2408,-0.0444535173083354,pain,main_overlap,posterior_exponent × group
2409,-0.2992149569003536,pain,main_overlap,posterior_exponent × group
2410,-0.0125139562053621,pain,main_overlap,posterior_exponent × group
2411,-0.2925160942096052,pain,main_overlap,posterior_exponent × group
2412,-0.1581959137373234,pain,main_overlap,posterior_exponent × group
2413,0.09182696512453,pain,main_overlap,posterior_exponent × group
2414,-0.0139446827879568,pain,main_overlap,posterior_exponent × group
2415,-0.3344633875010114,pain,main_overlap,posterior_exponent × group
2416,-0.0467536315967191,pain,main_overlap,posterior_exponent × group
2417,0.0289100433432189,pain,main_overlap,posterior_exponent × group
2418,-0.2347392152987426,pain,main_overlap,posterior_exponent × group
2419,-0.0681306422392553,pain,main_overlap,posterior_exponent × group
2420,-0.1557559290501637,pain,main_overlap,posterior_exponent × group
2421,0.1185162430590293,pain,main_overlap,posterior_exponent × group
2422,0.0225387180862771,pain,main_overlap,posterior_exponent × group
2423,0.0269682716858402,pain,main_overlap,posterior_exponent × group
2424,-0.2334850652554819,pain,main_overlap,posterior_exponent × group
2425,-0.1231780198587583,pain,main_overlap,posterior_exponent × group
2426,-0.3132162672807712,pain,main_overlap,posterior_exponent × group
2427,-0.0395348978673798,pain,main_overlap,posterior_exponent × group
2428,-0.0210146332564455,pain,main_overlap,posterior_exponent × group
2429,-0.1698221959039932,pain,main_overlap,posterior_exponent × group
2430,-0.166838452690021,pain,main_overlap,posterior_exponent × group
2431,0.1678143525551707,pain,main_overlap,posterior_exponent × group
2432,-0.1685047227556438,pain,main_overlap,posterior_exponent × group
2433,-0.2125514012149206,pain,main_overlap,posterior_exponent × group
2434,-0.3531401775806716,pain,main_overlap,posterior_exponent × group
2435,0.0327767105929319,pain,main_overlap,posterior_exponent × group
2436,-0.24926211966783,pain,main_overlap,posterior_exponent × group
2437,-0.0281360019544272,pain,main_overlap,posterior_exponent × group
2438,-0.0358880598851696,pain,main_overlap,posterior_exponent × group
2439,0.173984779202168,pain,main_overlap,posterior_exponent × group
2440,-0.4518138569040739,pain,main_overlap,posterior_exponent × group
2441,-0.1252401362908907,pain,main_overlap,posterior_exponent × group
2442,-0.3332098800508525,pain,main_overlap,posterior_exponent × group
2443,-0.0340542219545542,pain,main_overlap,posterior_exponent × group
2444,-0.1975890030180068,pain,main_overlap,posterior_exponent × group
2445,0.2446768170004954,pain,main_overlap,posterior_exponent × group
2446,-0.2011269944678539,pain,main_overlap,posterior_exponent × group
2447,-0.0522603205605072,pain,main_overlap,posterior_exponent × group
2448,-0.1372317712764042,pain,main_overlap,posterior_exponent × group
2449,-0.0866324304905922,pain,main_overlap,posterior_exponent × group
2450,-0.145150450498557,pain,main_overlap,posterior_exponent × group
2451,-0.3164407933965419,pain,main_overlap,posterior_exponent × group
2452,-0.1191973230387126,pain,main_overlap,posterior_exponent × group
2453,-0.0181389747177056,pain,main_overlap,posterior_exponent × group
2454,-0.3571495835183926,pain,main_overlap,posterior_exponent × group
2455,-0.1396181028451908,pain,main_overlap,posterior_exponent × group
2456,-0.2116688829145903,pain,main_overlap,posterior_exponent × group
2457,-0.0448153041895377,pain,main_overlap,posterior_exponent × group
2458,-0.1647282976302577,pain,main_overlap,posterior_exponent × group
2459,-0.1379812197414077,pain,main_overlap,posterior_exponent × group
2460,-0.0724706154709027,pain,main_overlap,posterior_exponent × group
2461,0.1557973224996468,pain,main_overlap,posterior_exponent × group
2462,-0.0036830657250225,pain,main_overlap,posterior_exponent × group
2463,0.0169303031278152,pain,main_overlap,posterior_exponent × group
2464,-0.2512491784721731,pain,main_overlap,posterior_exponent × group
2465,-0.1600842529073361,pain,main_overlap,posterior_exponent × group
2466,-0.0788613716018296,pain,main_overlap,posterior_exponent × group
2467,-0.0429795733749213,pain,main_overlap,posterior_exponent × group
2468,-0.0989266390357208,pain,main_overlap,posterior_exponent × group
2469,-0.1952917242827239,pain,main_overlap,posterior_exponent × group
2470,-0.1843724066292789,pain,main_overlap,posterior_exponent × group
2471,-0.0564929366325052,pain,main_overlap,posterior_exponent × group
2472,-0.3668507541572482,pain,main_overlap,posterior_exponent × group
2473,-0.0862582956579735,pain,main_overlap,posterior_exponent × group
2474,-0.4063777401203802,pain,main_overlap,posterior_exponent × group
2475,-0.1991455411859703,pain,main_overlap,posterior_exponent × group
2476,0.0393211188256909,pain,main_overlap,posterior_exponent × group
2477,-0.1370651465336967,pain,main_overlap,posterior_exponent × group
2478,-0.2066414933551443,pain,main_overlap,posterior_exponent × group
2479,-0.2514843378048067,pain,main_overlap,posterior_exponent × group
2480,-0.0565984548123008,pain,main_overlap,posterior_exponent × group
2481,-0.2700571248144851,pain,main_overlap,posterior_exponent × group
2482,-0.1780641097567606,pain,main_overlap,posterior_exponent × group
2483,-0.0493093542507709,pain,main_overlap,posterior_exponent × group
2484,-0.1793704485544261,pain,main_overlap,posterior_exponent × group
2485,-0.1180983340297586,pain,main_overlap,posterior_exponent × group
2486,-0.3009724984373367,pain,main_overlap,posterior_exponent × group
2487,-0.1185839065672885,pain,main_overlap,posterior_exponent × group
2488,-0.2119193955566891,pain,main_overlap,posterior_exponent × group
2489,-0.1078085609666449,pain,main_overlap,posterior_exponent × group
2490,0.0428054083624935,pain,main_overlap,posterior_exponent × group
2491,-0.2911027272802069,pain,main_overlap,posterior_exponent × group
2492,0.1342865861196194,pain,main_overlap,posterior_exponent × group
2493,-0.3269731516494326,pain,main_overlap,posterior_exponent × group
2494,-0.3345748883135095,pain,main_overlap,posterior_exponent × group
2495,0.0147306153551976,pain,main_overlap,posterior_exponent × group
2496,-0.2659039055979765,pain,main_overlap,posterior_exponent × group
2497,-0.0848010930823672,pain,main_overlap,posterior_exponent × group
2498,-0.2373470624609086,pain,main_overlap,posterior_exponent × group
2499,-0.0155913428638921,pain,main_overlap,posterior_exponent × group
2500,0.1210410176377697,pain,main_overlap,posterior_exponent × group
2501,-0.0519091620312073,pain,main_overlap,posterior_exponent × group
2502,-0.0489044628720926,pain,main_overlap,posterior_exponent × group
2503,-0.2686252572585096,pain,main_overlap,posterior_exponent × group
2504,0.1445855714897678,pain,main_overlap,posterior_exponent × group
2505,-0.0159206396275747,pain,main_overlap,posterior_exponent × group
2506,0.0331103197445194,pain,main_overlap,posterior_exponent × group
2507,-0.0758377483374859,pain,main_overlap,posterior_exponent × group
2508,-0.067227147577523,pain,main_overlap,posterior_exponent × group
2509,-0.1926919169885888,pain,main_overlap,posterior_exponent × group
2510,-0.1296119054582303,pain,main_overlap,posterior_exponent × group
2511,-0.3778811704848028,pain,main_overlap,posterior_exponent × group
2512,-0.0760302932000088,pain,main_overlap,posterior_exponent × group
2513,-0.1195372774502214,pain,main_overlap,posterior_exponent × group
2514,-0.2801871587935254,pain,main_overlap,posterior_exponent × group
2515,0.0701268484982321,pain,main_overlap,posterior_exponent × group
2516,0.0288297371488437,pain,main_overlap,posterior_exponent × group
2517,-0.0922284528690002,pain,main_overlap,posterior_exponent × group
2518,0.0971283661346362,pain,main_overlap,posterior_exponent × group
2519,-0.3270645419294319,pain,main_overlap,posterior_exponent × group
2520,-0.0102033688152294,pain,main_overlap,posterior_exponent × group
2521,-0.3846958555556649,pain,main_overlap,posterior_exponent × group
2522,-0.2694638003566595,pain,main_overlap,posterior_exponent × group
2523,0.0392710019521351,pain,main_overlap,posterior_exponent × group
2524,-0.3806319229670047,pain,main_overlap,posterior_exponent × group
2525,0.0507986454295785,pain,main_overlap,posterior_exponent × group
2526,-0.3398083356253966,pain,main_overlap,posterior_exponent × group
2527,-0.1112975023836545,pain,main_overlap,posterior_exponent × group
2528,-0.1568115989788205,pain,main_overlap,posterior_exponent × group
2529,-0.2080326610133148,pain,main_overlap,posterior_exponent × group
2530,-0.4145990043868902,pain,main_overlap,posterior_exponent × group
2531,-0.0803182429609998,pain,main_overlap,posterior_exponent × group
2532,-0.0377306716754011,pain,main_overlap,posterior_exponent × group
2533,0.0009161196277386,pain,main_overlap,posterior_exponent × group
2534,-0.0091396884890133,pain,main_overlap,posterior_exponent × group
2535,-0.4312714920996939,pain,main_overlap,posterior_exponent × group
2536,-0.1687717414880741,pain,main_overlap,posterior_exponent × group
2537,-0.3315568301663714,pain,main_overlap,posterior_exponent × group
2538,-0.0636222500665527,pain,main_overlap,posterior_exponent × group
2539,-0.1281670474947022,pain,main_overlap,posterior_exponent × group
2540,-0.1649113972835539,pain,main_overlap,posterior_exponent × group
2541,-0.2119019634787862,pain,main_overlap,posterior_exponent × group
2542,-0.1673380154355511,pain,main_overlap,posterior_exponent × group
2543,-0.237614759577226,pain,main_overlap,posterior_exponent × group
2544,-0.00229449896136,pain,main_overlap,posterior_exponent × group
2545,-0.0257409155831411,pain,main_overlap,posterior_exponent × group
2546,-0.1876792603295457,pain,main_overlap,posterior_exponent × group
2547,0.1574804525663757,pain,main_overlap,posterior_exponent × group
2548,-0.0934994282758673,pain,main_overlap,posterior_exponent × group
2549,-0.282202771204514,pain,main_overlap,posterior_exponent × group
2550,-0.053318670311157,pain,main_overlap,posterior_exponent × group
2551,-0.1035364327217593,pain,main_overlap,posterior_exponent × group
2552,-0.1128672586070532,pain,main_overlap,posterior_exponent × group
2553,-0.0897382576094938,pain,main_overlap,posterior_exponent × group
2554,-0.4382277761806958,pain,main_overlap,posterior_exponent × group
2555,-0.2518989223602597,pain,main_overlap,posterior_exponent × group
2556,-0.1146725262204338,pain,main_overlap,posterior_exponent × group
2557,-0.2365129395819335,pain,main_overlap,posterior_exponent × group
2558,-0.0436464290938356,pain,main_overlap,posterior_exponent × group
2559,0.1582775588420644,pain,main_overlap,posterior_exponent × group
2560,0.0049249786535271,pain,main_overlap,posterior_exponent × group
2561,-0.1207673473852308,pain,main_overlap,posterior_exponent × group
2562,-0.1452231489054258,pain,main_overlap,posterior_exponent × group
2563,-0.3941844257982141,pain,main_overlap,posterior_exponent × group
2564,-0.0934751636189569,pain,main_overlap,posterior_exponent × group
2565,0.0248118860006959,pain,main_overlap,posterior_exponent × group
2566,-0.0560439862904981,pain,main_overlap,posterior_exponent × group
2567,-0.2233915976974003,pain,main_overlap,posterior_exponent × group
2568,-0.3630476075015752,pain,main_overlap,posterior_exponent × group
2569,-0.1183362054313744,pain,main_overlap,posterior_exponent × group
2570,-0.2016929389373716,pain,main_overlap,posterior_exponent × group
2571,-0.1458027258180277,pain,main_overlap,posterior_exponent × group
2572,-0.0360076340860765,pain,main_overlap,posterior_exponent × group
2573,-0.0685398096474675,pain,main_overlap,posterior_exponent × group
2574,0.0623619986165937,pain,main_overlap,posterior_exponent × group
2575,-0.1094444291391233,pain,main_overlap,posterior_exponent × group
2576,-0.1453653114783267,pain,main_overlap,posterior_exponent × group
2577,-0.2047767928137311,pain,main_overlap,posterior_exponent × group
2578,-0.031084396369324,pain,main_overlap,posterior_exponent × group
2579,-0.1512624169570768,pain,main_overlap,posterior_exponent × group
2580,0.0203221032463997,pain,main_overlap,posterior_exponent × group
2581,-0.0041899630144462,pain,main_overlap,posterior_exponent × group
2582,-0.3281183868303866,pain,main_overlap,posterior_exponent × group
2583,0.1796561009014477,pain,main_overlap,posterior_exponent × group
2584,-0.0473468834494556,pain,main_overlap,posterior_exponent × group
2585,-0.1236061261819476,pain,main_overlap,posterior_exponent × group
2586,-0.0737905687560391,pain,main_overlap,posterior_exponent × group
2587,-0.2847495075204523,pain,main_overlap,posterior_exponent × group
2588,-0.0350290528817285,pain,main_overlap,posterior_exponent × group
2589,-0.1322314432468795,pain,main_overlap,posterior_exponent × group
2590,-0.3950998607807285,pain,main_overlap,posterior_exponent × group
2591,-0.0934240240510097,pain,main_overlap,posterior_exponent × group
2592,-0.1902459418819263,pain,main_overlap,posterior_exponent × group
2593,0.1214221689622707,pain,main_overlap,posterior_exponent × group
2594,0.0254295005788088,pain,main_overlap,posterior_exponent × group
2595,0.0959749597573428,pain,main_overlap,posterior_exponent × group
2596,-0.1514600855948394,pain,main_overlap,posterior_exponent × group
2597,-0.1536939974471882,pain,main_overlap,posterior_exponent × group
2598,-0.1317757032815774,pain,main_overlap,posterior_exponent × group
2599,-0.1456436500499212,pain,main_overlap,posterior_exponent × group
2600,-0.3086621808927203,pain,main_overlap,posterior_exponent × group
2601,-0.3630800567659732,pain,main_overlap,posterior_exponent × group
2602,-0.0296623667448929,pain,main_overlap,posterior_exponent × group
2603,-0.0715353546913363,pain,main_overlap,posterior_exponent × group
2604,-0.0693829141572324,pain,main_overlap,posterior_exponent × group
2605,-0.4631244567885635,pain,main_overlap,posterior_exponent × group
2606,0.1961882408444181,pain,main_overlap,posterior_exponent × group
2607,0.045684911028238,pain,main_overlap,posterior_exponent × group
2608,-0.0633453525655993,pain,main_overlap,posterior_exponent × group
2609,-0.2928680579909387,pain,main_overlap,posterior_exponent × group
2610,-0.193047960877978,pain,main_overlap,posterior_exponent × group
2611,-0.2046196041463075,pain,main_overlap,posterior_exponent × group
2612,-0.1107650984134563,pain,main_overlap,posterior_exponent × group
2613,0.0327690231821618,pain,main_overlap,posterior_exponent × group
2614,-0.2831677320546764,pain,main_overlap,posterior_exponent × group
2615,-0.0800948731238919,pain,main_overlap,posterior_exponent × group
2616,-0.1227793649387851,pain,main_overlap,posterior_exponent × group
2617,0.0673377339938022,pain,main_overlap,posterior_exponent × group
2618,-0.21237924135189,pain,main_overlap,posterior_exponent × group
2619,-0.169063640518188,pain,main_overlap,posterior_exponent × group
2620,0.096114891157717,pain,main_overlap,posterior_exponent × group
2621,0.0881502462533945,pain,main_overlap,posterior_exponent × group
2622,-0.1046163229413944,pain,main_overlap,posterior_exponent × group
2623,-0.2305568193702902,pain,main_overlap,posterior_exponent × group
2624,-0.0335359716816987,pain,main_overlap,posterior_exponent × group
2625,-0.1279105176815684,pain,main_overlap,posterior_exponent × group
2626,-0.0786654251743708,pain,main_overlap,posterior_exponent × group
2627,0.1009567443127252,pain,main_overlap,posterior_exponent × group
2628,0.0715120083070495,pain,main_overlap,posterior_exponent × group
2629,-0.0242341198708391,pain,main_overlap,posterior_exponent × group
2630,-0.0681536114883075,pain,main_overlap,posterior_exponent × group
2631,0.0879466905048479,pain,main_overlap,posterior_exponent × group
2632,-0.01608527877523,pain,main_overlap,posterior_exponent × group
2633,-0.115605239135214,pain,main_overlap,posterior_exponent × group
2634,-0.2033338607430888,pain,main_overlap,posterior_exponent × group
2635,0.0256031436843568,pain,main_overlap,posterior_exponent × group
2636,-0.1517314296882034,pain,main_overlap,posterior_exponent × group
2637,-0.0449443222083587,pain,main_overlap,posterior_exponent × group
2638,-0.0321940543503014,pain,main_overlap,posterior_exponent × group
2639,0.1006745535301709,pain,main_overlap,posterior_exponent × group
2640,-0.0234339561623083,pain,main_overlap,posterior_exponent × group
2641,0.1447761772256883,pain,main_overlap,posterior_exponent × group
2642,0.1591176124970943,pain,main_overlap,posterior_exponent × group
2643,-0.13385559811059,pain,main_overlap,posterior_exponent × group
2644,-0.1990419929120974,pain,main_overlap,posterior_exponent × group
2645,-0.262150514390941,pain,main_overlap,posterior_exponent × group
2646,-0.3188132605088534,pain,main_overlap,posterior_exponent × group
2647,0.0397064861092626,pain,main_overlap,posterior_exponent × group
2648,-0.3307006623710532,pain,main_overlap,posterior_exponent × group
2649,-0.1411759735502555,pain,main_overlap,posterior_exponent × group
2650,-0.2200807819907415,pain,main_overlap,posterior_exponent × group
2651,-0.2820169585354874,pain,main_overlap,posterior_exponent × group
2652,-0.1628692977056811,pain,main_overlap,posterior_exponent × group
2653,-0.3554046731434471,pain,main_overlap,posterior_exponent × group
2654,0.1451888667486792,pain,main_overlap,posterior_exponent × group
2655,-0.1289806158573521,pain,main_overlap,posterior_exponent × group
2656,-0.1426409208978906,pain,main_overlap,posterior_exponent × group
2657,-0.2765970825815024,pain,main_overlap,posterior_exponent × group
2658,-0.1119307437379886,pain,main_overlap,posterior_exponent × group
2659,0.021248254799541,pain,main_overlap,posterior_exponent × group
2660,-0.1404678704877597,pain,main_overlap,posterior_exponent × group
2661,-0.213810943178598,pain,main_overlap,posterior_exponent × group
2662,-0.061699771211274,pain,main_overlap,posterior_exponent × group
2663,-0.2028773208547627,pain,main_overlap,posterior_exponent × group
2664,-0.293048870068124,pain,main_overlap,posterior_exponent × group
2665,-0.1463971087629786,pain,main_overlap,posterior_exponent × group
2666,-0.1205165797996109,pain,main_overlap,posterior_exponent × group
2667,-0.1821829317156216,pain,main_overlap,posterior_exponent × group
2668,-0.1194949060072157,pain,main_overlap,posterior_exponent × group
2669,-0.0091569330357997,pain,main_overlap,posterior_exponent × group
2670,-0.1692703583187241,pain,main_overlap,posterior_exponent × group
2671,0.0356669167628271,pain,main_overlap,posterior_exponent × group
2672,-0.242064560524353,pain,main_overlap,posterior_exponent × group
2673,-0.0284260132075397,pain,main_overlap,posterior_exponent × group
2674,-0.0771828232097879,pain,main_overlap,posterior_exponent × group
2675,0.1639245781341715,pain,main_overlap,posterior_exponent × group
2676,0.0849413802961133,pain,main_overlap,posterior_exponent × group
2677,-0.1592897649416062,pain,main_overlap,posterior_exponent × group
2678,-0.4060684572056481,pain,main_overlap,posterior_exponent × group
2679,-0.0336218288116083,pain,main_overlap,posterior_exponent × group
2680,-0.1940290124487036,pain,main_overlap,posterior_exponent × group
2681,-0.1642083212427157,pain,main_overlap,posterior_exponent × group
2682,0.1377206572773095,pain,main_overlap,posterior_exponent × group
2683,0.0305803727808855,pain,main_overlap,posterior_exponent × group
2684,-0.3198386255520808,pain,main_overlap,posterior_exponent × group
2685,-0.052970053978176,pain,main_overlap,posterior_exponent × group
2686,-0.1761380318732243,pain,main_overlap,posterior_exponent × group
2687,-0.1226855761954138,pain,main_overlap,posterior_exponent × group
2688,-0.0333056705032741,pain,main_overlap,posterior_exponent × group
2689,-0.3695248700306002,pain,main_overlap,posterior_exponent × group
2690,0.0174386539280016,pain,main_overlap,posterior_exponent × group
2691,0.1339931575070904,pain,main_overlap,posterior_exponent × group
2692,-0.1379567503123041,pain,main_overlap,posterior_exponent × group
2693,-0.1070658330363074,pain,main_overlap,posterior_exponent × group
2694,0.0609322092256697,pain,main_overlap,posterior_exponent × group
2695,0.0402245367478208,pain,main_overlap,posterior_exponent × group
2696,-0.2241467365247576,pain,main_overlap,posterior_exponent × group
2697,-0.2159135414798888,pain,main_overlap,posterior_exponent × group
2698,0.038276414062742,pain,main_overlap,posterior_exponent × group
2699,-0.1638034412779346,pain,main_overlap,posterior_exponent × group
2700,-0.1834132107676327,pain,main_overlap,posterior_exponent × group
2701,-0.073814868940898,pain,main_overlap,posterior_exponent × group
2702,0.0702095530077695,pain,main_overlap,posterior_exponent × group
2703,-0.2486971271420246,pain,main_overlap,posterior_exponent × group
2704,-0.1854370063621697,pain,main_overlap,posterior_exponent × group
2705,-0.1263580151529899,pain,main_overlap,posterior_exponent × group
2706,-0.0334045612224085,pain,main_overlap,posterior_exponent × group
2707,-0.0955029075996919,pain,main_overlap,posterior_exponent × group
2708,0.014075547392969,pain,main_overlap,posterior_exponent × group
2709,-0.0071801280863446,pain,main_overlap,posterior_exponent × group
2710,-0.3491132198024786,pain,main_overlap,posterior_exponent × group
2711,-0.0275123887286385,pain,main_overlap,posterior_exponent × group
2712,-0.2469282102786344,pain,main_overlap,posterior_exponent × group
2713,-0.206817813415406,pain,main_overlap,posterior_exponent × group
2714,-0.367593387118978,pain,main_overlap,posterior_exponent × group
2715,0.0790440263425526,pain,main_overlap,posterior_exponent × group
2716,-0.0862875388771547,pain,main_overlap,posterior_exponent × group
2717,-0.1395380449158945,pain,main_overlap,posterior_exponent × group
2718,-0.4806267341361199,pain,main_overlap,posterior_exponent × group
2719,-0.1157522957386134,pain,main_overlap,posterior_exponent × group
2720,-0.0766850599820455,pain,main_overlap,posterior_exponent × group
2721,0.0885617825724693,pain,main_overlap,posterior_exponent × group
2722,-0.0015406717382359,pain,main_overlap,posterior_exponent × group
2723,0.0264839319864393,pain,main_overlap,posterior_exponent × group
2724,0.0900663018133929,pain,main_overlap,posterior_exponent × group
2725,-0.2464457533408773,pain,main_overlap,posterior_exponent × group
2726,-0.0716500849827751,pain,main_overlap,posterior_exponent × group
2727,-0.3534275950298451,pain,main_overlap,posterior_exponent × group
2728,-0.1948264723484075,pain,main_overlap,posterior_exponent × group
2729,-0.1833652234329017,pain,main_overlap,posterior_exponent × group
2730,-0.1771013559203752,pain,main_overlap,posterior_exponent × group
2731,-0.2891483412118617,pain,main_overlap,posterior_exponent × group
2732,-0.2330646389418456,pain,main_overlap,posterior_exponent × group
2733,-0.1743000236236623,pain,main_overlap,posterior_exponent × group
2734,0.1062255836595859,pain,main_overlap,posterior_exponent × group
2735,-0.3375629080805817,pain,main_overlap,posterior_exponent × group
2736,-0.2740203435705647,pain,main_overlap,posterior_exponent × group
2737,-0.0609868388909049,pain,main_overlap,posterior_exponent × group
2738,0.0081467687640985,pain,main_overlap,posterior_exponent × group
2739,-0.0647680706695403,pain,main_overlap,posterior_exponent × group
2740,0.0304263328075794,pain,main_overlap,posterior_exponent × group
2741,-0.4044499504478417,pain,main_overlap,posterior_exponent × group
2742,0.0103016272539067,pain,main_overlap,posterior_exponent × group
2743,0.0405534098664005,pain,main_overlap,posterior_exponent × group
2744,-0.4573301190879782,pain,main_overlap,posterior_exponent × group
2745,-0.096692872162857,pain,main_overlap,posterior_exponent × group
2746,-0.3084927563725905,pain,main_overlap,posterior_exponent × group
2747,-0.1853734004016609,pain,main_overlap,posterior_exponent × group
2748,-0.4550910536408292,pain,main_overlap,posterior_exponent × group
2749,-0.1017810162759488,pain,main_overlap,posterior_exponent × group
2750,-0.0238038470884384,pain,main_overlap,posterior_exponent × group
2751,0.1468060642776719,pain,main_overlap,posterior_exponent × group
2752,-0.0412514158837254,pain,main_overlap,posterior_exponent × group
2753,-0.1385770728613907,pain,main_overlap,posterior_exponent × group
2754,0.0741075880826773,pain,main_overlap,posterior_exponent × group
2755,-0.4651050919020753,pain,main_overlap,posterior_exponent × group
2756,-0.4178429030275701,pain,main_overlap,posterior_exponent × group
2757,0.0486894846927336,pain,main_overlap,posterior_exponent × group
2758,-0.129575183780038,pain,main_overlap,posterior_exponent × group
2759,-0.1887796656751497,pain,main_overlap,posterior_exponent × group
2760,-0.1535558917389541,pain,main_overlap,posterior_exponent × group
2761,-0.1583256963833784,pain,main_overlap,posterior_exponent × group
2762,0.0991781642385519,pain,main_overlap,posterior_exponent × group
2763,-0.0945622563136461,pain,main_overlap,posterior_exponent × group
2764,-0.0324304659229252,pain,main_overlap,posterior_exponent × group
2765,0.1229927964437833,pain,main_overlap,posterior_exponent × group
2766,-0.2260774147156631,pain,main_overlap,posterior_exponent × group
2767,-0.2019579512578395,pain,main_overlap,posterior_exponent × group
2768,0.0547376914108784,pain,main_overlap,posterior_exponent × group
2769,-0.2737563408409132,pain,main_overlap,posterior_exponent × group
2770,0.0196678203236221,pain,main_overlap,posterior_exponent × group
2771,0.0991360976108825,pain,main_overlap,posterior_exponent × group
2772,-0.0292183028752038,pain,main_overlap,posterior_exponent × group
2773,-0.2893455752625464,pain,main_overlap,posterior_exponent × group
2774,-0.0267825453807787,pain,main_overlap,posterior_exponent × group
2775,0.0304959679984806,pain,main_overlap,posterior_exponent × group
2776,-0.3049522947454967,pain,main_overlap,posterior_exponent × group
2777,-0.0299106929279454,pain,main_overlap,posterior_exponent × group
2778,-0.2463498241026896,pain,main_overlap,posterior_exponent × group
2779,0.0706070993119521,pain,main_overlap,posterior_exponent × group
2780,0.0532621036756051,pain,main_overlap,posterior_exponent × group
2781,-0.2050161593858365,pain,main_overlap,posterior_exponent × group
2782,-0.1400129486335498,pain,main_overlap,posterior_exponent × group
2783,-0.1898619189571798,pain,main_overlap,posterior_exponent × group
2784,-0.0989881588919696,pain,main_overlap,posterior_exponent × group
2785,-0.033626930280274,pain,main_overlap,posterior_exponent × group
2786,0.0207974909498304,pain,main_overlap,posterior_exponent × group
2787,-0.0477891350073314,pain,main_overlap,posterior_exponent × group
2788,-0.143619080904502,pain,main_overlap,posterior_exponent × group
2789,-0.3111154758709009,pain,main_overlap,posterior_exponent × group
2790,-0.0384907052316415,pain,main_overlap,posterior_exponent × group
2791,-0.0221794479080976,pain,main_overlap,posterior_exponent × group
2792,-0.066428604714436,pain,main_overlap,posterior_exponent × group
2793,0.0864389629807491,pain,main_overlap,posterior_exponent × group
2794,-0.1489196083940223,pain,main_overlap,posterior_exponent × group
2795,-0.1419471613198348,pain,main_overlap,posterior_exponent × group
2796,-0.2232666190500931,pain,main_overlap,posterior_exponent × group
2797,-0.0344029881442114,pain,main_overlap,posterior_exponent × group
2798,-0.3813042230061557,pain,main_overlap,posterior_exponent × group
2799,0.0243946668401508,pain,main_overlap,posterior_exponent × group
2800,-0.1023566493589673,pain,main_overlap,posterior_exponent × group
2801,-0.4640514975488765,pain,main_overlap,posterior_exponent × group
2802,0.2589318449971263,pain,main_overlap,posterior_exponent × group
2803,-0.2652119516380505,pain,main_overlap,posterior_exponent × group
2804,-0.1535671659922584,pain,main_overlap,posterior_exponent × group
2805,-0.2030646008717429,pain,main_overlap,posterior_exponent × group
2806,-0.2597771967381866,pain,main_overlap,posterior_exponent × group
2807,-0.0709426177799795,pain,main_overlap,posterior_exponent × group
2808,-0.2698020965400585,pain,main_overlap,posterior_exponent × group
2809,-0.162760089184646,pain,main_overlap,posterior_exponent × group
2810,-0.0944052122510327,pain,main_overlap,posterior_exponent × group
2811,-0.0161444655937445,pain,main_overlap,posterior_exponent × group
2812,-0.2533051558858629,pain,main_overlap,posterior_exponent × group
2813,-0.0818393932150848,pain,main_overlap,posterior_exponent × group
2814,-0.3544107751684452,pain,main_overlap,posterior_exponent × group
2815,-0.0413744097385093,pain,main_overlap,posterior_exponent × group
2816,-0.0772132597165496,pain,main_overlap,posterior_exponent × group
2817,0.002957029630515,pain,main_overlap,posterior_exponent × group
2818,-0.1934731614597515,pain,main_overlap,posterior_exponent × group
2819,-0.3074748652658325,pain,main_overlap,posterior_exponent × group
2820,-0.255197153513405,pain,main_overlap,posterior_exponent × group
2821,0.1001074762461886,pain,main_overlap,posterior_exponent × group
2822,-0.2246079803377815,pain,main_overlap,posterior_exponent × group
2823,-0.0778188092292943,pain,main_overlap,posterior_exponent × group
2824,-0.066889495960186,pain,main_overlap,posterior_exponent × group
2825,0.0243476517635198,pain,main_overlap,posterior_exponent × group
2826,0.0683983511119704,pain,main_overlap,posterior_exponent × group
2827,-0.1596821468369054,pain,main_overlap,posterior_exponent × group
2828,0.0798313857004043,pain,main_overlap,posterior_exponent × group
2829,0.1152106937366651,pain,main_overlap,posterior_exponent × group
2830,-0.0305777670105721,pain,main_overlap,posterior_exponent × group
2831,-0.1472408554017366,pain,main_overlap,posterior_exponent × group
2832,-0.3691727714025837,pain,main_overlap,posterior_exponent × group
2833,-0.2107173491859876,pain,main_overlap,posterior_exponent × group
2834,-0.2856761467227517,pain,main_overlap,posterior_exponent × group
2835,-0.1680893428840482,pain,main_overlap,posterior_exponent × group
2836,-0.0636974869018268,pain,main_overlap,posterior_exponent × group
2837,-0.3188488873527383,pain,main_overlap,posterior_exponent × group
2838,-0.1473819441475168,pain,main_overlap,posterior_exponent × group
2839,-0.629703339347938,pain,main_overlap,posterior_exponent × group
2840,-0.1571721234521222,pain,main_overlap,posterior_exponent × group
2841,-0.1587580924953182,pain,main_overlap,posterior_exponent × group
2842,-0.1345469362235157,pain,main_overlap,posterior_exponent × group
2843,-0.2307034866604126,pain,main_overlap,posterior_exponent × group
2844,-0.142864001473427,pain,main_overlap,posterior_exponent × group
2845,-0.1624874717034741,pain,main_overlap,posterior_exponent × group
2846,-0.1395966918955178,pain,main_overlap,posterior_exponent × group
2847,-0.1889715302710948,pain,main_overlap,posterior_exponent × group
2848,-0.1402155043797193,pain,main_overlap,posterior_exponent × group
2849,-0.0706733179692792,pain,main_overlap,posterior_exponent × group
2850,-0.2973182347312289,pain,main_overlap,posterior_exponent × group
2851,-0.2684007995347552,pain,main_overlap,posterior_exponent × group
2852,-0.1350916273749335,pain,main_overlap,posterior_exponent × group
2853,-0.1670374597000874,pain,main_overlap,posterior_exponent × group
2854,-0.4765488597705725,pain,main_overlap,posterior_exponent × group
2855,0.1503530373182486,pain,main_overlap,posterior_exponent × group
2856,-0.0201232288632167,pain,main_overlap,posterior_exponent × group
2857,-0.2402576483108887,pain,main_overlap,posterior_exponent × group
2858,-0.0320581951494407,pain,main_overlap,posterior_exponent × group
2859,-0.5189431244369683,pain,main_overlap,posterior_exponent × group
2860,0.009972353449993,pain,main_overlap,posterior_exponent × group
2861,-0.2863474760372613,pain,main_overlap,posterior_exponent × group
2862,-0.0734201734436039,pain,main_overlap,posterior_exponent × group
2863,-0.1826467717405749,pain,main_overlap,posterior_exponent × group
2864,-0.0417236564500368,pain,main_overlap,posterior_exponent × group
2865,-0.1955247291640234,pain,main_overlap,posterior_exponent × group
2866,0.1768411373689668,pain,main_overlap,posterior_exponent × group
2867,-0.1327969806802139,pain,main_overlap,posterior_exponent × group
2868,-0.1644622762484929,pain,main_overlap,posterior_exponent × group
2869,-0.0295161689651336,pain,main_overlap,posterior_exponent × group
2870,-0.5009328241245756,pain,main_overlap,posterior_exponent × group
2871,0.0747742084785937,pain,main_overlap,posterior_exponent × group
2872,-0.2716572376778999,pain,main_overlap,posterior_exponent × group
2873,-0.5363931522266653,pain,main_overlap,posterior_exponent × group
2874,-0.2261010126733926,pain,main_overlap,posterior_exponent × group
2875,-0.1453203260658707,pain,main_overlap,posterior_exponent × group
2876,0.1683211666061727,pain,main_overlap,posterior_exponent × group
2877,0.0646569887747843,pain,main_overlap,posterior_exponent × group
2878,0.0877600901862586,pain,main_overlap,posterior_exponent × group
2879,0.0766246867254489,pain,main_overlap,posterior_exponent × group
2880,0.0256736332560797,pain,main_overlap,posterior_exponent × group
2881,-0.3181868356398395,pain,main_overlap,posterior_exponent × group
2882,-0.1897602757427662,pain,main_overlap,posterior_exponent × group
2883,-0.23861931113638,pain,main_overlap,posterior_exponent × group
2884,-0.1096976315715297,pain,main_overlap,posterior_exponent × group
2885,-0.1036737547010304,pain,main_overlap,posterior_exponent × group
2886,-0.1532074380988268,pain,main_overlap,posterior_exponent × group
2887,-0.1013713455889833,pain,main_overlap,posterior_exponent × group
2888,-0.0385927654800745,pain,main_overlap,posterior_exponent × group
2889,-0.2678128721965462,pain,main_overlap,posterior_exponent × group
2890,-0.2084117702390344,pain,main_overlap,posterior_exponent × group
2891,-0.2408627004864708,pain,main_overlap,posterior_exponent × group
2892,0.1623523863985178,pain,main_overlap,posterior_exponent × group
2893,0.1884302947089858,pain,main_overlap,posterior_exponent × group
2894,-0.4804114736495571,pain,main_overlap,posterior_exponent × group
2895,-0.3860505735197378,pain,main_overlap,posterior_exponent × group
2896,0.0683036840190055,pain,main_overlap,posterior_exponent × group
2897,-0.2869919267849772,pain,main_overlap,posterior_exponent × group
2898,0.0291323547188866,pain,main_overlap,posterior_exponent × group
2899,-0.3032445901493303,pain,main_overlap,posterior_exponent × group
2900,-0.1517672526437621,pain,main_overlap,posterior_exponent × group
2901,-0.1312547431773535,pain,main_overlap,posterior_exponent × group
2902,-0.0975044979534046,pain,main_overlap,posterior_exponent × group
2903,-0.0202199870381737,pain,main_overlap,posterior_exponent × group
2904,-0.2119005826584153,pain,main_overlap,posterior_exponent × group
2905,-0.2551796335133396,pain,main_overlap,posterior_exponent × group
2906,0.1874366870171542,pain,main_overlap,posterior_exponent × group
2907,-0.2284686366296947,pain,main_overlap,posterior_exponent × group
2908,0.1917255201663523,pain,main_overlap,posterior_exponent × group
2909,-0.2975574786809312,pain,main_overlap,posterior_exponent × group
2910,-0.0294205071790441,pain,main_overlap,posterior_exponent × group
2911,0.0458766584239911,pain,main_overlap,posterior_exponent × group
2912,-0.0559466227600218,pain,main_overlap,posterior_exponent × group
2913,0.0357386362460539,pain,main_overlap,posterior_exponent × group
2914,-0.2620137035129655,pain,main_overlap,posterior_exponent × group
2915,-0.1825508049270148,pain,main_overlap,posterior_exponent × group
2916,-0.0880381360466753,pain,main_overlap,posterior_exponent × group
2917,-0.1854159348373008,pain,main_overlap,posterior_exponent × group
2918,0.0776206934612284,pain,main_overlap,posterior_exponent × group
2919,-0.3945773291577553,pain,main_overlap,posterior_exponent × group
2920,-0.0583944700061358,pain,main_overlap,posterior_exponent × group
2921,-0.1983923704336286,pain,main_overlap,posterior_exponent × group
2922,-0.2359093936359544,pain,main_overlap,posterior_exponent × group
2923,-0.4856795110569807,pain,main_overlap,posterior_exponent × group
2924,-0.1685013908188785,pain,main_overlap,posterior_exponent × group
2925,-0.1958201949284602,pain,main_overlap,posterior_exponent × group
2926,0.0843345639876506,pain,main_overlap,posterior_exponent × group
2927,-0.2290512386354073,pain,main_overlap,posterior_exponent × group
2928,-0.3020211772229005,pain,main_overlap,posterior_exponent × group
2929,-0.3427330008990601,pain,main_overlap,posterior_exponent × group
2930,-0.2941762430347392,pain,main_overlap,posterior_exponent × group
2931,-0.0281192391840967,pain,main_overlap,posterior_exponent × group
2932,0.020878147989532,pain,main_overlap,posterior_exponent × group
2933,-0.1144260026405406,pain,main_overlap,posterior_exponent × group
2934,-0.164874865299036,pain,main_overlap,posterior_exponent × group
2935,-0.1351865146881041,pain,main_overlap,posterior_exponent × group
2936,0.0269124683994193,pain,main_overlap,posterior_exponent × group
2937,-0.5770951829607563,pain,main_overlap,posterior_exponent × group
2938,-0.0060737782058396,pain,main_overlap,posterior_exponent × group
2939,-0.1443182093631731,pain,main_overlap,posterior_exponent × group
2940,0.0706304973896759,pain,main_overlap,posterior_exponent × group
2941,-0.2441992259273393,pain,main_overlap,posterior_exponent × group
2942,-0.1575893037165306,pain,main_overlap,posterior_exponent × group
2943,-0.2536638203261834,pain,main_overlap,posterior_exponent × group
2944,-0.2847323788013603,pain,main_overlap,posterior_exponent × group
2945,-0.1317886691243126,pain,main_overlap,posterior_exponent × group
2946,0.0409076849448938,pain,main_overlap,posterior_exponent × group
2947,-0.1892989131384954,pain,main_overlap,posterior_exponent × group
2948,-0.3149602752154079,pain,main_overlap,posterior_exponent × group
2949,0.0524615772559425,pain,main_overlap,posterior_exponent × group
2950,0.0549546069244307,pain,main_overlap,posterior_exponent × group
2951,-0.0677346578246989,pain,main_overlap,posterior_exponent × group
2952,0.0669869623140843,pain,main_overlap,posterior_exponent × group
2953,0.0501017202380909,pain,main_overlap,posterior_exponent × group
2954,-0.2640552034858559,pain,main_overlap,posterior_exponent × group
2955,-0.1166044724518765,pain,main_overlap,posterior_exponent × group
2956,-0.0604819320186665,pain,main_overlap,posterior_exponent × group
2957,-0.0245424435995152,pain,main_overlap,posterior_exponent × group
2958,-0.0205586880802598,pain,main_overlap,posterior_exponent × group
2959,0.2267884470619689,pain,main_overlap,posterior_exponent × group
2960,-0.0928497031877298,pain,main_overlap,posterior_exponent × group
2961,-0.1297434476648799,pain,main_overlap,posterior_exponent × group
2962,-0.0410007234739505,pain,main_overlap,posterior_exponent × group
2963,-0.3558079847765971,pain,main_overlap,posterior_exponent × group
2964,-0.0156151158467434,pain,main_overlap,posterior_exponent × group
2965,-0.3075589154895811,pain,main_overlap,posterior_exponent × group
2966,-0.1599192788088084,pain,main_overlap,posterior_exponent × group
2967,-0.1763743801270486,pain,main_overlap,posterior_exponent × group
2968,-0.1484845429584103,pain,main_overlap,posterior_exponent × group
2969,0.003426174315562,pain,main_overlap,posterior_exponent × group
2970,-0.1162956101238478,pain,main_overlap,posterior_exponent × group
2971,-0.1515076432788183,pain,main_overlap,posterior_exponent × group
2972,-0.1834972006005717,pain,main_overlap,posterior_exponent × group
2973,-0.0941375827585724,pain,main_overlap,posterior_exponent × group
2974,-0.1983908262814676,pain,main_overlap,posterior_exponent × group
2975,-0.1657948453536956,pain,main_overlap,posterior_exponent × group
2976,-0.1088880488622708,pain,main_overlap,posterior_exponent × group
2977,-0.1096936579749684,pain,main_overlap,posterior_exponent × group
2978,-0.0906773098555631,pain,main_overlap,posterior_exponent × group
2979,-0.1621390856485033,pain,main_overlap,posterior_exponent × group
2980,-0.0815277277886073,pain,main_overlap,posterior_exponent × group
2981,-0.140704224727577,pain,main_overlap,posterior_exponent × group
2982,-0.2619004272208674,pain,main_overlap,posterior_exponent × group
2983,-0.1217356342668208,pain,main_overlap,posterior_exponent × group
2984,-0.0420030560772827,pain,main_overlap,posterior_exponent × group
2985,-0.0519241570299133,pain,main_overlap,posterior_exponent × group
2986,-0.1599547736858286,pain,main_overlap,posterior_exponent × group
2987,0.122170915408891,pain,main_overlap,posterior_exponent × group
2988,-0.1519436791372752,pain,main_overlap,posterior_exponent × group
2989,0.1356755331700169,pain,main_overlap,posterior_exponent × group
2990,-0.2406754896926025,pain,main_overlap,posterior_exponent × group
2991,-0.2146283150737576,pain,main_overlap,posterior_exponent × group
2992,0.1481000302766565,pain,main_overlap,posterior_exponent × group
2993,-0.297143425603695,pain,main_overlap,posterior_exponent × group
2994,0.0004648329269447,pain,main_overlap,posterior_exponent × group
2995,-0.0638635939253477,pain,main_overlap,posterior_exponent × group
2996,-0.222429489592263,pain,main_overlap,posterior_exponent × group
2997,0.1301805242506803,pain,main_overlap,posterior_exponent × group
2998,0.1054390994116723,pain,main_overlap,posterior_exponent × group
2999,-0.2068558831642426,pain,main_overlap,posterior_exponent × group
3000,-0.4070078520104298,pain,main_overlap,posterior_exponent × group
3001,-0.0657491146229853,pain,main_overlap,posterior_exponent × group
3002,-0.1624139382096354,pain,main_overlap,posterior_exponent × group
3003,-0.000417165852337,pain,main_overlap,posterior_exponent × group
3004,-0.0802301888521815,pain,main_overlap,posterior_exponent × group
3005,-0.0049463534090822,pain,main_overlap,posterior_exponent × group
3006,0.2145078747486034,pain,main_overlap,posterior_exponent × group
3007,-0.1161717524984657,pain,main_overlap,posterior_exponent × group
3008,-0.1421111119591336,pain,main_overlap,posterior_exponent × group
3009,-0.1014102396055998,pain,main_overlap,posterior_exponent × group
3010,0.1238776706275242,pain,main_overlap,posterior_exponent × group
3011,-0.2163147955531182,pain,main_overlap,posterior_exponent × group
3012,0.0278474364767284,pain,main_overlap,posterior_exponent × group
3013,0.04909989368096,pain,main_overlap,posterior_exponent × group
3014,-0.3393481904392711,pain,main_overlap,posterior_exponent × group
3015,-0.0809101726518181,pain,main_overlap,posterior_exponent × group
3016,-0.1701234538521474,pain,main_overlap,posterior_exponent × group
3017,-0.1574990843380731,pain,main_overlap,posterior_exponent × group
3018,-0.0790259603456784,pain,main_overlap,posterior_exponent × group
3019,0.1044112237116072,pain,main_overlap,posterior_exponent × group
3020,-0.4688276001738951,pain,main_overlap,posterior_exponent × group
3021,-0.1584652071977276,pain,main_overlap,posterior_exponent × group
3022,-0.3951844305497402,pain,main_overlap,posterior_exponent × group
3023,0.0115539298810155,pain,main_overlap,posterior_exponent × group
3024,-0.0306006784101294,pain,main_overlap,posterior_exponent × group
3025,-0.0619141457431861,pain,main_overlap,posterior_exponent × group
3026,-0.2098582335462525,pain,main_overlap,posterior_exponent × group
3027,-0.2149807886466135,pain,main_overlap,posterior_exponent × group
3028,-0.1916805605754762,pain,main_overlap,posterior_exponent × group
3029,-0.1115821004243461,pain,main_overlap,posterior_exponent × group
3030,-0.3111156253059209,pain,main_overlap,posterior_exponent × group
3031,-0.2552941367507343,pain,main_overlap,posterior_exponent × group
3032,-0.5328185715245037,pain,main_overlap,posterior_exponent × group
3033,-0.2704099138503325,pain,main_overlap,posterior_exponent × group
3034,0.167701446006008,pain,main_overlap,posterior_exponent × group
3035,-0.2723668997368815,pain,main_overlap,posterior_exponent × group
3036,-0.1292056638798585,pain,main_overlap,posterior_exponent × group
3037,0.0020114626182807,pain,main_overlap,posterior_exponent × group
3038,-0.1169358621238917,pain,main_overlap,posterior_exponent × group
3039,-0.3483166339361447,pain,main_overlap,posterior_exponent × group
3040,-0.0670899641099592,pain,main_overlap,posterior_exponent × group
3041,-0.4222687188495626,pain,main_overlap,posterior_exponent × group
3042,-0.0286082282394371,pain,main_overlap,posterior_exponent × group
3043,0.0735143264813802,pain,main_overlap,posterior_exponent × group
3044,-0.1498723448524938,pain,main_overlap,posterior_exponent × group
3045,0.1985641349472821,pain,main_overlap,posterior_exponent × group
3046,-0.1013201167326494,pain,main_overlap,posterior_exponent × group
3047,0.0997637414518389,pain,main_overlap,posterior_exponent × group
3048,-0.0994546150591478,pain,main_overlap,posterior_exponent × group
3049,-0.2644043101592981,pain,main_overlap,posterior_exponent × group
3050,-0.1907835706941818,pain,main_overlap,posterior_exponent × group
3051,0.087571989175376,pain,main_overlap,posterior_exponent × group
3052,-0.1705951109778154,pain,main_overlap,posterior_exponent × group
3053,-0.1351664186445662,pain,main_overlap,posterior_exponent × group
3054,-0.0801471249142,pain,main_overlap,posterior_exponent × group
3055,-0.0265878258883443,pain,main_overlap,posterior_exponent × group
3056,-0.0841161655198266,pain,main_overlap,posterior_exponent × group
3057,0.0235521746658456,pain,main_overlap,posterior_exponent × group
3058,0.0263666018040176,pain,main_overlap,posterior_exponent × group
3059,-0.2842353820538155,pain,main_overlap,posterior_exponent × group
3060,-0.1547389480990331,pain,main_overlap,posterior_exponent × group
3061,-0.337986327199639,pain,main_overlap,posterior_exponent × group
3062,0.0794401697700426,pain,main_overlap,posterior_exponent × group
3063,-0.0376967734912374,pain,main_overlap,posterior_exponent × group
3064,-0.0672793335474501,pain,main_overlap,posterior_exponent × group
3065,-0.1800688841430927,pain,main_overlap,posterior_exponent × group
3066,-0.3379674240110456,pain,main_overlap,posterior_exponent × group
3067,-0.1757422521499128,pain,main_overlap,posterior_exponent × group
3068,-0.0117440077152775,pain,main_overlap,posterior_exponent × group
3069,-0.3894503804007456,pain,main_overlap,posterior_exponent × group
3070,-0.0752860597132297,pain,main_overlap,posterior_exponent × group
3071,-0.0243256719373621,pain,main_overlap,posterior_exponent × group
3072,-0.0154629820301115,pain,main_overlap,posterior_exponent × group
3073,-0.1068135112536828,pain,main_overlap,posterior_exponent × group
3074,0.0297599726984075,pain,main_overlap,posterior_exponent × group
3075,-0.3378243190854257,pain,main_overlap,posterior_exponent × group
3076,-0.183908859510333,pain,main_overlap,posterior_exponent × group
3077,0.047756962037209,pain,main_overlap,posterior_exponent × group
3078,0.0160404201052453,pain,main_overlap,posterior_exponent × group
3079,-0.2502684945608844,pain,main_overlap,posterior_exponent × group
3080,-0.0537636186901968,pain,main_overlap,posterior_exponent × group
3081,-0.1321497102487344,pain,main_overlap,posterior_exponent × group
3082,-0.241759068718385,pain,main_overlap,posterior_exponent × group
3083,0.0526655354283177,pain,main_overlap,posterior_exponent × group
3084,-0.1450978205791584,pain,main_overlap,posterior_exponent × group
3085,-0.222238272389111,pain,main_overlap,posterior_exponent × group
3086,-0.0731723892395861,pain,main_overlap,posterior_exponent × group
3087,-0.1728234081815537,pain,main_overlap,posterior_exponent × group
3088,-0.4095757695604967,pain,main_overlap,posterior_exponent × group
3089,-0.1469194005161361,pain,main_overlap,posterior_exponent × group
3090,0.0185917382907518,pain,main_overlap,posterior_exponent × group
3091,-0.1592913617403938,pain,main_overlap,posterior_exponent × group
3092,-0.1581752368892167,pain,main_overlap,posterior_exponent × group
3093,0.1303412160832509,pain,main_overlap,posterior_exponent × group
3094,0.1459627224258924,pain,main_overlap,posterior_exponent × group
3095,-0.0635523573102313,pain,main_overlap,posterior_exponent × group
3096,-0.1611531863472835,pain,main_overlap,posterior_exponent × group
3097,-0.4782674343971395,pain,main_overlap,posterior_exponent × group
3098,-0.0870435081380942,pain,main_overlap,posterior_exponent × group
3099,-0.1585956453065195,pain,main_overlap,posterior_exponent × group
3100,-0.1892869432920528,pain,main_overlap,posterior_exponent × group
3101,-0.2483624236798285,pain,main_overlap,posterior_exponent × group
3102,-0.1244724580833327,pain,main_overlap,posterior_exponent × group
3103,-0.1226469574953457,pain,main_overlap,posterior_exponent × group
3104,0.0315670021362747,pain,main_overlap,posterior_exponent × group
3105,-0.1668196984719692,pain,main_overlap,posterior_exponent × group
3106,-0.0650508464929505,pain,main_overlap,posterior_exponent × group
3107,-0.088010487452518,pain,main_overlap,posterior_exponent × group
3108,0.0056786721592379,pain,main_overlap,posterior_exponent × group
3109,-0.1813700305740936,pain,main_overlap,posterior_exponent × group
3110,-0.2996618750183908,pain,main_overlap,posterior_exponent × group
3111,-0.0276310699582536,pain,main_overlap,posterior_exponent × group
3112,-0.0405184255528482,pain,main_overlap,posterior_exponent × group
3113,0.0980079421124762,pain,main_overlap,posterior_exponent × group
3114,-0.259176594070803,pain,main_overlap,posterior_exponent × group
3115,-0.0290727372465255,pain,main_overlap,posterior_exponent × group
3116,-0.2103814123268239,pain,main_overlap,posterior_exponent × group
3117,-0.2052024792407869,pain,main_overlap,posterior_exponent × group
3118,-0.3705951264697986,pain,main_overlap,posterior_exponent × group
3119,-0.4141150976116335,pain,main_overlap,posterior_exponent × group
3120,-0.1810498878023702,pain,main_overlap,posterior_exponent × group
3121,-0.2451896092804346,pain,main_overlap,posterior_exponent × group
3122,-0.1449236368431936,pain,main_overlap,posterior_exponent × group
3123,0.0290153077409505,pain,main_overlap,posterior_exponent × group
3124,-0.1906132372942515,pain,main_overlap,posterior_exponent × group
3125,-0.1536731348353923,pain,main_overlap,posterior_exponent × group
3126,0.1204472606318885,pain,main_overlap,posterior_exponent × group
3127,-0.1288209894645243,pain,main_overlap,posterior_exponent × group
3128,-0.400119191474548,pain,main_overlap,posterior_exponent × group
3129,-0.3930189900670429,pain,main_overlap,posterior_exponent × group
3130,-0.0646766900913079,pain,main_overlap,posterior_exponent × group
3131,-0.1729556096364853,pain,main_overlap,posterior_exponent × group
3132,-0.1185106761375208,pain,main_overlap,posterior_exponent × group
3133,-0.0217103846334323,pain,main_overlap,posterior_exponent × group
3134,-0.5460383830482796,pain,main_overlap,posterior_exponent × group
3135,-0.2858018586904601,pain,main_overlap,posterior_exponent × group
3136,0.148562036752506,pain,main_overlap,posterior_exponent × group
3137,-0.075851778427969,pain,main_overlap,posterior_exponent × group
3138,-0.0643953953027958,pain,main_overlap,posterior_exponent × group
3139,-0.2230139867190192,pain,main_overlap,posterior_exponent × group
3140,-0.2035176340921612,pain,main_overlap,posterior_exponent × group
3141,0.1257791505897942,pain,main_overlap,posterior_exponent × group
3142,0.0262326797324045,pain,main_overlap,posterior_exponent × group
3143,0.1145330698197452,pain,main_overlap,posterior_exponent × group
3144,-0.1785059448888115,pain,main_overlap,posterior_exponent × group
3145,-0.1553582537647475,pain,main_overlap,posterior_exponent × group
3146,-0.3762560583029157,pain,main_overlap,posterior_exponent × group
3147,-0.0997960854787677,pain,main_overlap,posterior_exponent × group
3148,-0.0638211234760437,pain,main_overlap,posterior_exponent × group
3149,-0.1347505302061927,pain,main_overlap,posterior_exponent × group
3150,0.078434581616382,pain,main_overlap,posterior_exponent × group
3151,-0.135149930413835,pain,main_overlap,posterior_exponent × group
3152,0.0718593778607437,pain,main_overlap,posterior_exponent × group
3153,0.1753024057250232,pain,main_overlap,posterior_exponent × group
3154,-0.1985943276335544,pain,main_overlap,posterior_exponent × group
3155,-0.1252843870858691,pain,main_overlap,posterior_exponent × group
3156,-0.1137193506517626,pain,main_overlap,posterior_exponent × group
3157,0.1860513725417494,pain,main_overlap,posterior_exponent × group
3158,0.0129494882984979,pain,main_overlap,posterior_exponent × group
3159,-0.1202723597696448,pain,main_overlap,posterior_exponent × group
3160,-0.1344129729276064,pain,main_overlap,posterior_exponent × group
3161,0.2128385174872117,pain,main_overlap,posterior_exponent × group
3162,-0.0781438650062669,pain,main_overlap,posterior_exponent × group
3163,-0.3518795500755751,pain,main_overlap,posterior_exponent × group
3164,-0.1614388053333678,pain,main_overlap,posterior_exponent × group
3165,-0.2000197359549462,pain,main_overlap,posterior_exponent × group
3166,-0.0018637066618694,pain,main_overlap,posterior_exponent × group
3167,-0.1038620183757407,pain,main_overlap,posterior_exponent × group
3168,-0.171653306770537,pain,main_overlap,posterior_exponent × group
3169,-0.1946106569567405,pain,main_overlap,posterior_exponent × group
3170,-0.0331856504410834,pain,main_overlap,posterior_exponent × group
3171,-0.0862198710053617,pain,main_overlap,posterior_exponent × group
3172,0.0124959653479523,pain,main_overlap,posterior_exponent × group
3173,-0.2192304160783849,pain,main_overlap,posterior_exponent × group
3174,-0.1834953663685585,pain,main_overlap,posterior_exponent × group
3175,-0.1837810002037087,pain,main_overlap,posterior_exponent × group
3176,0.1271625384831372,pain,main_overlap,posterior_exponent × group
3177,0.1084161117662508,pain,main_overlap,posterior_exponent × group
3178,-0.1603872069086719,pain,main_overlap,posterior_exponent × group
3179,-0.2323974578374807,pain,main_overlap,posterior_exponent × group
3180,-0.2346790724801762,pain,main_overlap,posterior_exponent × group
3181,0.0175688448151329,pain,main_overlap,posterior_exponent × group
3182,0.0305485267276331,pain,main_overlap,posterior_exponent × group
3183,-0.1498809871925144,pain,main_overlap,posterior_exponent × group
3184,-0.2629270980589126,pain,main_overlap,posterior_exponent × group
3185,-0.0963774676148163,pain,main_overlap,posterior_exponent × group
3186,-0.1809242190019873,pain,main_overlap,posterior_exponent × group
3187,-0.2751175458188414,pain,main_overlap,posterior_exponent × group
3188,-0.0839985919987926,pain,main_overlap,posterior_exponent × group
3189,0.0776773262134522,pain,main_overlap,posterior_exponent × group
3190,-0.0603740854611714,pain,main_overlap,posterior_exponent × group
3191,-0.438324881659307,pain,main_overlap,posterior_exponent × group
3192,-0.0475198199257084,pain,main_overlap,posterior_exponent × group
3193,0.0190990199267346,pain,main_overlap,posterior_exponent × group
3194,-0.2270887749406295,pain,main_overlap,posterior_exponent × group
3195,-0.2041519243881339,pain,main_overlap,posterior_exponent × group
3196,-0.1905151182782786,pain,main_overlap,posterior_exponent × group
3197,-0.2305967592233477,pain,main_overlap,posterior_exponent × group
3198,0.0837418269773147,pain,main_overlap,posterior_exponent × group
3199,-0.2375964822128407,pain,main_overlap,posterior_exponent × group
3200,-0.3740584976463529,pain,main_overlap,posterior_exponent × group
3201,-0.0990673010325791,pain,main_overlap,posterior_exponent × group
3202,0.1078471063587074,pain,main_overlap,posterior_exponent × group
3203,0.2489186742269084,pain,main_overlap,posterior_exponent × group
3204,-0.1922046970295108,pain,main_overlap,posterior_exponent × group
3205,-0.2074087608335148,pain,main_overlap,posterior_exponent × group
3206,-0.1753833344437544,pain,main_overlap,posterior_exponent × group
3207,0.0864909986314282,pain,main_overlap,posterior_exponent × group
3208,-0.0685355620659934,pain,main_overlap,posterior_exponent × group
3209,-0.3890430623155541,pain,main_overlap,posterior_exponent × group
3210,-0.2180012932745878,pain,main_overlap,posterior_exponent × group
3211,-0.0814511530349404,pain,main_overlap,posterior_exponent × group
3212,-0.1029780099195981,pain,main_overlap,posterior_exponent × group
3213,-0.3959610373893173,pain,main_overlap,posterior_exponent × group
3214,-0.2437635802866912,pain,main_overlap,posterior_exponent × group
3215,-0.1085626528690675,pain,main_overlap,posterior_exponent × group
3216,-0.3437695814105383,pain,main_overlap,posterior_exponent × group
3217,-0.0716768260978744,pain,main_overlap,posterior_exponent × group
3218,-0.0235771502274341,pain,main_overlap,posterior_exponent × group
3219,-0.391939166994008,pain,main_overlap,posterior_exponent × group
3220,-0.253209937321218,pain,main_overlap,posterior_exponent × group
3221,-0.3694882798580939,pain,main_overlap,posterior_exponent × group
3222,-0.0833779259483534,pain,main_overlap,posterior_exponent × group
3223,0.0443200540646277,pain,main_overlap,posterior_exponent × group
3224,-0.0132145767736633,pain,main_overlap,posterior_exponent × group
3225,-0.3509437499836912,pain,main_overlap,posterior_exponent × group
3226,-0.5361060729813708,pain,main_overlap,posterior_exponent × group
3227,-0.2099143976788924,pain,main_overlap,posterior_exponent × group
3228,-0.1027362306620547,pain,main_overlap,posterior_exponent × group
3229,-0.0702854404021687,pain,main_overlap,posterior_exponent × group
3230,-0.1468451011791164,pain,main_overlap,posterior_exponent × group
3231,-0.1038950768347272,pain,main_overlap,posterior_exponent × group
3232,-0.1417182753540347,pain,main_overlap,posterior_exponent × group
3233,0.0729347813088263,pain,main_overlap,posterior_exponent × group
3234,0.381550840990234,pain,main_overlap,posterior_exponent × group
3235,-0.176004037935772,pain,main_overlap,posterior_exponent × group
3236,0.0481597789227341,pain,main_overlap,posterior_exponent × group
3237,-0.1995274864159087,pain,main_overlap,posterior_exponent × group
3238,-0.2837923791858692,pain,main_overlap,posterior_exponent × group
3239,-0.1846535316990886,pain,main_overlap,posterior_exponent × group
3240,-0.2862555000559921,pain,main_overlap,posterior_exponent × group
3241,-0.0577146104974993,pain,main_overlap,posterior_exponent × group
3242,-0.173906785879183,pain,main_overlap,posterior_exponent × group
3243,-0.0551649948902854,pain,main_overlap,posterior_exponent × group
3244,-0.4812713492632797,pain,main_overlap,posterior_exponent × group
3245,-0.0149900145500013,pain,main_overlap,posterior_exponent × group
3246,-0.126545141688939,pain,main_overlap,posterior_exponent × group
3247,-0.191783140473845,pain,main_overlap,posterior_exponent × group
3248,-0.3662294421921101,pain,main_overlap,posterior_exponent × group
3249,-0.03797361763026,pain,main_overlap,posterior_exponent × group
3250,-0.0036672087720079,pain,main_overlap,posterior_exponent × group
3251,-0.0975799497748428,pain,main_overlap,posterior_exponent × group
3252,0.1975765234893473,pain,main_overlap,posterior_exponent × group
3253,0.0580551932010461,pain,main_overlap,posterior_exponent × group
3254,-0.333846434799257,pain,main_overlap,posterior_exponent × group
3255,-0.1986473299784185,pain,main_overlap,posterior_exponent × group
3256,-0.2053542058520706,pain,main_overlap,posterior_exponent × group
3257,-0.279610057053327,pain,main_overlap,posterior_exponent × group
3258,0.0192147482646007,pain,main_overlap,posterior_exponent × group
3259,-0.1478874475554314,pain,main_overlap,posterior_exponent × group
3260,-0.1814868804186094,pain,main_overlap,posterior_exponent × group
3261,-0.191581140454051,pain,main_overlap,posterior_exponent × group
3262,-0.2016664110762671,pain,main_overlap,posterior_exponent × group
3263,-0.1599954202011345,pain,main_overlap,posterior_exponent × group
3264,-0.0974371547981337,pain,main_overlap,posterior_exponent × group
3265,-0.3660690047808694,pain,main_overlap,posterior_exponent × group
3266,-0.261351956233609,pain,main_overlap,posterior_exponent × group
3267,-0.2037240324284897,pain,main_overlap,posterior_exponent × group
3268,-0.2240605398923166,pain,main_overlap,posterior_exponent × group
3269,-0.1179368417223824,pain,main_overlap,posterior_exponent × group
3270,-0.1707766844720236,pain,main_overlap,posterior_exponent × group
3271,-0.1624192421655755,pain,main_overlap,posterior_exponent × group
3272,-0.2795310074680111,pain,main_overlap,posterior_exponent × group
3273,0.0253676478555578,pain,main_overlap,posterior_exponent × group
3274,-0.4520049251217219,pain,main_overlap,posterior_exponent × group
3275,-0.2264970055997195,pain,main_overlap,posterior_exponent × group
3276,-0.1354922869014187,pain,main_overlap,posterior_exponent × group
3277,0.0967108414209541,pain,main_overlap,posterior_exponent × group
3278,0.1483943028058664,pain,main_overlap,posterior_exponent × group
3279,-0.2991406980551265,pain,main_overlap,posterior_exponent × group
3280,0.0199876253330542,pain,main_overlap,posterior_exponent × group
3281,0.0489615291776758,pain,main_overlap,posterior_exponent × group
3282,-0.3653389636384675,pain,main_overlap,posterior_exponent × group
3283,-0.2704099476339959,pain,main_overlap,posterior_exponent × group
3284,-0.2143492981676514,pain,main_overlap,posterior_exponent × group
3285,-0.0273659538244032,pain,main_overlap,posterior_exponent × group
3286,0.1126587322946935,pain,main_overlap,posterior_exponent × group
3287,-0.1068670568708296,pain,main_overlap,posterior_exponent × group
3288,-0.0266318418280877,pain,main_overlap,posterior_exponent × group
3289,-0.275020451965932,pain,main_overlap,posterior_exponent × group
3290,0.020539208042158,pain,main_overlap,posterior_exponent × group
3291,-0.0410159206882808,pain,main_overlap,posterior_exponent × group
3292,-0.1737988439084851,pain,main_overlap,posterior_exponent × group
3293,-0.0960687974232122,pain,main_overlap,posterior_exponent × group
3294,-0.0519008364718563,pain,main_overlap,posterior_exponent × group
3295,-0.192232434721158,pain,main_overlap,posterior_exponent × group
3296,-0.2049598232394017,pain,main_overlap,posterior_exponent × group
3297,-0.1124535162241456,pain,main_overlap,posterior_exponent × group
3298,-0.2153570101892448,pain,main_overlap,posterior_exponent × group
3299,-0.1098323532292132,pain,main_overlap,posterior_exponent × group
3300,-0.3325997884646836,pain,main_overlap,posterior_exponent × group
3301,-0.2854124959769159,pain,main_overlap,posterior_exponent × group
3302,-0.1878804165220348,pain,main_overlap,posterior_exponent × group
3303,0.0810406000908449,pain,main_overlap,posterior_exponent × group
3304,-0.1153743546245203,pain,main_overlap,posterior_exponent × group
3305,-0.1794665862612946,pain,main_overlap,posterior_exponent × group
3306,-0.1409749596086913,pain,main_overlap,posterior_exponent × group
3307,0.1886565991342617,pain,main_overlap,posterior_exponent × group
3308,0.1343621246621853,pain,main_overlap,posterior_exponent × group
3309,-0.3251444911283175,pain,main_overlap,posterior_exponent × group
3310,-0.2232334337192341,pain,main_overlap,posterior_exponent × group
3311,-0.0632820693068183,pain,main_overlap,posterior_exponent × group
3312,-0.4444240696697389,pain,main_overlap,posterior_exponent × group
3313,-0.1590314671406205,pain,main_overlap,posterior_exponent × group
3314,0.3131999135879647,pain,main_overlap,posterior_exponent × group
3315,-0.0979650694368872,pain,main_overlap,posterior_exponent × group
3316,-0.109488541093588,pain,main_overlap,posterior_exponent × group
3317,-0.0464570752729428,pain,main_overlap,posterior_exponent × group
3318,-0.0500977010840605,pain,main_overlap,posterior_exponent × group
3319,-0.1377808658766674,pain,main_overlap,posterior_exponent × group
3320,0.1578566598174406,pain,main_overlap,posterior_exponent × group
3321,0.1414829632785028,pain,main_overlap,posterior_exponent × group
3322,-0.050992812014225,pain,main_overlap,posterior_exponent × group
3323,-0.2426420150697728,pain,main_overlap,posterior_exponent × group
3324,0.0600376655872653,pain,main_overlap,posterior_exponent × group
3325,-0.4515013172044599,pain,main_overlap,posterior_exponent × group
3326,-0.3614550654460113,pain,main_overlap,posterior_exponent × group
3327,-0.0855304377736934,pain,main_overlap,posterior_exponent × group
3328,-0.11412526156611,pain,main_overlap,posterior_exponent × group
3329,-0.1472362627834444,pain,main_overlap,posterior_exponent × group
3330,0.2131486254295173,pain,main_overlap,posterior_exponent × group
3331,-0.0391172305107951,pain,main_overlap,posterior_exponent × group
3332,0.1541867167167014,pain,main_overlap,posterior_exponent × group
3333,-0.0954712892898488,pain,main_overlap,posterior_exponent × group
3334,0.0351221188434845,pain,main_overlap,posterior_exponent × group
3335,-0.1058815601893186,pain,main_overlap,posterior_exponent × group
3336,-0.2245678971328799,pain,main_overlap,posterior_exponent × group
3337,-0.0922138037133442,pain,main_overlap,posterior_exponent × group
3338,-0.1469259986687399,pain,main_overlap,posterior_exponent × group
3339,-0.4644608328099234,pain,main_overlap,posterior_exponent × group
3340,-0.0642886168947078,pain,main_overlap,posterior_exponent × group
3341,-0.0306701699416482,pain,main_overlap,posterior_exponent × group
3342,-0.4229478666353647,pain,main_overlap,posterior_exponent × group
3343,-0.0105770415314062,pain,main_overlap,posterior_exponent × group
3344,-0.2073045221616895,pain,main_overlap,posterior_exponent × group
3345,-0.1356342491962033,pain,main_overlap,posterior_exponent × group
3346,-0.046523952376304,pain,main_overlap,posterior_exponent × group
3347,-0.5759281691578583,pain,main_overlap,posterior_exponent × group
3348,-0.2531688057182504,pain,main_overlap,posterior_exponent × group
3349,-0.0976297084749257,pain,main_overlap,posterior_exponent × group
3350,-0.3850940109302533,pain,main_overlap,posterior_exponent × group
3351,-0.2454501828724425,pain,main_overlap,posterior_exponent × group
3352,-0.103386106746931,pain,main_overlap,posterior_exponent × group
3353,-0.1535610232205451,pain,main_overlap,posterior_exponent × group
3354,-0.1086646785853386,pain,main_overlap,posterior_exponent × group
3355,-0.0321834505817582,pain,main_overlap,posterior_exponent × group
3356,0.2179636697780425,pain,main_overlap,posterior_exponent × group
3357,-0.0408956940590245,pain,main_overlap,posterior_exponent × group
3358,-0.1467236565562523,pain,main_overlap,posterior_exponent × group
3359,-0.0208281355671663,pain,main_overlap,posterior_exponent × group
3360,-0.0703614429829602,pain,main_overlap,posterior_exponent × group
3361,-0.2182848257622328,pain,main_overlap,posterior_exponent × group
3362,-0.0768833974735615,pain,main_overlap,posterior_exponent × group
3363,-0.3555844169509307,pain,main_overlap,posterior_exponent × group
3364,-0.0744881829654136,pain,main_overlap,posterior_exponent × group
3365,-0.2002874578216212,pain,main_overlap,posterior_exponent × group
3366,-0.0723091075628085,pain,main_overlap,posterior_exponent × group
3367,0.056079439133976,pain,main_overlap,posterior_exponent × group
3368,-0.2171600862051244,pain,main_overlap,posterior_exponent × group
3369,-0.1091358365912722,pain,main_overlap,posterior_exponent × group
3370,-0.083625166223103,pain,main_overlap,posterior_exponent × group
3371,-0.3101113524961496,pain,main_overlap,posterior_exponent × group
3372,-0.271279287160566,pain,main_overlap,posterior_exponent × group
3373,-0.1858951555453719,pain,main_overlap,posterior_exponent × group
3374,-0.1615701782805647,pain,main_overlap,posterior_exponent × group
3375,0.1080117613667894,pain,main_overlap,posterior_exponent × group
3376,-0.095278911387993,pain,main_overlap,posterior_exponent × group
3377,0.2040095655281411,pain,main_overlap,posterior_exponent × group
3378,0.0073207273681004,pain,main_overlap,posterior_exponent × group
3379,-0.2184431800449123,pain,main_overlap,posterior_exponent × group
3380,-0.2757607607138983,pain,main_overlap,posterior_exponent × group
3381,0.3354660614879733,pain,main_overlap,posterior_exponent × group
3382,-0.0389533930577266,pain,main_overlap,posterior_exponent × group
3383,-0.0859295948775585,pain,main_overlap,posterior_exponent × group
3384,-0.0690753177108988,pain,main_overlap,posterior_exponent × group
3385,0.2502596458806377,pain,main_overlap,posterior_exponent × group
3386,-0.3305189077526109,pain,main_overlap,posterior_exponent × group
3387,-0.1609768399299113,pain,main_overlap,posterior_exponent × group
3388,0.0310358159422208,pain,main_overlap,posterior_exponent × group
3389,-0.0822181207887862,pain,main_overlap,posterior_exponent × group
3390,-0.2829672091727958,pain,main_overlap,posterior_exponent × group
3391,-0.1148378345684647,pain,main_overlap,posterior_exponent × group
3392,-0.0619761891193642,pain,main_overlap,posterior_exponent × group
3393,0.0805400108220421,pain,main_overlap,posterior_exponent × group
3394,-0.319773152959706,pain,main_overlap,posterior_exponent × group
3395,-0.4719118909716664,pain,main_overlap,posterior_exponent × group
3396,-0.2292264317375043,pain,main_overlap,posterior_exponent × group
3397,0.1307619371571313,pain,main_overlap,posterior_exponent × group
3398,0.1678047085884651,pain,main_overlap,posterior_exponent × group
3399,0.3079008337086778,pain,main_overlap,posterior_exponent × group
3400,0.2862229391095635,pain,main_overlap,posterior_exponent × group
3401,-0.3324402116335628,pain,main_overlap,posterior_exponent × group
3402,-0.1922448954938775,pain,main_overlap,posterior_exponent × group
3403,-0.1763805130309932,pain,main_overlap,posterior_exponent × group
3404,-0.2304906882829298,pain,main_overlap,posterior_exponent × group
3405,-0.2790296039656197,pain,main_overlap,posterior_exponent × group
3406,-0.0145878449326231,pain,main_overlap,posterior_exponent × group
3407,-0.1878887430408323,pain,main_overlap,posterior_exponent × group
3408,0.1053265867764552,pain,main_overlap,posterior_exponent × group
3409,-0.2450130330347031,pain,main_overlap,posterior_exponent × group
3410,-0.1599345187418729,pain,main_overlap,posterior_exponent × group
3411,-0.2761558142086266,pain,main_overlap,posterior_exponent × group
3412,0.0680486209813269,pain,main_overlap,posterior_exponent × group
3413,-0.2951298343825694,pain,main_overlap,posterior_exponent × group
3414,-0.3547471785621943,pain,main_overlap,posterior_exponent × group
3415,-0.1951667226036374,pain,main_overlap,posterior_exponent × group
3416,-0.0295425523951188,pain,main_overlap,posterior_exponent × group
3417,-0.1406523867509677,pain,main_overlap,posterior_exponent × group
3418,-0.0259665302627254,pain,main_overlap,posterior_exponent × group
3419,-0.1956128804703236,pain,main_overlap,posterior_exponent × group
3420,-0.1137001983635064,pain,main_overlap,posterior_exponent × group
3421,-0.1519603158834279,pain,main_overlap,posterior_exponent × group
3422,-0.1765115593301857,pain,main_overlap,posterior_exponent × group
3423,-0.2168176790985019,pain,main_overlap,posterior_exponent × group
3424,-0.0497368194765811,pain,main_overlap,posterior_exponent × group
3425,-0.2419411120076641,pain,main_overlap,posterior_exponent × group
3426,-0.0442361130291125,pain,main_overlap,posterior_exponent × group
3427,-0.2438554265754124,pain,main_overlap,posterior_exponent × group
3428,-0.1060977712585622,pain,main_overlap,posterior_exponent × group
3429,-0.050556344856581,pain,main_overlap,posterior_exponent × group
3430,-0.4149709169827457,pain,main_overlap,posterior_exponent × group
3431,0.0406385896100974,pain,main_overlap,posterior_exponent × group
3432,0.0610373205890576,pain,main_overlap,posterior_exponent × group
3433,-0.1196177113905073,pain,main_overlap,posterior_exponent × group
3434,0.1114497568129093,pain,main_overlap,posterior_exponent × group
3435,0.0722100149846447,pain,main_overlap,posterior_exponent × group
3436,-0.3195725709715067,pain,main_overlap,posterior_exponent × group
3437,-0.3151229890141982,pain,main_overlap,posterior_exponent × group
3438,-0.203476613285886,pain,main_overlap,posterior_exponent × group
3439,-0.3203954843597921,pain,main_overlap,posterior_exponent × group
3440,0.0147791443386675,pain,main_overlap,posterior_exponent × group
3441,-0.0586996164110444,pain,main_overlap,posterior_exponent × group
3442,0.1414458405869379,pain,main_overlap,posterior_exponent × group
3443,0.0139235820859478,pain,main_overlap,posterior_exponent × group
3444,-0.1280412333519065,pain,main_overlap,posterior_exponent × group
3445,-0.051877433336185,pain,main_overlap,posterior_exponent × group
3446,0.0312351750893726,pain,main_overlap,posterior_exponent × group
3447,-0.4002127228033657,pain,main_overlap,posterior_exponent × group
3448,0.0321909627819833,pain,main_overlap,posterior_exponent × group
3449,0.2007178033816156,pain,main_overlap,posterior_exponent × group
3450,-0.1545324634684854,pain,main_overlap,posterior_exponent × group
3451,-0.2690877357390676,pain,main_overlap,posterior_exponent × group
3452,-0.0393395994184633,pain,main_overlap,posterior_exponent × group
3453,-0.1178309928083262,pain,main_overlap,posterior_exponent × group
3454,-0.0464870417092316,pain,main_overlap,posterior_exponent × group
3455,-0.1908354779045573,pain,main_overlap,posterior_exponent × group
3456,0.2095427641263985,pain,main_overlap,posterior_exponent × group
3457,-0.1364333004533415,pain,main_overlap,posterior_exponent × group
3458,-0.3113080026075754,pain,main_overlap,posterior_exponent × group
3459,-0.2702025931132126,pain,main_overlap,posterior_exponent × group
3460,-0.1349396549939693,pain,main_overlap,posterior_exponent × group
3461,-0.1058687321311147,pain,main_overlap,posterior_exponent × group
3462,-0.1513984219892768,pain,main_overlap,posterior_exponent × group
3463,-0.2240601663520433,pain,main_overlap,posterior_exponent × group
3464,-0.1980733778782678,pain,main_overlap,posterior_exponent × group
3465,-0.2210961033099344,pain,main_overlap,posterior_exponent × group
3466,-0.3589324104359892,pain,main_overlap,posterior_exponent × group
3467,-0.2557649044496663,pain,main_overlap,posterior_exponent × group
3468,-0.0719820569662481,pain,main_overlap,posterior_exponent × group
3469,0.152495938734424,pain,main_overlap,posterior_exponent × group
3470,-0.3201499047275995,pain,main_overlap,posterior_exponent × group
3471,-0.2433569091611009,pain,main_overlap,posterior_exponent × group
3472,0.1148542639661415,pain,main_overlap,posterior_exponent × group
3473,-0.2219183292262152,pain,main_overlap,posterior_exponent × group
3474,-0.3830274276754809,pain,main_overlap,posterior_exponent × group
3475,-0.130087158043087,pain,main_overlap,posterior_exponent × group
3476,-0.1192399089060852,pain,main_overlap,posterior_exponent × group
3477,-0.025158491643433,pain,main_overlap,posterior_exponent × group
3478,-0.2247709755314053,pain,main_overlap,posterior_exponent × group
3479,-0.0668698004445855,pain,main_overlap,posterior_exponent × group
3480,0.1120418641487063,pain,main_overlap,posterior_exponent × group
3481,-0.1258316924274378,pain,main_overlap,posterior_exponent × group
3482,-0.0190868999596713,pain,main_overlap,posterior_exponent × group
3483,0.1453561573116808,pain,main_overlap,posterior_exponent × group
3484,0.0417225327941132,pain,main_overlap,posterior_exponent × group
3485,-0.1208165305977383,pain,main_overlap,posterior_exponent × group
3486,0.0061028164126397,pain,main_overlap,posterior_exponent × group
3487,-0.2286457532628377,pain,main_overlap,posterior_exponent × group
3488,-0.1303301890726836,pain,main_overlap,posterior_exponent × group
3489,-0.1645454416279349,pain,main_overlap,posterior_exponent × group
3490,-0.0590056976490617,pain,main_overlap,posterior_exponent × group
3491,-0.0356999200423439,pain,main_overlap,posterior_exponent × group
3492,-0.319245029944389,pain,main_overlap,posterior_exponent × group
3493,-0.452403840884937,pain,main_overlap,posterior_exponent × group
3494,0.0781736919269349,pain,main_overlap,posterior_exponent × group
3495,-0.041240794092887,pain,main_overlap,posterior_exponent × group
3496,-0.0954955549024223,pain,main_overlap,posterior_exponent × group
3497,-0.1165372504955138,pain,main_overlap,posterior_exponent × group
3498,-0.3241627945644539,pain,main_overlap,posterior_exponent × group
3499,-0.1452657655875044,pain,main_overlap,posterior_exponent × group
3500,-0.0097353316912202,pain,main_overlap,posterior_exponent × group
3501,-0.0538460158486328,pain,main_overlap,posterior_exponent × group
3502,-0.0622097831390771,pain,main_overlap,posterior_exponent × group
3503,-0.1152268408430077,pain,main_overlap,posterior_exponent × group
3504,-0.0472412915461712,pain,main_overlap,posterior_exponent × group
3505,0.0536210562129869,pain,main_overlap,posterior_exponent × group
3506,-0.258293740799897,pain,main_overlap,posterior_exponent × group
3507,-0.1188339814775529,pain,main_overlap,posterior_exponent × group
3508,-0.0807189593962742,pain,main_overlap,posterior_exponent × group
3509,-0.0309836532157804,pain,main_overlap,posterior_exponent × group
3510,-0.1364525925100573,pain,main_overlap,posterior_exponent × group
3511,-0.1322607969306557,pain,main_overlap,posterior_exponent × group
3512,-0.0379990096198418,pain,main_overlap,posterior_exponent × group
3513,-0.3226044559654469,pain,main_overlap,posterior_exponent × group
3514,-0.4442179976973989,pain,main_overlap,posterior_exponent × group
3515,-0.2733584698901941,pain,main_overlap,posterior_exponent × group
3516,-0.5429966050825283,pain,main_overlap,posterior_exponent × group
3517,-0.0382565284567035,pain,main_overlap,posterior_exponent × group
3518,-0.1962108643535955,pain,main_overlap,posterior_exponent × group
3519,-0.0898622897534488,pain,main_overlap,posterior_exponent × group
3520,0.0424767798712312,pain,main_overlap,posterior_exponent × group
3521,-0.1676217860434419,pain,main_overlap,posterior_exponent × group
3522,-0.2173928741877034,pain,main_overlap,posterior_exponent × group
3523,-0.2272134561035232,pain,main_overlap,posterior_exponent × group
3524,-0.2760627086874683,pain,main_overlap,posterior_exponent × group
3525,-0.1426434133140471,pain,main_overlap,posterior_exponent × group
3526,-0.203628284041057,pain,main_overlap,posterior_exponent × group
3527,-0.1681010166077765,pain,main_overlap,posterior_exponent × group
3528,-0.194895314660901,pain,main_overlap,posterior_exponent × group
3529,-0.2035238890506341,pain,main_overlap,posterior_exponent × group
3530,0.2122540859257473,pain,main_overlap,posterior_exponent × group
3531,-0.2862106039115425,pain,main_overlap,posterior_exponent × group
3532,-0.0880436111253463,pain,main_overlap,posterior_exponent × group
3533,-0.2769007831246639,pain,main_overlap,posterior_exponent × group
3534,-0.1265945122950647,pain,main_overlap,posterior_exponent × group
3535,-0.2809924242912952,pain,main_overlap,posterior_exponent × group
3536,-0.2379910758435453,pain,main_overlap,posterior_exponent × group
3537,-0.1144468801547753,pain,main_overlap,posterior_exponent × group
3538,-0.2051510994768676,pain,main_overlap,posterior_exponent × group
3539,-0.0777057407901019,pain,main_overlap,posterior_exponent × group
3540,-0.1956131573676655,pain,main_overlap,posterior_exponent × group
3541,-0.4129101211698997,pain,main_overlap,posterior_exponent × group
3542,0.0237765377462101,pain,main_overlap,posterior_exponent × group
3543,-0.2114138070079749,pain,main_overlap,posterior_exponent × group
3544,-0.0438704378327533,pain,main_overlap,posterior_exponent × group
3545,-0.0183583149474342,pain,main_overlap,posterior_exponent × group
3546,0.0096384213434437,pain,main_overlap,posterior_exponent × group
3547,-0.0549034403131892,pain,main_overlap,posterior_exponent × group
3548,-0.0388113179174591,pain,main_overlap,posterior_exponent × group
3549,-0.0248332747856639,pain,main_overlap,posterior_exponent × group
3550,0.152780719840127,pain,main_overlap,posterior_exponent × group
3551,-0.2266339853918762,pain,main_overlap,posterior_exponent × group
3552,-0.0730641036985255,pain,main_overlap,posterior_exponent × group
3553,0.2131116697513969,pain,main_overlap,posterior_exponent × group
3554,-0.14622016374038,pain,main_overlap,posterior_exponent × group
3555,-0.0940988278420649,pain,main_overlap,posterior_exponent × group
3556,-0.1844532116283741,pain,main_overlap,posterior_exponent × group
3557,-0.0962515229871416,pain,main_overlap,posterior_exponent × group
3558,-0.2943582078346122,pain,main_overlap,posterior_exponent × group
3559,-0.1152995045404233,pain,main_overlap,posterior_exponent × group
3560,-0.1484862366839945,pain,main_overlap,posterior_exponent × group
3561,0.070736346162859,pain,main_overlap,posterior_exponent × group
3562,-0.2389390390086293,pain,main_overlap,posterior_exponent × group
3563,-0.0718282584484053,pain,main_overlap,posterior_exponent × group
3564,-0.2883057644422726,pain,main_overlap,posterior_exponent × group
3565,-0.132052862434974,pain,main_overlap,posterior_exponent × group
3566,-0.052201932076288,pain,main_overlap,posterior_exponent × group
3567,-0.0504031456224104,pain,main_overlap,posterior_exponent × group
3568,0.0294439522618755,pain,main_overlap,posterior_exponent × group
3569,0.0432410237377253,pain,main_overlap,posterior_exponent × group
3570,-0.1644676147807709,pain,main_overlap,posterior_exponent × group
3571,-0.1367273673891035,pain,main_overlap,posterior_exponent × group
3572,-0.0967548173208941,pain,main_overlap,posterior_exponent × group
3573,0.0181237658580082,pain,main_overlap,posterior_exponent × group
3574,-0.0391564422518526,pain,main_overlap,posterior_exponent × group
3575,-0.0811170420130736,pain,main_overlap,posterior_exponent × group
3576,0.0128758487041773,pain,main_overlap,posterior_exponent × group
3577,-0.1550901286112973,pain,main_overlap,posterior_exponent × group
3578,-0.2045873797063438,pain,main_overlap,posterior_exponent × group
3579,0.0569200859124578,pain,main_overlap,posterior_exponent × group
3580,-0.2725095539670749,pain,main_overlap,posterior_exponent × group
3581,-0.2711914828155918,pain,main_overlap,posterior_exponent × group
3582,-0.1072523298858584,pain,main_overlap,posterior_exponent × group
3583,-0.0313238247256212,pain,main_overlap,posterior_exponent × group
3584,-0.1769802748928463,pain,main_overlap,posterior_exponent × group
3585,-0.1761326306863168,pain,main_overlap,posterior_exponent × group
3586,0.0008142099978572,pain,main_overlap,posterior_exponent × group
3587,-0.5075707371438081,pain,main_overlap,posterior_exponent × group
3588,-0.1077740874063563,pain,main_overlap,posterior_exponent × group
3589,-0.0788770919730894,pain,main_overlap,posterior_exponent × group
3590,-0.1049774957255386,pain,main_overlap,posterior_exponent × group
3591,-0.2472986981276904,pain,main_overlap,posterior_exponent × group
3592,-0.2771145506226852,pain,main_overlap,posterior_exponent × group
3593,-0.1605517629073789,pain,main_overlap,posterior_exponent × group
3594,-0.1553882856509125,pain,main_overlap,posterior_exponent × group
3595,0.1639521912008489,pain,main_overlap,posterior_exponent × group
3596,-0.1101580060842147,pain,main_overlap,posterior_exponent × group
3597,0.2860933059469371,pain,main_overlap,posterior_exponent × group
3598,-0.4647876864533564,pain,main_overlap,posterior_exponent × group
3599,0.2887533228235578,pain,main_overlap,posterior_exponent × group
3600,-0.3850184575356256,pain,main_overlap,posterior_exponent × group
3601,-0.1012260953237714,pain,main_overlap,posterior_exponent × group
3602,-0.1153432516016684,pain,main_overlap,posterior_exponent × group
3603,0.0553377539612798,pain,main_overlap,posterior_exponent × group
3604,0.1641273575079759,pain,main_overlap,posterior_exponent × group
3605,-0.0028294248240297,pain,main_overlap,posterior_exponent × group
3606,-0.0348240372759842,pain,main_overlap,posterior_exponent × group
3607,-0.4502273555384379,pain,main_overlap,posterior_exponent × group
3608,-0.0369006815116396,pain,main_overlap,posterior_exponent × group
3609,-0.1590266913375463,pain,main_overlap,posterior_exponent × group
3610,-0.3144248136551614,pain,main_overlap,posterior_exponent × group
3611,-0.1182883121082623,pain,main_overlap,posterior_exponent × group
3612,-0.2562128576730176,pain,main_overlap,posterior_exponent × group
3613,-0.0672294034676009,pain,main_overlap,posterior_exponent × group
3614,0.0961212685676222,pain,main_overlap,posterior_exponent × group
3615,-0.0837171228234301,pain,main_overlap,posterior_exponent × group
3616,-0.2185483929932385,pain,main_overlap,posterior_exponent × group
3617,-0.0748744814393153,pain,main_overlap,posterior_exponent × group
3618,-0.1454823983945979,pain,main_overlap,posterior_exponent × group
3619,-0.1058338129506829,pain,main_overlap,posterior_exponent × group
3620,-0.1042373137824246,pain,main_overlap,posterior_exponent × group
3621,-0.0809794665815111,pain,main_overlap,posterior_exponent × group
3622,-0.2266183682053908,pain,main_overlap,posterior_exponent × group
3623,0.0775971566080009,pain,main_overlap,posterior_exponent × group
3624,-0.2513038415630441,pain,main_overlap,posterior_exponent × group
3625,-0.1374587065558925,pain,main_overlap,posterior_exponent × group
3626,-0.0982776654561427,pain,main_overlap,posterior_exponent × group
3627,-0.0540168338319112,pain,main_overlap,posterior_exponent × group
3628,-0.2513957179448156,pain,main_overlap,posterior_exponent × group
3629,-0.2043180222905739,pain,main_overlap,posterior_exponent × group
3630,-0.2199103776524345,pain,main_overlap,posterior_exponent × group
3631,-0.0179122150886226,pain,main_overlap,posterior_exponent × group
3632,0.0988857265358781,pain,main_overlap,posterior_exponent × group
3633,-0.1850435608808156,pain,main_overlap,posterior_exponent × group
3634,-0.2847026067861302,pain,main_overlap,posterior_exponent × group
3635,-0.0591727269238917,pain,main_overlap,posterior_exponent × group
3636,-0.1774395187733859,pain,main_overlap,posterior_exponent × group
3637,-0.4807784155434585,pain,main_overlap,posterior_exponent × group
3638,-0.2052600773183097,pain,main_overlap,posterior_exponent × group
3639,0.0227490924924513,pain,main_overlap,posterior_exponent × group
3640,-0.1240993571529393,pain,main_overlap,posterior_exponent × group
3641,-0.1436655988998187,pain,main_overlap,posterior_exponent × group
3642,0.1822283739552766,pain,main_overlap,posterior_exponent × group
3643,-0.2370325710199747,pain,main_overlap,posterior_exponent × group
3644,-0.3294445990204407,pain,main_overlap,posterior_exponent × group
3645,-0.5580578750018279,pain,main_overlap,posterior_exponent × group
3646,-0.0247043992604545,pain,main_overlap,posterior_exponent × group
3647,-0.2410600969786404,pain,main_overlap,posterior_exponent × group
3648,0.0674604385309851,pain,main_overlap,posterior_exponent × group
3649,-0.1737656377757053,pain,main_overlap,posterior_exponent × group
3650,-0.0979998609219,pain,main_overlap,posterior_exponent × group
3651,0.0248133097523983,pain,main_overlap,posterior_exponent × group
3652,-0.381018172067452,pain,main_overlap,posterior_exponent × group
3653,-0.4282044550982913,pain,main_overlap,posterior_exponent × group
3654,-0.0803338590143649,pain,main_overlap,posterior_exponent × group
3655,0.0500755745154588,pain,main_overlap,posterior_exponent × group
3656,-0.0514826831411561,pain,main_overlap,posterior_exponent × group
3657,0.0888497160148706,pain,main_overlap,posterior_exponent × group
3658,-0.5938157152412991,pain,main_overlap,posterior_exponent × group
3659,-0.1553039839124404,pain,main_overlap,posterior_exponent × group
3660,-0.2792335718426334,pain,main_overlap,posterior_exponent × group
3661,-0.1600986493373818,pain,main_overlap,posterior_exponent × group
3662,-0.274315670751822,pain,main_overlap,posterior_exponent × group
3663,-0.0576442074391351,pain,main_overlap,posterior_exponent × group
3664,-0.0403456726110273,pain,main_overlap,posterior_exponent × group
3665,0.0083279540392391,pain,main_overlap,posterior_exponent × group
3666,-0.3306547698482969,pain,main_overlap,posterior_exponent × group
3667,-0.1498431910555097,pain,main_overlap,posterior_exponent × group
3668,-0.1839383343196658,pain,main_overlap,posterior_exponent × group
3669,-0.1013039409924006,pain,main_overlap,posterior_exponent × group
3670,-0.2600625542836762,pain,main_overlap,posterior_exponent × group
3671,-0.3337646609701558,pain,main_overlap,posterior_exponent × group
3672,0.0208783288326338,pain,main_overlap,posterior_exponent × group
3673,-0.0847750376596289,pain,main_overlap,posterior_exponent × group
3674,-0.1517336713123376,pain,main_overlap,posterior_exponent × group
3675,-0.2105428109097174,pain,main_overlap,posterior_exponent × group
3676,-0.1682494225952682,pain,main_overlap,posterior_exponent × group
3677,0.2035475581224665,pain,main_overlap,posterior_exponent × group
3678,-0.009090309261024,pain,main_overlap,posterior_exponent × group
3679,0.0497642310747593,pain,main_overlap,posterior_exponent × group
3680,0.0707020707068231,pain,main_overlap,posterior_exponent × group
3681,-0.0215716828040343,pain,main_overlap,posterior_exponent × group
3682,-0.2075054808327994,pain,main_overlap,posterior_exponent × group
3683,-0.0248409061561114,pain,main_overlap,posterior_exponent × group
3684,-0.1501104931467385,pain,main_overlap,posterior_exponent × group
3685,0.2025129829405658,pain,main_overlap,posterior_exponent × group
3686,-0.279053685678805,pain,main_overlap,posterior_exponent × group
3687,-0.2758782396763748,pain,main_overlap,posterior_exponent × group
3688,0.0079506320437807,pain,main_overlap,posterior_exponent × group
3689,0.1997588700701562,pain,main_overlap,posterior_exponent × group
3690,-0.0280384778482956,pain,main_overlap,posterior_exponent × group
3691,-0.0559687871913002,pain,main_overlap,posterior_exponent × group
3692,0.0063037341905585,pain,main_overlap,posterior_exponent × group
3693,-0.1047134986134768,pain,main_overlap,posterior_exponent × group
3694,-0.1294339825630874,pain,main_overlap,posterior_exponent × group
3695,-0.1810623435213643,pain,main_overlap,posterior_exponent × group
3696,-0.106406202562561,pain,main_overlap,posterior_exponent × group
3697,0.0951322620210261,pain,main_overlap,posterior_exponent × group
3698,-0.1466344671256891,pain,main_overlap,posterior_exponent × group
3699,-0.4222708334796275,pain,main_overlap,posterior_exponent × group
3700,-0.2386733954493324,pain,main_overlap,posterior_exponent × group
3701,0.0171619668831844,pain,main_overlap,posterior_exponent × group
3702,-0.0617499277609311,pain,main_overlap,posterior_exponent × group
3703,-0.2453717948140187,pain,main_overlap,posterior_exponent × group
3704,-0.3183568817793383,pain,main_overlap,posterior_exponent × group
3705,-0.3105092059212339,pain,main_overlap,posterior_exponent × group
3706,0.0193872941820087,pain,main_overlap,posterior_exponent × group
3707,-0.4122137036656095,pain,main_overlap,posterior_exponent × group
3708,0.0146681779243559,pain,main_overlap,posterior_exponent × group
3709,0.3242628630119321,pain,main_overlap,posterior_exponent × group
3710,-0.1089494605908693,pain,main_overlap,posterior_exponent × group
3711,0.1750684978131703,pain,main_overlap,posterior_exponent × group
3712,-0.4204785945370739,pain,main_overlap,posterior_exponent × group
3713,-0.2261332718916123,pain,main_overlap,posterior_exponent × group
3714,-0.3807016847410014,pain,main_overlap,posterior_exponent × group
3715,-0.17799029700404,pain,main_overlap,posterior_exponent × group
3716,-0.1795526171567795,pain,main_overlap,posterior_exponent × group
3717,-0.2210402557713646,pain,main_overlap,posterior_exponent × group
3718,0.0122616616422006,pain,main_overlap,posterior_exponent × group
3719,-0.1974891521830391,pain,main_overlap,posterior_exponent × group
3720,0.2911567853356514,pain,main_overlap,posterior_exponent × group
3721,-0.0169658910704268,pain,main_overlap,posterior_exponent × group
3722,-0.1929406857782857,pain,main_overlap,posterior_exponent × group
3723,-0.1919558207830301,pain,main_overlap,posterior_exponent × group
3724,-0.1923079255118349,pain,main_overlap,posterior_exponent × group
3725,-0.0339287868851138,pain,main_overlap,posterior_exponent × group
3726,-0.1081502791132757,pain,main_overlap,posterior_exponent × group
3727,-0.2232669042190459,pain,main_overlap,posterior_exponent × group
3728,-0.2302028658482182,pain,main_overlap,posterior_exponent × group
3729,0.0641614880453312,pain,main_overlap,posterior_exponent × group
3730,-0.06118089498134,pain,main_overlap,posterior_exponent × group
3731,-0.1412897701118533,pain,main_overlap,posterior_exponent × group
3732,0.0025318036585157,pain,main_overlap,posterior_exponent × group
3733,-0.0664251240950111,pain,main_overlap,posterior_exponent × group
3734,-0.3898368779259283,pain,main_overlap,posterior_exponent × group
3735,-0.0419890619346666,pain,main_overlap,posterior_exponent × group
3736,-0.2733532350096873,pain,main_overlap,posterior_exponent × group
3737,0.0188600555212163,pain,main_overlap,posterior_exponent × group
3738,-0.1472785325807854,pain,main_overlap,posterior_exponent × group
3739,-0.2155171107049965,pain,main_overlap,posterior_exponent × group
3740,-0.2048764030404303,pain,main_overlap,posterior_exponent × group
3741,-0.2504108950957825,pain,main_overlap,posterior_exponent × group
3742,-0.2437515791079236,pain,main_overlap,posterior_exponent × group
3743,0.0160877518245313,pain,main_overlap,posterior_exponent × group
3744,0.1842151456927164,pain,main_overlap,posterior_exponent × group
3745,-0.3234703340878411,pain,main_overlap,posterior_exponent × group
3746,0.0946772092879378,pain,main_overlap,posterior_exponent × group
3747,0.0378830137570801,pain,main_overlap,posterior_exponent × group
3748,-0.2459627862614191,pain,main_overlap,posterior_exponent × group
3749,0.0203151564100969,pain,main_overlap,posterior_exponent × group
3750,-0.0742670198742182,pain,main_overlap,posterior_exponent × group
3751,0.080321516678598,pain,main_overlap,posterior_exponent × group
3752,-0.1073874101166567,pain,main_overlap,posterior_exponent × group
3753,-0.2335683856987941,pain,main_overlap,posterior_exponent × group
3754,-0.193134517978775,pain,main_overlap,posterior_exponent × group
3755,0.0568608825741452,pain,main_overlap,posterior_exponent × group
3756,-0.11432745080546,pain,main_overlap,posterior_exponent × group
3757,0.1686081067162957,pain,main_overlap,posterior_exponent × group
3758,0.0120588223223459,pain,main_overlap,posterior_exponent × group
3759,0.0122167000280039,pain,main_overlap,posterior_exponent × group
3760,-0.1273588409860701,pain,main_overlap,posterior_exponent × group
3761,0.0506419379792343,pain,main_overlap,posterior_exponent × group
3762,-0.2523078477666786,pain,main_overlap,posterior_exponent × group
3763,-0.1998567622483927,pain,main_overlap,posterior_exponent × group
3764,-0.1919921226445067,pain,main_overlap,posterior_exponent × group
3765,-0.0549781891402144,pain,main_overlap,posterior_exponent × group
3766,0.1310688604038792,pain,main_overlap,posterior_exponent × group
3767,-0.2444273804637744,pain,main_overlap,posterior_exponent × group
3768,-0.2213223529059685,pain,main_overlap,posterior_exponent × group
3769,-0.2994577998689197,pain,main_overlap,posterior_exponent × group
3770,-0.2341826080255734,pain,main_overlap,posterior_exponent × group
3771,-0.437126709385342,pain,main_overlap,posterior_exponent × group
3772,0.0246808480406149,pain,main_overlap,posterior_exponent × group
3773,-0.0192773773510137,pain,main_overlap,posterior_exponent × group
3774,-0.327323852549279,pain,main_overlap,posterior_exponent × group
3775,0.0121824813366378,pain,main_overlap,posterior_exponent × group
3776,-0.2735924405884264,pain,main_overlap,posterior_exponent × group
3777,0.0853223875577789,pain,main_overlap,posterior_exponent × group
3778,0.0324741555601597,pain,main_overlap,posterior_exponent × group
3779,0.0972386251614191,pain,main_overlap,posterior_exponent × group
3780,-0.0276379085277628,pain,main_overlap,posterior_exponent × group
3781,-0.0606966091611372,pain,main_overlap,posterior_exponent × group
3782,-0.2850975531070038,pain,main_overlap,posterior_exponent × group
3783,0.1205437101732942,pain,main_overlap,posterior_exponent × group
3784,-0.1807716962760106,pain,main_overlap,posterior_exponent × group
3785,-0.2861108007317814,pain,main_overlap,posterior_exponent × group
3786,0.0663542492475696,pain,main_overlap,posterior_exponent × group
3787,-0.0532447978518822,pain,main_overlap,posterior_exponent × group
3788,0.1939802994773006,pain,main_overlap,posterior_exponent × group
3789,-0.0153853042584141,pain,main_overlap,posterior_exponent × group
3790,0.0132114622128505,pain,main_overlap,posterior_exponent × group
3791,-0.2694479351355845,pain,main_overlap,posterior_exponent × group
3792,0.0622038513719267,pain,main_overlap,posterior_exponent × group
3793,-0.3062663280901623,pain,main_overlap,posterior_exponent × group
3794,-0.1445872476323418,pain,main_overlap,posterior_exponent × group
3795,-0.3110979791501283,pain,main_overlap,posterior_exponent × group
3796,0.0403304404273083,pain,main_overlap,posterior_exponent × group
3797,0.0851602477173273,pain,main_overlap,posterior_exponent × group
3798,-0.6158356534183691,pain,main_overlap,posterior_exponent × group
3799,-0.0588478205875679,pain,main_overlap,posterior_exponent × group
3800,-0.012019137411725,pain,main_overlap,posterior_exponent × group
3801,-0.2828144915435693,pain,main_overlap,posterior_exponent × group
3802,-0.0987933842040688,pain,main_overlap,posterior_exponent × group
3803,-0.1798719683314387,pain,main_overlap,posterior_exponent × group
3804,-0.176957536641058,pain,main_overlap,posterior_exponent × group
3805,-0.1801923149477482,pain,main_overlap,posterior_exponent × group
3806,-0.1350036386362416,pain,main_overlap,posterior_exponent × group
3807,-0.1221668868908397,pain,main_overlap,posterior_exponent × group
3808,-0.0412074557863751,pain,main_overlap,posterior_exponent × group
3809,0.1894372027878903,pain,main_overlap,posterior_exponent × group
3810,-0.4836590153148013,pain,main_overlap,posterior_exponent × group
3811,-0.2061638237971281,pain,main_overlap,posterior_exponent × group
3812,-0.1439185016466529,pain,main_overlap,posterior_exponent × group
3813,-0.2548838011113413,pain,main_overlap,posterior_exponent × group
3814,-0.0070938595638606,pain,main_overlap,posterior_exponent × group
3815,-0.1981207616879577,pain,main_overlap,posterior_exponent × group
3816,-0.1247362849686147,pain,main_overlap,posterior_exponent × group
3817,-0.1126957394085327,pain,main_overlap,posterior_exponent × group
3818,-0.2303488097251264,pain,main_overlap,posterior_exponent × group
3819,-0.172765436354252,pain,main_overlap,posterior_exponent × group
3820,-0.2244629931389836,pain,main_overlap,posterior_exponent × group
3821,-0.019711559081219,pain,main_overlap,posterior_exponent × group
3822,-0.3191871898604408,pain,main_overlap,posterior_exponent × group
3823,-0.2254743647763052,pain,main_overlap,posterior_exponent × group
3824,-0.0052606766420395,pain,main_overlap,posterior_exponent × group
3825,-0.1358720288038299,pain,main_overlap,posterior_exponent × group
3826,-0.1834898051881539,pain,main_overlap,posterior_exponent × group
3827,-0.0776967712924345,pain,main_overlap,posterior_exponent × group
3828,-0.1062592696916771,pain,main_overlap,posterior_exponent × group
3829,-0.226382685641761,pain,main_overlap,posterior_exponent × group
3830,-0.0198677023069775,pain,main_overlap,posterior_exponent × group
3831,-0.0792299456873374,pain,main_overlap,posterior_exponent × group
3832,-0.2124783395411822,pain,main_overlap,posterior_exponent × group
3833,-0.3398716529781989,pain,main_overlap,posterior_exponent × group
3834,0.086356068330587,pain,main_overlap,posterior_exponent × group
3835,-0.1992364677603409,pain,main_overlap,posterior_exponent × group
3836,-0.2603839972052552,pain,main_overlap,posterior_exponent × group
3837,-0.0377174723303745,pain,main_overlap,posterior_exponent × group
3838,0.0419721896261647,pain,main_overlap,posterior_exponent × group
3839,0.1034480766333113,pain,main_overlap,posterior_exponent × group
3840,-0.0465394979096295,pain,main_overlap,posterior_exponent × group
3841,0.0870376755460543,pain,main_overlap,posterior_exponent × group
3842,-0.1340595084155416,pain,main_overlap,posterior_exponent × group
3843,-0.1383572367522221,pain,main_overlap,posterior_exponent × group
3844,-0.1853177953090123,pain,main_overlap,posterior_exponent × group
3845,-0.0182281212431965,pain,main_overlap,posterior_exponent × group
3846,0.0604027928956496,pain,main_overlap,posterior_exponent × group
3847,-0.1806760466758977,pain,main_overlap,posterior_exponent × group
3848,-0.0694425179639567,pain,main_overlap,posterior_exponent × group
3849,-0.2782825574099787,pain,main_overlap,posterior_exponent × group
3850,-0.348897675607705,pain,main_overlap,posterior_exponent × group
3851,-0.0827996388426318,pain,main_overlap,posterior_exponent × group
3852,-0.1859129034828891,pain,main_overlap,posterior_exponent × group
3853,-0.2959887353848603,pain,main_overlap,posterior_exponent × group
3854,-0.323664017330402,pain,main_overlap,posterior_exponent × group
3855,-0.0787091666278382,pain,main_overlap,posterior_exponent × group
3856,-0.0894709136615341,pain,main_overlap,posterior_exponent × group
3857,0.0402894769592582,pain,main_overlap,posterior_exponent × group
3858,-0.3120314605412967,pain,main_overlap,posterior_exponent × group
3859,-0.2526925034681764,pain,main_overlap,posterior_exponent × group
3860,0.0716025219839013,pain,main_overlap,posterior_exponent × group
3861,-0.0184461044104064,pain,main_overlap,posterior_exponent × group
3862,-0.1648820897616228,pain,main_overlap,posterior_exponent × group
3863,-0.1832586112297574,pain,main_overlap,posterior_exponent × group
3864,-0.2595583220580423,pain,main_overlap,posterior_exponent × group
3865,-0.1595486650012015,pain,main_overlap,posterior_exponent × group
3866,-0.0427982721512977,pain,main_overlap,posterior_exponent × group
3867,-0.0503975827771854,pain,main_overlap,posterior_exponent × group
3868,0.1174924410999786,pain,main_overlap,posterior_exponent × group
3869,0.0519198732983611,pain,main_overlap,posterior_exponent × group
3870,-0.0410920839768044,pain,main_overlap,posterior_exponent × group
3871,-0.2074232253455602,pain,main_overlap,posterior_exponent × group
3872,-0.1098784026706186,pain,main_overlap,posterior_exponent × group
3873,-0.1940584623583887,pain,main_overlap,posterior_exponent × group
3874,-0.2516806706228815,pain,main_overlap,posterior_exponent × group
3875,0.0573891754280003,pain,main_overlap,posterior_exponent × group
3876,-0.0413979286763949,pain,main_overlap,posterior_exponent × group
3877,-0.0184776968751203,pain,main_overlap,posterior_exponent × group
3878,-0.0562605108681108,pain,main_overlap,posterior_exponent × group
3879,-0.1960700237597794,pain,main_overlap,posterior_exponent × group
3880,-0.3048156140010108,pain,main_overlap,posterior_exponent × group
3881,0.025140198105191,pain,main_overlap,posterior_exponent × group
3882,-0.2346271864378448,pain,main_overlap,posterior_exponent × group
3883,0.0101221479940817,pain,main_overlap,posterior_exponent × group
3884,-0.0204526842098842,pain,main_overlap,posterior_exponent × group
3885,-0.3417780056924568,pain,main_overlap,posterior_exponent × group
3886,0.036824915200755,pain,main_overlap,posterior_exponent × group
3887,-0.0972015850271959,pain,main_overlap,posterior_exponent × group
3888,-0.1700533665535556,pain,main_overlap,posterior_exponent × group
3889,-0.1894937174852463,pain,main_overlap,posterior_exponent × group
3890,-0.0426191036055687,pain,main_overlap,posterior_exponent × group
3891,-0.1699719073737612,pain,main_overlap,posterior_exponent × group
3892,-0.3298334656665964,pain,main_overlap,posterior_exponent × group
3893,-0.0579589135299046,pain,main_overlap,posterior_exponent × group
3894,-0.1228441637741265,pain,main_overlap,posterior_exponent × group
3895,-0.0760184812707653,pain,main_overlap,posterior_exponent × group
3896,0.045271736075862,pain,main_overlap,posterior_exponent × group
3897,-0.0236232157288098,pain,main_overlap,posterior_exponent × group
3898,-0.2633578382210971,pain,main_overlap,posterior_exponent × group
3899,-0.1151822190718321,pain,main_overlap,posterior_exponent × group
3900,-0.3544432304873542,pain,main_overlap,posterior_exponent × group
3901,-0.225643920901679,pain,main_overlap,posterior_exponent × group
3902,-0.3829262009690798,pain,main_overlap,posterior_exponent × group
3903,-0.2344027739717813,pain,main_overlap,posterior_exponent × group
3904,0.2003508553207416,pain,main_overlap,posterior_exponent × group
3905,-0.2555389694196712,pain,main_overlap,posterior_exponent × group
3906,0.0089603437632051,pain,main_overlap,posterior_exponent × group
3907,-0.2035461808964525,pain,main_overlap,posterior_exponent × group
3908,0.1947872011198205,pain,main_overlap,posterior_exponent × group
3909,-0.0733886637067062,pain,main_overlap,posterior_exponent × group
3910,-0.332546102839639,pain,main_overlap,posterior_exponent × group
3911,-0.1739472194113125,pain,main_overlap,posterior_exponent × group
3912,-0.1755275724702349,pain,main_overlap,posterior_exponent × group
3913,-0.1205683097836517,pain,main_overlap,posterior_exponent × group
3914,-0.0656890765259196,pain,main_overlap,posterior_exponent × group
3915,-0.1778488736185808,pain,main_overlap,posterior_exponent × group
3916,-0.0597947108570498,pain,main_overlap,posterior_exponent × group
3917,-0.3939147054777426,pain,main_overlap,posterior_exponent × group
3918,-0.3633829959918277,pain,main_overlap,posterior_exponent × group
3919,-0.1012413187207785,pain,main_overlap,posterior_exponent × group
3920,-0.2456046703408826,pain,main_overlap,posterior_exponent × group
3921,0.0349139106048314,pain,main_overlap,posterior_exponent × group
3922,-0.2933668533203876,pain,main_overlap,posterior_exponent × group
3923,0.2354610237488963,pain,main_overlap,posterior_exponent × group
3924,-0.2878213264358257,pain,main_overlap,posterior_exponent × group
3925,-0.0648961646388461,pain,main_overlap,posterior_exponent × group
3926,0.0327716394880213,pain,main_overlap,posterior_exponent × group
3927,-0.0478877329415787,pain,main_overlap,posterior_exponent × group
3928,-0.1305924288619967,pain,main_overlap,posterior_exponent × group
3929,-0.0466104184449938,pain,main_overlap,posterior_exponent × group
3930,-0.2148539796028358,pain,main_overlap,posterior_exponent × group
3931,0.0078192402304352,pain,main_overlap,posterior_exponent × group
3932,0.0305151990684972,pain,main_overlap,posterior_exponent × group
3933,-0.1962402323003173,pain,main_overlap,posterior_exponent × group
3934,0.0511824915204257,pain,main_overlap,posterior_exponent × group
3935,-0.0667140504384526,pain,main_overlap,posterior_exponent × group
3936,0.2834990923285997,pain,main_overlap,posterior_exponent × group
3937,0.1067462236473634,pain,main_overlap,posterior_exponent × group
3938,-0.0337180195503365,pain,main_overlap,posterior_exponent × group
3939,-0.3711072217086774,pain,main_overlap,posterior_exponent × group
3940,-0.1984887444193111,pain,main_overlap,posterior_exponent × group
3941,-0.2110884622487397,pain,main_overlap,posterior_exponent × group
3942,-0.0840377070968066,pain,main_overlap,posterior_exponent × group
3943,-0.2672171325790774,pain,main_overlap,posterior_exponent × group
3944,-0.1094819593829299,pain,main_overlap,posterior_exponent × group
3945,-0.2289690947017519,pain,main_overlap,posterior_exponent × group
3946,-0.1849590594437348,pain,main_overlap,posterior_exponent × group
3947,-0.4411772296817572,pain,main_overlap,posterior_exponent × group
3948,-0.029285828006111,pain,main_overlap,posterior_exponent × group
3949,-0.2447003461978763,pain,main_overlap,posterior_exponent × group
3950,-0.4504641629191679,pain,main_overlap,posterior_exponent × group
3951,-0.2577879746402247,pain,main_overlap,posterior_exponent × group
3952,-0.3419839698358006,pain,main_overlap,posterior_exponent × group
3953,-0.1345703280871424,pain,main_overlap,posterior_exponent × group
3954,-0.1237102202850771,pain,main_overlap,posterior_exponent × group
3955,-0.012605253596409,pain,main_overlap,posterior_exponent × group
3956,-0.0780532975208413,pain,main_overlap,posterior_exponent × group
3957,-0.1970871779852885,pain,main_overlap,posterior_exponent × group
3958,0.0009467513558194,pain,main_overlap,posterior_exponent × group
3959,0.0150939312504015,pain,main_overlap,posterior_exponent × group
3960,-0.0758672758481921,pain,main_overlap,posterior_exponent × group
3961,-0.0214932803543721,pain,main_overlap,posterior_exponent × group
3962,-0.0569128431910534,pain,main_overlap,posterior_exponent × group
3963,-0.0785991255658344,pain,main_overlap,posterior_exponent × group
3964,-0.4060040723534315,pain,main_overlap,posterior_exponent × group
3965,-0.3148432399545736,pain,main_overlap,posterior_exponent × group
3966,-0.6557798007132093,pain,main_overlap,posterior_exponent × group
3967,-0.0360511999788427,pain,main_overlap,posterior_exponent × group
3968,-0.2324924536871287,pain,main_overlap,posterior_exponent × group
3969,-0.1130965489663968,pain,main_overlap,posterior_exponent × group
3970,-0.1440551412640794,pain,main_overlap,posterior_exponent × group
3971,-0.298482570297196,pain,main_overlap,posterior_exponent × group
3972,-0.0770420604975909,pain,main_overlap,posterior_exponent × group
3973,-0.207077006239757,pain,main_overlap,posterior_exponent × group
3974,-0.3339448776860368,pain,main_overlap,posterior_exponent × group
3975,-0.2386727911970226,pain,main_overlap,posterior_exponent × group
3976,-0.0870355408010929,pain,main_overlap,posterior_exponent × group
3977,-0.0361183795610248,pain,main_overlap,posterior_exponent × group
3978,-0.2162971939070543,pain,main_overlap,posterior_exponent × group
3979,-0.2690887540953862,pain,main_overlap,posterior_exponent × group
3980,-0.1410010763848754,pain,main_overlap,posterior_exponent × group
3981,-0.1579275261079096,pain,main_overlap,posterior_exponent × group
3982,-0.0520830597010013,pain,main_overlap,posterior_exponent × group
3983,-0.2705741621819541,pain,main_overlap,posterior_exponent × group
3984,0.1229648161330099,pain,main_overlap,posterior_exponent × group
3985,-0.2391394452842802,pain,main_overlap,posterior_exponent × group
3986,-0.1200123115054261,pain,main_overlap,posterior_exponent × group
3987,-0.2530068821790597,pain,main_overlap,posterior_exponent × group
3988,0.0460778050396375,pain,main_overlap,posterior_exponent × group
3989,-0.1111293531575041,pain,main_overlap,posterior_exponent × group
3990,0.1864442269682762,pain,main_overlap,posterior_exponent × group
3991,-0.1335077293473892,pain,main_overlap,posterior_exponent × group
3992,0.0221118866597224,pain,main_overlap,posterior_exponent × group
3993,-0.1159978248771217,pain,main_overlap,posterior_exponent × group
3994,0.019276664872765,pain,main_overlap,posterior_exponent × group
3995,-0.4933900869913154,pain,main_overlap,posterior_exponent × group
3996,-0.0998512789232245,pain,main_overlap,posterior_exponent × group
3997,-0.2562129107246746,pain,main_overlap,posterior_exponent × group
3998,-0.1790644551660291,pain,main_overlap,posterior_exponent × group
3999,-0.0049668721593589,pain,main_overlap,posterior_exponent × group
0,0.0457594397402162,neutral,main_overlap,posterior_exponent × group
1,0.0345819724884418,neutral,main_overlap,posterior_exponent × group
2,-0.0344803168152701,neutral,main_overlap,posterior_exponent × group
3,0.1461431409100172,neutral,main_overlap,posterior_exponent × group
4,-0.0208902192149523,neutral,main_overlap,posterior_exponent × group
5,-0.0902741802851608,neutral,main_overlap,posterior_exponent × group
6,-0.0168609063126898,neutral,main_overlap,posterior_exponent × group
7,-0.1175197654075743,neutral,main_overlap,posterior_exponent × group
8,0.0864419790259038,neutral,main_overlap,posterior_exponent × group
9,0.1143653097511555,neutral,main_overlap,posterior_exponent × group
10,0.0147675695573056,neutral,main_overlap,posterior_exponent × group
11,-0.1251791851516361,neutral,main_overlap,posterior_exponent × group
12,-0.0744189395564972,neutral,main_overlap,posterior_exponent × group
13,-0.0021314369084567,neutral,main_overlap,posterior_exponent × group
14,0.0076463935430421,neutral,main_overlap,posterior_exponent × group
15,-0.0173786808789675,neutral,main_overlap,posterior_exponent × group
16,-0.0920205843293289,neutral,main_overlap,posterior_exponent × group
17,-0.0564399720872761,neutral,main_overlap,posterior_exponent × group
18,-0.047623310242753,neutral,main_overlap,posterior_exponent × group
19,-0.0353024599472583,neutral,main_overlap,posterior_exponent × group
20,-0.0655916237531592,neutral,main_overlap,posterior_exponent × group
21,-0.1147913346730595,neutral,main_overlap,posterior_exponent × group
22,-0.1839307407405268,neutral,main_overlap,posterior_exponent × group
23,-0.0236020390559373,neutral,main_overlap,posterior_exponent × group
24,0.0147982583481555,neutral,main_overlap,posterior_exponent × group
25,-0.0291004747050485,neutral,main_overlap,posterior_exponent × group
26,0.0308584683172739,neutral,main_overlap,posterior_exponent × group
27,0.1503063973397294,neutral,main_overlap,posterior_exponent × group
28,-0.0419772322765532,neutral,main_overlap,posterior_exponent × group
29,-0.1789269706868358,neutral,main_overlap,posterior_exponent × group
30,-0.0421402278264657,neutral,main_overlap,posterior_exponent × group
31,-0.0517306069790323,neutral,main_overlap,posterior_exponent × group
32,-0.0691588143203283,neutral,main_overlap,posterior_exponent × group
33,0.0510939214528124,neutral,main_overlap,posterior_exponent × group
34,0.0654478866962237,neutral,main_overlap,posterior_exponent × group
35,-0.0436845661214907,neutral,main_overlap,posterior_exponent × group
36,-0.0774386250199936,neutral,main_overlap,posterior_exponent × group
37,-0.0165600975776031,neutral,main_overlap,posterior_exponent × group
38,-0.1190952680080428,neutral,main_overlap,posterior_exponent × group
39,0.0458907579151409,neutral,main_overlap,posterior_exponent × group
40,-0.1251658226963929,neutral,main_overlap,posterior_exponent × group
41,-0.0262715158064113,neutral,main_overlap,posterior_exponent × group
42,-0.0230347074052046,neutral,main_overlap,posterior_exponent × group
43,-0.0875124434621283,neutral,main_overlap,posterior_exponent × group
44,0.089534773522568,neutral,main_overlap,posterior_exponent × group
45,0.0421500992264712,neutral,main_overlap,posterior_exponent × group
46,-0.0603736013860599,neutral,main_overlap,posterior_exponent × group
47,-0.0645981874447855,neutral,main_overlap,posterior_exponent × group
48,-0.0398676518967003,neutral,main_overlap,posterior_exponent × group
49,-0.1943932907339394,neutral,main_overlap,posterior_exponent × group
50,-0.1614710857268558,neutral,main_overlap,posterior_exponent × group
51,-0.0304917285011483,neutral,main_overlap,posterior_exponent × group
52,0.018686099407027,neutral,main_overlap,posterior_exponent × group
53,0.0068494256286541,neutral,main_overlap,posterior_exponent × group
54,-0.008954467360337,neutral,main_overlap,posterior_exponent × group
55,-0.1663415034817472,neutral,main_overlap,posterior_exponent × group
56,0.0458875271430769,neutral,main_overlap,posterior_exponent × group
57,-0.031934926863247,neutral,main_overlap,posterior_exponent × group
58,0.0100811842461705,neutral,main_overlap,posterior_exponent × group
59,-0.1197241551696881,neutral,main_overlap,posterior_exponent × group
60,0.0114173447045518,neutral,main_overlap,posterior_exponent × group
61,-0.1472108494530865,neutral,main_overlap,posterior_exponent × group
62,-0.048352964471038,neutral,main_overlap,posterior_exponent × group
63,-0.291701247094881,neutral,main_overlap,posterior_exponent × group
64,-0.0055840555206592,neutral,main_overlap,posterior_exponent × group
65,-0.0604173686689073,neutral,main_overlap,posterior_exponent × group
66,-0.0786723170291962,neutral,main_overlap,posterior_exponent × group
67,-0.0750345799160002,neutral,main_overlap,posterior_exponent × group
68,-0.0431732155203886,neutral,main_overlap,posterior_exponent × group
69,0.0220294213507726,neutral,main_overlap,posterior_exponent × group
70,0.2006582838229841,neutral,main_overlap,posterior_exponent × group
71,-0.0549782996957205,neutral,main_overlap,posterior_exponent × group
72,0.1013168873604847,neutral,main_overlap,posterior_exponent × group
73,-0.0249624064702246,neutral,main_overlap,posterior_exponent × group
74,-0.0954272063361172,neutral,main_overlap,posterior_exponent × group
75,-0.0617495874286153,neutral,main_overlap,posterior_exponent × group
76,0.0424127513769872,neutral,main_overlap,posterior_exponent × group
77,-0.1304707867008922,neutral,main_overlap,posterior_exponent × group
78,-0.0084491857256551,neutral,main_overlap,posterior_exponent × group
79,-0.0963604981732515,neutral,main_overlap,posterior_exponent × group
80,0.0573099620427435,neutral,main_overlap,posterior_exponent × group
81,-0.0305073471508979,neutral,main_overlap,posterior_exponent × group
82,-0.1714282648883911,neutral,main_overlap,posterior_exponent × group
83,-0.0316851208346152,neutral,main_overlap,posterior_exponent × group
84,0.0233338313876184,neutral,main_overlap,posterior_exponent × group
85,0.0139586957962138,neutral,main_overlap,posterior_exponent × group
86,-0.0749985534920931,neutral,main_overlap,posterior_exponent × group
87,0.0006821425123639,neutral,main_overlap,posterior_exponent × group
88,-0.0105747284381099,neutral,main_overlap,posterior_exponent × group
89,0.0477401786046495,neutral,main_overlap,posterior_exponent × group
90,-0.0617653200188199,neutral,main_overlap,posterior_exponent × group
91,-0.0794185796456424,neutral,main_overlap,posterior_exponent × group
92,-0.0465358540359146,neutral,main_overlap,posterior_exponent × group
93,-0.0221405370046024,neutral,main_overlap,posterior_exponent × group
94,-0.0689704251463416,neutral,main_overlap,posterior_exponent × group
95,-0.0367209890858775,neutral,main_overlap,posterior_exponent × group
96,0.0221420203262449,neutral,main_overlap,posterior_exponent × group
97,-0.032048611287825,neutral,main_overlap,posterior_exponent × group
98,-0.0026298530876934,neutral,main_overlap,posterior_exponent × group
99,-0.1752330717604125,neutral,main_overlap,posterior_exponent × group
100,-0.0424855554486144,neutral,main_overlap,posterior_exponent × group
101,0.044814374515762,neutral,main_overlap,posterior_exponent × group
102,0.0712173327102871,neutral,main_overlap,posterior_exponent × group
103,0.0119324408908676,neutral,main_overlap,posterior_exponent × group
104,0.0201289884031626,neutral,main_overlap,posterior_exponent × group
105,-0.0040597782787168,neutral,main_overlap,posterior_exponent × group
106,-0.1483583223437089,neutral,main_overlap,posterior_exponent × group
107,-0.1244212467140535,neutral,main_overlap,posterior_exponent × group
108,-0.1020055797427405,neutral,main_overlap,posterior_exponent × group
109,-0.0264164152296422,neutral,main_overlap,posterior_exponent × group
110,-0.0669914850086507,neutral,main_overlap,posterior_exponent × group
111,-0.0773694307759656,neutral,main_overlap,posterior_exponent × group
112,0.0275007600606409,neutral,main_overlap,posterior_exponent × group
113,-0.2502952396509205,neutral,main_overlap,posterior_exponent × group
114,-0.0073299673233568,neutral,main_overlap,posterior_exponent × group
115,-0.0132790151750635,neutral,main_overlap,posterior_exponent × group
116,-0.0448494384415464,neutral,main_overlap,posterior_exponent × group
117,-0.0399223642307697,neutral,main_overlap,posterior_exponent × group
118,-0.0358021186188669,neutral,main_overlap,posterior_exponent × group
119,-0.0257548778086969,neutral,main_overlap,posterior_exponent × group
120,-0.1367599929688402,neutral,main_overlap,posterior_exponent × group
121,-0.0355324437956705,neutral,main_overlap,posterior_exponent × group
122,0.0079434069830944,neutral,main_overlap,posterior_exponent × group
123,0.0575333668413826,neutral,main_overlap,posterior_exponent × group
124,0.0282857312333274,neutral,main_overlap,posterior_exponent × group
125,0.0362415968037518,neutral,main_overlap,posterior_exponent × group
126,-0.0504751133921457,neutral,main_overlap,posterior_exponent × group
127,-0.0265108043072828,neutral,main_overlap,posterior_exponent × group
128,-0.0089600673567808,neutral,main_overlap,posterior_exponent × group
129,-0.0142792499690064,neutral,main_overlap,posterior_exponent × group
130,-0.1635824232414287,neutral,main_overlap,posterior_exponent × group
131,-0.1680555204149708,neutral,main_overlap,posterior_exponent × group
132,0.0157771142841234,neutral,main_overlap,posterior_exponent × group
133,-0.0122866901043283,neutral,main_overlap,posterior_exponent × group
134,-0.0070802031008224,neutral,main_overlap,posterior_exponent × group
135,0.0362322370461051,neutral,main_overlap,posterior_exponent × group
136,-0.0730920943789765,neutral,main_overlap,posterior_exponent × group
137,-0.0030132199215263,neutral,main_overlap,posterior_exponent × group
138,-0.065128984593096,neutral,main_overlap,posterior_exponent × group
139,-0.114090306303998,neutral,main_overlap,posterior_exponent × group
140,-0.0163807689286137,neutral,main_overlap,posterior_exponent × group
141,-0.172298617026384,neutral,main_overlap,posterior_exponent × group
142,-0.0645223696907369,neutral,main_overlap,posterior_exponent × group
143,-0.159620014818883,neutral,main_overlap,posterior_exponent × group
144,-0.0417233434747877,neutral,main_overlap,posterior_exponent × group
145,-0.0885386718869501,neutral,main_overlap,posterior_exponent × group
146,-0.045015752209409,neutral,main_overlap,posterior_exponent × group
147,-0.0083566934439514,neutral,main_overlap,posterior_exponent × group
148,-0.0621297604177313,neutral,main_overlap,posterior_exponent × group
149,0.033358926702349,neutral,main_overlap,posterior_exponent × group
150,-0.0483073780904747,neutral,main_overlap,posterior_exponent × group
151,-0.1028561292470059,neutral,main_overlap,posterior_exponent × group
152,-0.0054086984961176,neutral,main_overlap,posterior_exponent × group
153,0.0227934692497766,neutral,main_overlap,posterior_exponent × group
154,-0.0780393004811434,neutral,main_overlap,posterior_exponent × group
155,-0.0031006079097437,neutral,main_overlap,posterior_exponent × group
156,-0.0572042645954899,neutral,main_overlap,posterior_exponent × group
157,-0.0472452030300242,neutral,main_overlap,posterior_exponent × group
158,-0.0569602237623066,neutral,main_overlap,posterior_exponent × group
159,-0.145502572462691,neutral,main_overlap,posterior_exponent × group
160,0.0399121610081265,neutral,main_overlap,posterior_exponent × group
161,0.0469229449810516,neutral,main_overlap,posterior_exponent × group
162,0.0120392700300132,neutral,main_overlap,posterior_exponent × group
163,-0.0121607827908936,neutral,main_overlap,posterior_exponent × group
164,0.015857298332125,neutral,main_overlap,posterior_exponent × group
165,0.0303494973981572,neutral,main_overlap,posterior_exponent × group
166,0.0473925051698035,neutral,main_overlap,posterior_exponent × group
167,0.0653519312323885,neutral,main_overlap,posterior_exponent × group
168,0.0369249145222129,neutral,main_overlap,posterior_exponent × group
169,-0.0392845072193066,neutral,main_overlap,posterior_exponent × group
170,0.0492684922046676,neutral,main_overlap,posterior_exponent × group
171,-0.1653471926777363,neutral,main_overlap,posterior_exponent × group
172,-0.1628259729025631,neutral,main_overlap,posterior_exponent × group
173,-0.1328878668520314,neutral,main_overlap,posterior_exponent × group
174,0.0291832355821415,neutral,main_overlap,posterior_exponent × group
175,-0.0528430545879419,neutral,main_overlap,posterior_exponent × group
176,-0.0359341256538869,neutral,main_overlap,posterior_exponent × group
177,-0.0399521538452816,neutral,main_overlap,posterior_exponent × group
178,-0.046150559827137,neutral,main_overlap,posterior_exponent × group
179,-0.1740816229942808,neutral,main_overlap,posterior_exponent × group
180,-0.0953207286692,neutral,main_overlap,posterior_exponent × group
181,-0.1915049213856866,neutral,main_overlap,posterior_exponent × group
182,-0.0501282846624241,neutral,main_overlap,posterior_exponent × group
183,-0.0038047872613367,neutral,main_overlap,posterior_exponent × group
184,-0.1315088132353533,neutral,main_overlap,posterior_exponent × group
185,-0.1002944919051276,neutral,main_overlap,posterior_exponent × group
186,-0.133068361713564,neutral,main_overlap,posterior_exponent × group
187,-0.0242920125891634,neutral,main_overlap,posterior_exponent × group
188,-0.0091990648778024,neutral,main_overlap,posterior_exponent × group
189,0.2163814766347344,neutral,main_overlap,posterior_exponent × group
190,-0.0615079350157074,neutral,main_overlap,posterior_exponent × group
191,-0.0479282733039866,neutral,main_overlap,posterior_exponent × group
192,-0.0762668040241038,neutral,main_overlap,posterior_exponent × group
193,0.0036989308909131,neutral,main_overlap,posterior_exponent × group
194,-0.0259441029488952,neutral,main_overlap,posterior_exponent × group
195,-0.0894982859238141,neutral,main_overlap,posterior_exponent × group
196,-0.0074179883584627,neutral,main_overlap,posterior_exponent × group
197,-0.0771838803411963,neutral,main_overlap,posterior_exponent × group
198,-0.185436902179537,neutral,main_overlap,posterior_exponent × group
199,0.0460194740192449,neutral,main_overlap,posterior_exponent × group
200,0.0342212592721076,neutral,main_overlap,posterior_exponent × group
201,-0.0295628601575578,neutral,main_overlap,posterior_exponent × group
202,-0.0814033452267769,neutral,main_overlap,posterior_exponent × group
203,-0.0599118957763096,neutral,main_overlap,posterior_exponent × group
204,-0.1199844808970574,neutral,main_overlap,posterior_exponent × group
205,-0.036481359598619,neutral,main_overlap,posterior_exponent × group
206,-0.2923337979099037,neutral,main_overlap,posterior_exponent × group
207,-0.2034311966644915,neutral,main_overlap,posterior_exponent × group
208,-0.1179060248977461,neutral,main_overlap,posterior_exponent × group
209,-0.0555756541707683,neutral,main_overlap,posterior_exponent × group
210,-0.2221022524733957,neutral,main_overlap,posterior_exponent × group
211,-0.0140358888029761,neutral,main_overlap,posterior_exponent × group
212,0.0598096489586556,neutral,main_overlap,posterior_exponent × group
213,-0.0218645528597324,neutral,main_overlap,posterior_exponent × group
214,-0.0423556611840355,neutral,main_overlap,posterior_exponent × group
215,-0.1924123677206619,neutral,main_overlap,posterior_exponent × group
216,0.0647390979496656,neutral,main_overlap,posterior_exponent × group
217,-0.1344526150583746,neutral,main_overlap,posterior_exponent × group
218,-0.0877214527242365,neutral,main_overlap,posterior_exponent × group
219,-0.0472583155709335,neutral,main_overlap,posterior_exponent × group
220,-0.1987426434938315,neutral,main_overlap,posterior_exponent × group
221,-0.0923760785879439,neutral,main_overlap,posterior_exponent × group
222,0.0458472836586994,neutral,main_overlap,posterior_exponent × group
223,-0.031449724069401,neutral,main_overlap,posterior_exponent × group
224,-0.118438224680922,neutral,main_overlap,posterior_exponent × group
225,-0.0278230508754572,neutral,main_overlap,posterior_exponent × group
226,0.0836004543740522,neutral,main_overlap,posterior_exponent × group
227,-0.0696346489240459,neutral,main_overlap,posterior_exponent × group
228,-0.0386918073257817,neutral,main_overlap,posterior_exponent × group
229,-0.0288070092681323,neutral,main_overlap,posterior_exponent × group
230,-0.0441826726415777,neutral,main_overlap,posterior_exponent × group
231,-0.1220756551916086,neutral,main_overlap,posterior_exponent × group
232,-0.1853856530696448,neutral,main_overlap,posterior_exponent × group
233,-0.1500061655879584,neutral,main_overlap,posterior_exponent × group
234,-0.0131836518047859,neutral,main_overlap,posterior_exponent × group
235,0.0951592005726025,neutral,main_overlap,posterior_exponent × group
236,0.0009246672403409,neutral,main_overlap,posterior_exponent × group
237,-0.1474461114436713,neutral,main_overlap,posterior_exponent × group
238,-0.0925260279701372,neutral,main_overlap,posterior_exponent × group
239,-0.1625899719444645,neutral,main_overlap,posterior_exponent × group
240,0.0769788299358047,neutral,main_overlap,posterior_exponent × group
241,-0.0827905171418317,neutral,main_overlap,posterior_exponent × group
242,-0.175174728876969,neutral,main_overlap,posterior_exponent × group
243,-0.1257078894150005,neutral,main_overlap,posterior_exponent × group
244,-0.2068311154114989,neutral,main_overlap,posterior_exponent × group
245,-0.1069108744172438,neutral,main_overlap,posterior_exponent × group
246,-0.1163707598024628,neutral,main_overlap,posterior_exponent × group
247,0.0902379723084167,neutral,main_overlap,posterior_exponent × group
248,-0.0172549199007935,neutral,main_overlap,posterior_exponent × group
249,-0.0174373030637273,neutral,main_overlap,posterior_exponent × group
250,-0.0301280468465307,neutral,main_overlap,posterior_exponent × group
251,-0.0001282982548568,neutral,main_overlap,posterior_exponent × group
252,-0.0742519444017235,neutral,main_overlap,posterior_exponent × group
253,0.0554202416038128,neutral,main_overlap,posterior_exponent × group
254,-0.0518847582161603,neutral,main_overlap,posterior_exponent × group
255,-0.1037570067974216,neutral,main_overlap,posterior_exponent × group
256,0.09654117324333,neutral,main_overlap,posterior_exponent × group
257,-0.2104867986378029,neutral,main_overlap,posterior_exponent × group
258,0.0490598581478125,neutral,main_overlap,posterior_exponent × group
259,0.1311210413455428,neutral,main_overlap,posterior_exponent × group
260,-0.0848794869284356,neutral,main_overlap,posterior_exponent × group
261,-0.0223941525530806,neutral,main_overlap,posterior_exponent × group
262,-0.0687656178957421,neutral,main_overlap,posterior_exponent × group
263,-0.132858801434933,neutral,main_overlap,posterior_exponent × group
264,-0.1739690319989566,neutral,main_overlap,posterior_exponent × group
265,-0.1512979701515649,neutral,main_overlap,posterior_exponent × group
266,-0.0566950958827576,neutral,main_overlap,posterior_exponent × group
267,-0.2432170056426751,neutral,main_overlap,posterior_exponent × group
268,-0.0746621763336115,neutral,main_overlap,posterior_exponent × group
269,0.0252721748423063,neutral,main_overlap,posterior_exponent × group
270,0.0923256785804586,neutral,main_overlap,posterior_exponent × group
271,-0.0355707348323183,neutral,main_overlap,posterior_exponent × group
272,-0.044332091656278,neutral,main_overlap,posterior_exponent × group
273,0.0550145636743928,neutral,main_overlap,posterior_exponent × group
274,0.1187259673919752,neutral,main_overlap,posterior_exponent × group
275,0.0706564945366697,neutral,main_overlap,posterior_exponent × group
276,-0.0632988205583305,neutral,main_overlap,posterior_exponent × group
277,-0.2851594543875827,neutral,main_overlap,posterior_exponent × group
278,-0.1225964568950411,neutral,main_overlap,posterior_exponent × group
279,-0.0242616581760222,neutral,main_overlap,posterior_exponent × group
280,0.0383576716389271,neutral,main_overlap,posterior_exponent × group
281,-0.0685566978235737,neutral,main_overlap,posterior_exponent × group
282,-0.1280045556798898,neutral,main_overlap,posterior_exponent × group
283,0.0047612750416537,neutral,main_overlap,posterior_exponent × group
284,0.1313676293950571,neutral,main_overlap,posterior_exponent × group
285,-0.1909052836520345,neutral,main_overlap,posterior_exponent × group
286,-0.0794929460796164,neutral,main_overlap,posterior_exponent × group
287,-0.0314665634848285,neutral,main_overlap,posterior_exponent × group
288,0.0663513708013115,neutral,main_overlap,posterior_exponent × group
289,-0.0975179964104478,neutral,main_overlap,posterior_exponent × group
290,-0.1011217955292083,neutral,main_overlap,posterior_exponent × group
291,0.004133204269861,neutral,main_overlap,posterior_exponent × group
292,-0.104926469547729,neutral,main_overlap,posterior_exponent × group
293,-0.1703635976764392,neutral,main_overlap,posterior_exponent × group
294,-0.0809034094758457,neutral,main_overlap,posterior_exponent × group
295,-0.0082736276386053,neutral,main_overlap,posterior_exponent × group
296,-0.0812707990283992,neutral,main_overlap,posterior_exponent × group
297,-0.1597640577290244,neutral,main_overlap,posterior_exponent × group
298,0.0346052563253807,neutral,main_overlap,posterior_exponent × group
299,0.0351403683374503,neutral,main_overlap,posterior_exponent × group
300,0.0702553636807758,neutral,main_overlap,posterior_exponent × group
301,-0.000766221841464,neutral,main_overlap,posterior_exponent × group
302,-0.1567379918680058,neutral,main_overlap,posterior_exponent × group
303,-0.0239520132062695,neutral,main_overlap,posterior_exponent × group
304,-0.0142270082256275,neutral,main_overlap,posterior_exponent × group
305,-0.1130461285104139,neutral,main_overlap,posterior_exponent × group
306,0.01219916220222,neutral,main_overlap,posterior_exponent × group
307,0.1096534664625432,neutral,main_overlap,posterior_exponent × group
308,-0.0629252860653333,neutral,main_overlap,posterior_exponent × group
309,-0.0724147570012449,neutral,main_overlap,posterior_exponent × group
310,-0.0291218467075361,neutral,main_overlap,posterior_exponent × group
311,-0.0133705566798826,neutral,main_overlap,posterior_exponent × group
312,-0.091235516379841,neutral,main_overlap,posterior_exponent × group
313,-0.1165302384302694,neutral,main_overlap,posterior_exponent × group
314,0.0032115833626073,neutral,main_overlap,posterior_exponent × group
315,-0.0669781362068778,neutral,main_overlap,posterior_exponent × group
316,-0.0767921765107239,neutral,main_overlap,posterior_exponent × group
317,0.0190200201416835,neutral,main_overlap,posterior_exponent × group
318,-0.0884835765192893,neutral,main_overlap,posterior_exponent × group
319,-0.0917678161188207,neutral,main_overlap,posterior_exponent × group
320,-0.1875621499883668,neutral,main_overlap,posterior_exponent × group
321,-0.0561727432799227,neutral,main_overlap,posterior_exponent × group
322,0.0348293405026374,neutral,main_overlap,posterior_exponent × group
323,-0.0206080588501325,neutral,main_overlap,posterior_exponent × group
324,0.0105034251156282,neutral,main_overlap,posterior_exponent × group
325,-0.0470657425544167,neutral,main_overlap,posterior_exponent × group
326,-0.0453667626572197,neutral,main_overlap,posterior_exponent × group
327,0.0317310797650414,neutral,main_overlap,posterior_exponent × group
328,0.0344326334957981,neutral,main_overlap,posterior_exponent × group
329,-0.1279226983280307,neutral,main_overlap,posterior_exponent × group
330,-0.0702226976424244,neutral,main_overlap,posterior_exponent × group
331,-0.0693426741760055,neutral,main_overlap,posterior_exponent × group
332,0.1069565397197063,neutral,main_overlap,posterior_exponent × group
333,-0.0926817178695626,neutral,main_overlap,posterior_exponent × group
334,-0.1557866219071158,neutral,main_overlap,posterior_exponent × group
335,-0.0122474171833137,neutral,main_overlap,posterior_exponent × group
336,-0.0551971565517762,neutral,main_overlap,posterior_exponent × group
337,-0.0438176140523808,neutral,main_overlap,posterior_exponent × group
338,-0.0020725782035649,neutral,main_overlap,posterior_exponent × group
339,-0.0912503870595839,neutral,main_overlap,posterior_exponent × group
340,-0.0407398030764902,neutral,main_overlap,posterior_exponent × group
341,0.0513828236057401,neutral,main_overlap,posterior_exponent × group
342,-0.0979316523174836,neutral,main_overlap,posterior_exponent × group
343,0.0068661603586046,neutral,main_overlap,posterior_exponent × group
344,-0.0383244676723833,neutral,main_overlap,posterior_exponent × group
345,0.0256040711931833,neutral,main_overlap,posterior_exponent × group
346,-0.1276421846424648,neutral,main_overlap,posterior_exponent × group
347,-0.1457172255739831,neutral,main_overlap,posterior_exponent × group
348,-0.1024519659834205,neutral,main_overlap,posterior_exponent × group
349,-0.0852194014760504,neutral,main_overlap,posterior_exponent × group
350,-0.1129808810856868,neutral,main_overlap,posterior_exponent × group
351,-0.0473241275703367,neutral,main_overlap,posterior_exponent × group
352,-0.0953067914234912,neutral,main_overlap,posterior_exponent × group
353,-0.069560190712476,neutral,main_overlap,posterior_exponent × group
354,-0.1068583595435103,neutral,main_overlap,posterior_exponent × group
355,-0.0144841016966082,neutral,main_overlap,posterior_exponent × group
356,0.0080028568020747,neutral,main_overlap,posterior_exponent × group
357,-0.2677927864880668,neutral,main_overlap,posterior_exponent × group
358,-0.1856098658600294,neutral,main_overlap,posterior_exponent × group
359,-0.0603343997522629,neutral,main_overlap,posterior_exponent × group
360,-0.0043728707631024,neutral,main_overlap,posterior_exponent × group
361,0.0055336458682521,neutral,main_overlap,posterior_exponent × group
362,-0.07771030448882,neutral,main_overlap,posterior_exponent × group
363,-0.0474890557355746,neutral,main_overlap,posterior_exponent × group
364,0.0021066378948853,neutral,main_overlap,posterior_exponent × group
365,-0.0641206497667713,neutral,main_overlap,posterior_exponent × group
366,-0.049440260885916,neutral,main_overlap,posterior_exponent × group
367,-0.0452815003681357,neutral,main_overlap,posterior_exponent × group
368,-0.0089370892993692,neutral,main_overlap,posterior_exponent × group
369,-0.1298036360375655,neutral,main_overlap,posterior_exponent × group
370,0.1166436062395331,neutral,main_overlap,posterior_exponent × group
371,0.1327340594689821,neutral,main_overlap,posterior_exponent × group
372,0.0107336912679347,neutral,main_overlap,posterior_exponent × group
373,-0.1066438451835781,neutral,main_overlap,posterior_exponent × group
374,-0.1402242515744618,neutral,main_overlap,posterior_exponent × group
375,0.1113184271171363,neutral,main_overlap,posterior_exponent × group
376,0.0224654640236168,neutral,main_overlap,posterior_exponent × group
377,-0.1602728857864435,neutral,main_overlap,posterior_exponent × group
378,-0.188029626106106,neutral,main_overlap,posterior_exponent × group
379,-0.088572520625403,neutral,main_overlap,posterior_exponent × group
380,-0.0131321737095978,neutral,main_overlap,posterior_exponent × group
381,-0.1252393820860124,neutral,main_overlap,posterior_exponent × group
382,-0.0474846549859329,neutral,main_overlap,posterior_exponent × group
383,0.0038098572523303,neutral,main_overlap,posterior_exponent × group
384,-0.0517674925508145,neutral,main_overlap,posterior_exponent × group
385,-0.0854371308794461,neutral,main_overlap,posterior_exponent × group
386,-0.2596759905831667,neutral,main_overlap,posterior_exponent × group
387,-0.1601688355344441,neutral,main_overlap,posterior_exponent × group
388,-0.1323255777377978,neutral,main_overlap,posterior_exponent × group
389,0.0739440334583176,neutral,main_overlap,posterior_exponent × group
390,-0.0016601112983044,neutral,main_overlap,posterior_exponent × group
391,-0.14783824387795,neutral,main_overlap,posterior_exponent × group
392,-0.1039061904830748,neutral,main_overlap,posterior_exponent × group
393,-0.0285688132851727,neutral,main_overlap,posterior_exponent × group
394,-0.1526119791664457,neutral,main_overlap,posterior_exponent × group
395,-0.0392091307981177,neutral,main_overlap,posterior_exponent × group
396,-0.0334565957212099,neutral,main_overlap,posterior_exponent × group
397,-0.0373053894451165,neutral,main_overlap,posterior_exponent × group
398,-0.047654446684912,neutral,main_overlap,posterior_exponent × group
399,-0.1362117559977951,neutral,main_overlap,posterior_exponent × group
400,0.0444545461763748,neutral,main_overlap,posterior_exponent × group
401,0.0274653073664312,neutral,main_overlap,posterior_exponent × group
402,0.0617970364313681,neutral,main_overlap,posterior_exponent × group
403,-0.0986860298874975,neutral,main_overlap,posterior_exponent × group
404,-0.0010387783308053,neutral,main_overlap,posterior_exponent × group
405,-0.1686389375292734,neutral,main_overlap,posterior_exponent × group
406,-0.0010960556061471,neutral,main_overlap,posterior_exponent × group
407,0.0225122683174837,neutral,main_overlap,posterior_exponent × group
408,0.1020873124951714,neutral,main_overlap,posterior_exponent × group
409,-0.0750390316818227,neutral,main_overlap,posterior_exponent × group
410,-0.1356676743259997,neutral,main_overlap,posterior_exponent × group
411,0.0269337664384009,neutral,main_overlap,posterior_exponent × group
412,0.0023452768521326,neutral,main_overlap,posterior_exponent × group
413,-0.1351514023498144,neutral,main_overlap,posterior_exponent × group
414,-0.1063536673189309,neutral,main_overlap,posterior_exponent × group
415,-0.1170287464762405,neutral,main_overlap,posterior_exponent × group
416,-0.0290898448425605,neutral,main_overlap,posterior_exponent × group
417,-0.1300910074384244,neutral,main_overlap,posterior_exponent × group
418,-0.1482264602497368,neutral,main_overlap,posterior_exponent × group
419,-0.0226096001960325,neutral,main_overlap,posterior_exponent × group
420,0.1052306358263941,neutral,main_overlap,posterior_exponent × group
421,0.0295494485869978,neutral,main_overlap,posterior_exponent × group
422,-0.1345196622620778,neutral,main_overlap,posterior_exponent × group
423,-0.0753338039466048,neutral,main_overlap,posterior_exponent × group
424,-0.0539484447017128,neutral,main_overlap,posterior_exponent × group
425,-0.0760539610332967,neutral,main_overlap,posterior_exponent × group
426,-0.0583598221963592,neutral,main_overlap,posterior_exponent × group
427,-0.1448767158958254,neutral,main_overlap,posterior_exponent × group
428,0.0530899637363137,neutral,main_overlap,posterior_exponent × group
429,0.0602692996463415,neutral,main_overlap,posterior_exponent × group
430,0.0907554341048124,neutral,main_overlap,posterior_exponent × group
431,0.0233553315743357,neutral,main_overlap,posterior_exponent × group
432,0.0835630498490122,neutral,main_overlap,posterior_exponent × group
433,-0.0437421071731785,neutral,main_overlap,posterior_exponent × group
434,-0.1213778815214892,neutral,main_overlap,posterior_exponent × group
435,0.0314865753714295,neutral,main_overlap,posterior_exponent × group
436,-0.0428483420751743,neutral,main_overlap,posterior_exponent × group
437,-0.259463593381472,neutral,main_overlap,posterior_exponent × group
438,0.0253475015199553,neutral,main_overlap,posterior_exponent × group
439,-0.0691495091206853,neutral,main_overlap,posterior_exponent × group
440,-0.0557423683064279,neutral,main_overlap,posterior_exponent × group
441,0.0296241414906915,neutral,main_overlap,posterior_exponent × group
442,0.0404012042233115,neutral,main_overlap,posterior_exponent × group
443,-0.0565596666748033,neutral,main_overlap,posterior_exponent × group
444,-0.0221314628349384,neutral,main_overlap,posterior_exponent × group
445,0.1111905566459518,neutral,main_overlap,posterior_exponent × group
446,-0.1310018413640271,neutral,main_overlap,posterior_exponent × group
447,-0.1818336898266051,neutral,main_overlap,posterior_exponent × group
448,-0.0807745609574328,neutral,main_overlap,posterior_exponent × group
449,-0.1316353074052753,neutral,main_overlap,posterior_exponent × group
450,-0.0112539494589023,neutral,main_overlap,posterior_exponent × group
451,-0.0323364127337,neutral,main_overlap,posterior_exponent × group
452,-0.0357618488483089,neutral,main_overlap,posterior_exponent × group
453,0.0015506452107532,neutral,main_overlap,posterior_exponent × group
454,0.0691827233387595,neutral,main_overlap,posterior_exponent × group
455,0.0464549206494907,neutral,main_overlap,posterior_exponent × group
456,-0.1083930445466331,neutral,main_overlap,posterior_exponent × group
457,-0.0341313818119525,neutral,main_overlap,posterior_exponent × group
458,-0.0108723080252012,neutral,main_overlap,posterior_exponent × group
459,-0.0841890788133769,neutral,main_overlap,posterior_exponent × group
460,-0.1528412392700999,neutral,main_overlap,posterior_exponent × group
461,-0.1597501134491044,neutral,main_overlap,posterior_exponent × group
462,0.0604216919788273,neutral,main_overlap,posterior_exponent × group
463,0.1445456753548929,neutral,main_overlap,posterior_exponent × group
464,-0.1734952544068513,neutral,main_overlap,posterior_exponent × group
465,0.1033835976212941,neutral,main_overlap,posterior_exponent × group
466,0.000247861030199,neutral,main_overlap,posterior_exponent × group
467,-0.0483682656146427,neutral,main_overlap,posterior_exponent × group
468,-0.0455149621044449,neutral,main_overlap,posterior_exponent × group
469,0.0528519280781761,neutral,main_overlap,posterior_exponent × group
470,-0.1048419257258956,neutral,main_overlap,posterior_exponent × group
471,-0.006513794226193,neutral,main_overlap,posterior_exponent × group
472,0.0096826537188929,neutral,main_overlap,posterior_exponent × group
473,0.0573635948800174,neutral,main_overlap,posterior_exponent × group
474,0.0487354670088572,neutral,main_overlap,posterior_exponent × group
475,0.0090666337838522,neutral,main_overlap,posterior_exponent × group
476,-0.0269214623224355,neutral,main_overlap,posterior_exponent × group
477,-0.0532940519239985,neutral,main_overlap,posterior_exponent × group
478,0.0687940860983054,neutral,main_overlap,posterior_exponent × group
479,-0.0745060857633769,neutral,main_overlap,posterior_exponent × group
480,-0.0682323109278511,neutral,main_overlap,posterior_exponent × group
481,-0.1141544116091576,neutral,main_overlap,posterior_exponent × group
482,0.0379617741184179,neutral,main_overlap,posterior_exponent × group
483,-0.0078778353183348,neutral,main_overlap,posterior_exponent × group
484,-0.1452600000236039,neutral,main_overlap,posterior_exponent × group
485,-0.1195552928844154,neutral,main_overlap,posterior_exponent × group
486,-0.1198921104395814,neutral,main_overlap,posterior_exponent × group
487,0.0242146164985789,neutral,main_overlap,posterior_exponent × group
488,-0.1437379100299599,neutral,main_overlap,posterior_exponent × group
489,-0.0565892183754674,neutral,main_overlap,posterior_exponent × group
490,-0.0770369222447633,neutral,main_overlap,posterior_exponent × group
491,-0.1698350111051764,neutral,main_overlap,posterior_exponent × group
492,-0.076022482620965,neutral,main_overlap,posterior_exponent × group
493,0.0220201636540646,neutral,main_overlap,posterior_exponent × group
494,0.0332967069069814,neutral,main_overlap,posterior_exponent × group
495,-0.1035584339218518,neutral,main_overlap,posterior_exponent × group
496,0.063523222733733,neutral,main_overlap,posterior_exponent × group
497,-0.0296361163908778,neutral,main_overlap,posterior_exponent × group
498,0.0455979973255501,neutral,main_overlap,posterior_exponent × group
499,-0.0552244561267099,neutral,main_overlap,posterior_exponent × group
500,-0.1777181338919462,neutral,main_overlap,posterior_exponent × group
501,-0.0670281353059597,neutral,main_overlap,posterior_exponent × group
502,-0.1985394605296498,neutral,main_overlap,posterior_exponent × group
503,-0.0599316897935279,neutral,main_overlap,posterior_exponent × group
504,-0.0472750486234272,neutral,main_overlap,posterior_exponent × group
505,-0.1236528804730015,neutral,main_overlap,posterior_exponent × group
506,0.1004866574826865,neutral,main_overlap,posterior_exponent × group
507,-0.1074253055170091,neutral,main_overlap,posterior_exponent × group
508,-0.0506316890116288,neutral,main_overlap,posterior_exponent × group
509,-0.0616414619519928,neutral,main_overlap,posterior_exponent × group
510,-0.1461798084158548,neutral,main_overlap,posterior_exponent × group
511,-0.0559085608857182,neutral,main_overlap,posterior_exponent × group
512,-0.0440819115411242,neutral,main_overlap,posterior_exponent × group
513,0.0319083175572503,neutral,main_overlap,posterior_exponent × group
514,-0.1523218048406404,neutral,main_overlap,posterior_exponent × group
515,-0.0983914948541039,neutral,main_overlap,posterior_exponent × group
516,0.0150788113579759,neutral,main_overlap,posterior_exponent × group
517,0.006012973870693,neutral,main_overlap,posterior_exponent × group
518,-0.041171587896249,neutral,main_overlap,posterior_exponent × group
519,-0.0392749969510865,neutral,main_overlap,posterior_exponent × group
520,-0.0351684289584023,neutral,main_overlap,posterior_exponent × group
521,0.1019587273039523,neutral,main_overlap,posterior_exponent × group
522,0.0527505136097954,neutral,main_overlap,posterior_exponent × group
523,-0.0666367578203525,neutral,main_overlap,posterior_exponent × group
524,0.042376039369931,neutral,main_overlap,posterior_exponent × group
525,-0.0746774414424455,neutral,main_overlap,posterior_exponent × group
526,-0.2071833119003351,neutral,main_overlap,posterior_exponent × group
527,-0.1888174239204733,neutral,main_overlap,posterior_exponent × group
528,-0.1129045406485106,neutral,main_overlap,posterior_exponent × group
529,-0.0299352006153138,neutral,main_overlap,posterior_exponent × group
530,0.1288074379590527,neutral,main_overlap,posterior_exponent × group
531,-0.0923731647023607,neutral,main_overlap,posterior_exponent × group
532,-0.0590926431536279,neutral,main_overlap,posterior_exponent × group
533,-0.0343050287263901,neutral,main_overlap,posterior_exponent × group
534,-0.0708479044416274,neutral,main_overlap,posterior_exponent × group
535,-0.0804254116316144,neutral,main_overlap,posterior_exponent × group
536,-0.0463399291692985,neutral,main_overlap,posterior_exponent × group
537,-0.0202096424739357,neutral,main_overlap,posterior_exponent × group
538,0.0315606444007138,neutral,main_overlap,posterior_exponent × group
539,-0.0380688423669742,neutral,main_overlap,posterior_exponent × group
540,0.0537875387635898,neutral,main_overlap,posterior_exponent × group
541,-0.0439100886802464,neutral,main_overlap,posterior_exponent × group
542,-0.1088719581914161,neutral,main_overlap,posterior_exponent × group
543,-0.1660109735211742,neutral,main_overlap,posterior_exponent × group
544,-0.1404693110582007,neutral,main_overlap,posterior_exponent × group
545,0.0200906622078081,neutral,main_overlap,posterior_exponent × group
546,0.0682206239376131,neutral,main_overlap,posterior_exponent × group
547,-0.0316915135188956,neutral,main_overlap,posterior_exponent × group
548,0.1305581221630132,neutral,main_overlap,posterior_exponent × group
549,-0.0988156522635208,neutral,main_overlap,posterior_exponent × group
550,0.1502028393849137,neutral,main_overlap,posterior_exponent × group
551,-0.0970382674006326,neutral,main_overlap,posterior_exponent × group
552,-0.0461867322700799,neutral,main_overlap,posterior_exponent × group
553,-0.0031956151569734,neutral,main_overlap,posterior_exponent × group
554,-0.1587354057859021,neutral,main_overlap,posterior_exponent × group
555,0.0276298894672832,neutral,main_overlap,posterior_exponent × group
556,0.011456224740152,neutral,main_overlap,posterior_exponent × group
557,-0.0645393578162082,neutral,main_overlap,posterior_exponent × group
558,0.0336230870298062,neutral,main_overlap,posterior_exponent × group
559,0.0179398959110232,neutral,main_overlap,posterior_exponent × group
560,-0.0310867140666473,neutral,main_overlap,posterior_exponent × group
561,-0.0795053921360531,neutral,main_overlap,posterior_exponent × group
562,0.1203317919586092,neutral,main_overlap,posterior_exponent × group
563,-0.1120918649577424,neutral,main_overlap,posterior_exponent × group
564,-0.0449021787469195,neutral,main_overlap,posterior_exponent × group
565,-0.0636537262729627,neutral,main_overlap,posterior_exponent × group
566,0.2302399006385634,neutral,main_overlap,posterior_exponent × group
567,0.0055751607025032,neutral,main_overlap,posterior_exponent × group
568,-0.126659285794651,neutral,main_overlap,posterior_exponent × group
569,-0.0875164560759501,neutral,main_overlap,posterior_exponent × group
570,-0.1099676185154428,neutral,main_overlap,posterior_exponent × group
571,-0.0046984370707336,neutral,main_overlap,posterior_exponent × group
572,-0.0832444254297644,neutral,main_overlap,posterior_exponent × group
573,-0.0550055104363749,neutral,main_overlap,posterior_exponent × group
574,-0.0185437962977645,neutral,main_overlap,posterior_exponent × group
575,0.0138471969401069,neutral,main_overlap,posterior_exponent × group
576,-0.0279395290456903,neutral,main_overlap,posterior_exponent × group
577,-0.0285121030425304,neutral,main_overlap,posterior_exponent × group
578,-0.0789387731061311,neutral,main_overlap,posterior_exponent × group
579,-0.05237554160845,neutral,main_overlap,posterior_exponent × group
580,-0.2348681402752111,neutral,main_overlap,posterior_exponent × group
581,0.0416978326444218,neutral,main_overlap,posterior_exponent × group
582,-0.0784828589951783,neutral,main_overlap,posterior_exponent × group
583,-0.1139070997996931,neutral,main_overlap,posterior_exponent × group
584,-0.1385265709144291,neutral,main_overlap,posterior_exponent × group
585,-0.0983255025547751,neutral,main_overlap,posterior_exponent × group
586,-0.1101177618910487,neutral,main_overlap,posterior_exponent × group
587,-0.1148716985322839,neutral,main_overlap,posterior_exponent × group
588,0.0502469907512592,neutral,main_overlap,posterior_exponent × group
589,-0.1869075551097611,neutral,main_overlap,posterior_exponent × group
590,-0.0318130990460768,neutral,main_overlap,posterior_exponent × group
591,-0.0768393567854152,neutral,main_overlap,posterior_exponent × group
592,0.1065284817291002,neutral,main_overlap,posterior_exponent × group
593,-0.059424235849561,neutral,main_overlap,posterior_exponent × group
594,-0.0978221232522001,neutral,main_overlap,posterior_exponent × group
595,0.008298353156763,neutral,main_overlap,posterior_exponent × group
596,0.0518022307663912,neutral,main_overlap,posterior_exponent × group
597,-0.1356531682045675,neutral,main_overlap,posterior_exponent × group
598,-0.0836452070577431,neutral,main_overlap,posterior_exponent × group
599,0.1628575420860475,neutral,main_overlap,posterior_exponent × group
600,-0.0966441175362189,neutral,main_overlap,posterior_exponent × group
601,-0.0957433834231308,neutral,main_overlap,posterior_exponent × group
602,-0.0357636195450569,neutral,main_overlap,posterior_exponent × group
603,-0.043888105755757,neutral,main_overlap,posterior_exponent × group
604,-0.2025815278098792,neutral,main_overlap,posterior_exponent × group
605,0.1294112658050321,neutral,main_overlap,posterior_exponent × group
606,-0.1027990918289163,neutral,main_overlap,posterior_exponent × group
607,-0.0298114562633095,neutral,main_overlap,posterior_exponent × group
608,0.033840035893173,neutral,main_overlap,posterior_exponent × group
609,0.1428981359417124,neutral,main_overlap,posterior_exponent × group
610,-0.0797925440662506,neutral,main_overlap,posterior_exponent × group
611,-0.0775357285861649,neutral,main_overlap,posterior_exponent × group
612,0.1085170975905597,neutral,main_overlap,posterior_exponent × group
613,0.0406946446129308,neutral,main_overlap,posterior_exponent × group
614,-0.1070475353821764,neutral,main_overlap,posterior_exponent × group
615,0.0216831394623185,neutral,main_overlap,posterior_exponent × group
616,-0.0800565042312187,neutral,main_overlap,posterior_exponent × group
617,-0.1139661040353561,neutral,main_overlap,posterior_exponent × group
618,-0.0304680048451611,neutral,main_overlap,posterior_exponent × group
619,-0.0282656942125873,neutral,main_overlap,posterior_exponent × group
620,-0.0950557247666264,neutral,main_overlap,posterior_exponent × group
621,-0.0770342016831749,neutral,main_overlap,posterior_exponent × group
622,0.1251887652325453,neutral,main_overlap,posterior_exponent × group
623,-0.1168383060341084,neutral,main_overlap,posterior_exponent × group
624,0.078413527380067,neutral,main_overlap,posterior_exponent × group
625,-0.1843164803108893,neutral,main_overlap,posterior_exponent × group
626,-0.0320522923708476,neutral,main_overlap,posterior_exponent × group
627,0.0276443826168409,neutral,main_overlap,posterior_exponent × group
628,-0.0551704397190587,neutral,main_overlap,posterior_exponent × group
629,0.0809770842753448,neutral,main_overlap,posterior_exponent × group
630,-0.0765631140581846,neutral,main_overlap,posterior_exponent × group
631,-0.1183745263218832,neutral,main_overlap,posterior_exponent × group
632,-0.0126793466614037,neutral,main_overlap,posterior_exponent × group
633,-0.0010499157819479,neutral,main_overlap,posterior_exponent × group
634,-0.1117984183578001,neutral,main_overlap,posterior_exponent × group
635,0.0224879058323891,neutral,main_overlap,posterior_exponent × group
636,-0.1452862347107612,neutral,main_overlap,posterior_exponent × group
637,0.0039437531316493,neutral,main_overlap,posterior_exponent × group
638,-0.013686249779246,neutral,main_overlap,posterior_exponent × group
639,0.0199402608607417,neutral,main_overlap,posterior_exponent × group
640,-0.0803652223006224,neutral,main_overlap,posterior_exponent × group
641,-4.668695887906013e-05,neutral,main_overlap,posterior_exponent × group
642,-0.0150887863059903,neutral,main_overlap,posterior_exponent × group
643,-0.1209261616989596,neutral,main_overlap,posterior_exponent × group
644,-0.0388086894849689,neutral,main_overlap,posterior_exponent × group
645,-0.0060435321428466,neutral,main_overlap,posterior_exponent × group
646,-0.0618373931303934,neutral,main_overlap,posterior_exponent × group
647,-0.182146753460224,neutral,main_overlap,posterior_exponent × group
648,0.0277566854834199,neutral,main_overlap,posterior_exponent × group
649,-0.1265764555640658,neutral,main_overlap,posterior_exponent × group
650,-0.0526212122354226,neutral,main_overlap,posterior_exponent × group
651,-0.2270927417203627,neutral,main_overlap,posterior_exponent × group
652,0.1223897341647454,neutral,main_overlap,posterior_exponent × group
653,0.0870921172288015,neutral,main_overlap,posterior_exponent × group
654,-0.0457700467265258,neutral,main_overlap,posterior_exponent × group
655,0.0560307538139766,neutral,main_overlap,posterior_exponent × group
656,0.0728660303676587,neutral,main_overlap,posterior_exponent × group
657,-0.1329500032453489,neutral,main_overlap,posterior_exponent × group
658,-0.1668102128729651,neutral,main_overlap,posterior_exponent × group
659,-0.122046720377486,neutral,main_overlap,posterior_exponent × group
660,-0.2129482957381733,neutral,main_overlap,posterior_exponent × group
661,-0.0940998298592842,neutral,main_overlap,posterior_exponent × group
662,-0.0368291515230762,neutral,main_overlap,posterior_exponent × group
663,-0.0466216886468893,neutral,main_overlap,posterior_exponent × group
664,-0.0747545517994471,neutral,main_overlap,posterior_exponent × group
665,0.0090985691003322,neutral,main_overlap,posterior_exponent × group
666,-0.0883873530676656,neutral,main_overlap,posterior_exponent × group
667,-0.0153628247242996,neutral,main_overlap,posterior_exponent × group
668,-0.0534504378521281,neutral,main_overlap,posterior_exponent × group
669,-0.0166296086784437,neutral,main_overlap,posterior_exponent × group
670,-0.1066251609442048,neutral,main_overlap,posterior_exponent × group
671,0.0706267751522796,neutral,main_overlap,posterior_exponent × group
672,-0.0715955156164644,neutral,main_overlap,posterior_exponent × group
673,-0.1184469048256164,neutral,main_overlap,posterior_exponent × group
674,-0.1515740274596526,neutral,main_overlap,posterior_exponent × group
675,-0.111487612179488,neutral,main_overlap,posterior_exponent × group
676,-0.0429896671009914,neutral,main_overlap,posterior_exponent × group
677,-0.024945066371684,neutral,main_overlap,posterior_exponent × group
678,0.0936361098387892,neutral,main_overlap,posterior_exponent × group
679,0.0217393438485967,neutral,main_overlap,posterior_exponent × group
680,-0.027490673796264,neutral,main_overlap,posterior_exponent × group
681,0.0107548957431112,neutral,main_overlap,posterior_exponent × group
682,0.0477371401415661,neutral,main_overlap,posterior_exponent × group
683,0.0633049773908549,neutral,main_overlap,posterior_exponent × group
684,0.0065141659719125,neutral,main_overlap,posterior_exponent × group
685,-0.0408655687682513,neutral,main_overlap,posterior_exponent × group
686,-0.129843001324477,neutral,main_overlap,posterior_exponent × group
687,-0.0676067237223753,neutral,main_overlap,posterior_exponent × group
688,0.0998951672440654,neutral,main_overlap,posterior_exponent × group
689,0.0057479967726842,neutral,main_overlap,posterior_exponent × group
690,-0.1377770279072693,neutral,main_overlap,posterior_exponent × group
691,-0.0751761976284201,neutral,main_overlap,posterior_exponent × group
692,-0.085174222519963,neutral,main_overlap,posterior_exponent × group
693,0.0494046988016506,neutral,main_overlap,posterior_exponent × group
694,-0.0281960255217587,neutral,main_overlap,posterior_exponent × group
695,-0.0652369189046161,neutral,main_overlap,posterior_exponent × group
696,-0.0200850779045312,neutral,main_overlap,posterior_exponent × group
697,-0.0974629753254316,neutral,main_overlap,posterior_exponent × group
698,-0.0409107946161029,neutral,main_overlap,posterior_exponent × group
699,0.0208807933367725,neutral,main_overlap,posterior_exponent × group
700,-0.0929186024325129,neutral,main_overlap,posterior_exponent × group
701,-0.0399441979254788,neutral,main_overlap,posterior_exponent × group
702,-0.0557305301303159,neutral,main_overlap,posterior_exponent × group
703,-0.2010705819812714,neutral,main_overlap,posterior_exponent × group
704,-0.1036456171587991,neutral,main_overlap,posterior_exponent × group
705,-0.1627808645260957,neutral,main_overlap,posterior_exponent × group
706,-0.0303818806148455,neutral,main_overlap,posterior_exponent × group
707,-0.164722553379835,neutral,main_overlap,posterior_exponent × group
708,0.051252956620605,neutral,main_overlap,posterior_exponent × group
709,-0.1481249265644415,neutral,main_overlap,posterior_exponent × group
710,-0.0942585276691292,neutral,main_overlap,posterior_exponent × group
711,-0.0458491072684239,neutral,main_overlap,posterior_exponent × group
712,-0.0674311927338517,neutral,main_overlap,posterior_exponent × group
713,0.106426971031225,neutral,main_overlap,posterior_exponent × group
714,-0.0220602235144622,neutral,main_overlap,posterior_exponent × group
715,0.0728417653650062,neutral,main_overlap,posterior_exponent × group
716,0.0314762706454335,neutral,main_overlap,posterior_exponent × group
717,-0.0706571651386186,neutral,main_overlap,posterior_exponent × group
718,-0.0517239005980008,neutral,main_overlap,posterior_exponent × group
719,-0.0999751612109277,neutral,main_overlap,posterior_exponent × group
720,0.0074652484150247,neutral,main_overlap,posterior_exponent × group
721,-0.2948017926373658,neutral,main_overlap,posterior_exponent × group
722,0.0548584576537,neutral,main_overlap,posterior_exponent × group
723,0.0262135394044252,neutral,main_overlap,posterior_exponent × group
724,0.0230646617241741,neutral,main_overlap,posterior_exponent × group
725,-0.0389193252007447,neutral,main_overlap,posterior_exponent × group
726,-0.0324890629875935,neutral,main_overlap,posterior_exponent × group
727,-0.1243173375972136,neutral,main_overlap,posterior_exponent × group
728,-0.1053335885440134,neutral,main_overlap,posterior_exponent × group
729,-0.0060873088872227,neutral,main_overlap,posterior_exponent × group
730,-0.1560654761585744,neutral,main_overlap,posterior_exponent × group
731,-0.0576455816999832,neutral,main_overlap,posterior_exponent × group
732,-0.0568998181950755,neutral,main_overlap,posterior_exponent × group
733,-0.106506045817171,neutral,main_overlap,posterior_exponent × group
734,0.0036692854067727,neutral,main_overlap,posterior_exponent × group
735,0.0464618575751146,neutral,main_overlap,posterior_exponent × group
736,-0.0115014421396319,neutral,main_overlap,posterior_exponent × group
737,0.0671255168085049,neutral,main_overlap,posterior_exponent × group
738,-0.0516780563100702,neutral,main_overlap,posterior_exponent × group
739,-0.0841817342833124,neutral,main_overlap,posterior_exponent × group
740,-0.0192084735670461,neutral,main_overlap,posterior_exponent × group
741,-0.0454366033635214,neutral,main_overlap,posterior_exponent × group
742,-0.1273283409083822,neutral,main_overlap,posterior_exponent × group
743,-0.1091743984463065,neutral,main_overlap,posterior_exponent × group
744,-0.0787175586022699,neutral,main_overlap,posterior_exponent × group
745,-0.2108999616879163,neutral,main_overlap,posterior_exponent × group
746,-0.0771845370075367,neutral,main_overlap,posterior_exponent × group
747,0.0059810454429213,neutral,main_overlap,posterior_exponent × group
748,-0.0708552855394714,neutral,main_overlap,posterior_exponent × group
749,-0.0013760601358378,neutral,main_overlap,posterior_exponent × group
750,0.1186023362915876,neutral,main_overlap,posterior_exponent × group
751,-0.0802187643837028,neutral,main_overlap,posterior_exponent × group
752,-0.0026276806018981,neutral,main_overlap,posterior_exponent × group
753,-0.0537832026509921,neutral,main_overlap,posterior_exponent × group
754,0.0149665116402431,neutral,main_overlap,posterior_exponent × group
755,0.0048918920250129,neutral,main_overlap,posterior_exponent × group
756,0.0254452783329718,neutral,main_overlap,posterior_exponent × group
757,-0.2333555120486878,neutral,main_overlap,posterior_exponent × group
758,0.0863342853820911,neutral,main_overlap,posterior_exponent × group
759,0.0327264422704028,neutral,main_overlap,posterior_exponent × group
760,-0.0325440673000116,neutral,main_overlap,posterior_exponent × group
761,-0.190868413315616,neutral,main_overlap,posterior_exponent × group
762,-0.0877951085200287,neutral,main_overlap,posterior_exponent × group
763,-0.15561622591498,neutral,main_overlap,posterior_exponent × group
764,-0.0126068470766719,neutral,main_overlap,posterior_exponent × group
765,-0.0414065741394797,neutral,main_overlap,posterior_exponent × group
766,-0.0748322136614767,neutral,main_overlap,posterior_exponent × group
767,-0.1428509259269434,neutral,main_overlap,posterior_exponent × group
768,0.0116853057333926,neutral,main_overlap,posterior_exponent × group
769,0.0569940224154834,neutral,main_overlap,posterior_exponent × group
770,-0.0279945016831171,neutral,main_overlap,posterior_exponent × group
771,0.0117911929598815,neutral,main_overlap,posterior_exponent × group
772,-0.0472045037796212,neutral,main_overlap,posterior_exponent × group
773,-0.1000639997790068,neutral,main_overlap,posterior_exponent × group
774,0.0294027758580188,neutral,main_overlap,posterior_exponent × group
775,0.1033387645446423,neutral,main_overlap,posterior_exponent × group
776,-0.0792126511674607,neutral,main_overlap,posterior_exponent × group
777,-0.1289332273032398,neutral,main_overlap,posterior_exponent × group
778,-0.1150491725988871,neutral,main_overlap,posterior_exponent × group
779,-0.115151285678458,neutral,main_overlap,posterior_exponent × group
780,-0.0281529121889808,neutral,main_overlap,posterior_exponent × group
781,-0.0486421590235585,neutral,main_overlap,posterior_exponent × group
782,-0.2034987248691884,neutral,main_overlap,posterior_exponent × group
783,-0.0211059558131337,neutral,main_overlap,posterior_exponent × group
784,-0.1409508822427523,neutral,main_overlap,posterior_exponent × group
785,-0.0039044392519152,neutral,main_overlap,posterior_exponent × group
786,0.042216466059363,neutral,main_overlap,posterior_exponent × group
787,0.045894780160271,neutral,main_overlap,posterior_exponent × group
788,-0.1933981272380528,neutral,main_overlap,posterior_exponent × group
789,0.0648957384618365,neutral,main_overlap,posterior_exponent × group
790,0.0627148554545359,neutral,main_overlap,posterior_exponent × group
791,-0.0937702939480914,neutral,main_overlap,posterior_exponent × group
792,0.0450410417317262,neutral,main_overlap,posterior_exponent × group
793,-0.051140660229007,neutral,main_overlap,posterior_exponent × group
794,-0.0810614503142147,neutral,main_overlap,posterior_exponent × group
795,-0.0774005656647442,neutral,main_overlap,posterior_exponent × group
796,-0.0961211311742043,neutral,main_overlap,posterior_exponent × group
797,0.078011280556037,neutral,main_overlap,posterior_exponent × group
798,-0.1270084922087128,neutral,main_overlap,posterior_exponent × group
799,0.0095624166384709,neutral,main_overlap,posterior_exponent × group
800,0.0337881742670727,neutral,main_overlap,posterior_exponent × group
801,-0.1823626948669515,neutral,main_overlap,posterior_exponent × group
802,-0.0862917822974233,neutral,main_overlap,posterior_exponent × group
803,-0.0772615182156406,neutral,main_overlap,posterior_exponent × group
804,0.0041489327466236,neutral,main_overlap,posterior_exponent × group
805,0.0250281860660317,neutral,main_overlap,posterior_exponent × group
806,-0.000307856603058,neutral,main_overlap,posterior_exponent × group
807,0.093608541101725,neutral,main_overlap,posterior_exponent × group
808,-0.114118615054351,neutral,main_overlap,posterior_exponent × group
809,-0.1005973611826704,neutral,main_overlap,posterior_exponent × group
810,-0.064359827183268,neutral,main_overlap,posterior_exponent × group
811,-0.0435132726036826,neutral,main_overlap,posterior_exponent × group
812,-0.0876135202153724,neutral,main_overlap,posterior_exponent × group
813,0.0340715064098224,neutral,main_overlap,posterior_exponent × group
814,-0.0143754301554897,neutral,main_overlap,posterior_exponent × group
815,-0.0162027565846432,neutral,main_overlap,posterior_exponent × group
816,-0.1834149155996314,neutral,main_overlap,posterior_exponent × group
817,0.0710505917088136,neutral,main_overlap,posterior_exponent × group
818,-0.0641980005351741,neutral,main_overlap,posterior_exponent × group
819,-0.2450491464876076,neutral,main_overlap,posterior_exponent × group
820,-0.0116999175804703,neutral,main_overlap,posterior_exponent × group
821,-0.1316565635261743,neutral,main_overlap,posterior_exponent × group
822,0.0863763824615661,neutral,main_overlap,posterior_exponent × group
823,-0.1429937988737688,neutral,main_overlap,posterior_exponent × group
824,-0.0710927663716639,neutral,main_overlap,posterior_exponent × group
825,-0.0892080316844977,neutral,main_overlap,posterior_exponent × group
826,-0.0423405991058953,neutral,main_overlap,posterior_exponent × group
827,-0.1837626593828424,neutral,main_overlap,posterior_exponent × group
828,-0.0832725628626382,neutral,main_overlap,posterior_exponent × group
829,0.066534376070714,neutral,main_overlap,posterior_exponent × group
830,-0.0159814713153896,neutral,main_overlap,posterior_exponent × group
831,-0.0715750536366716,neutral,main_overlap,posterior_exponent × group
832,-0.1105086915824575,neutral,main_overlap,posterior_exponent × group
833,-0.0879862928839172,neutral,main_overlap,posterior_exponent × group
834,0.1304871672247511,neutral,main_overlap,posterior_exponent × group
835,-0.1013485415899356,neutral,main_overlap,posterior_exponent × group
836,-0.0858691990950572,neutral,main_overlap,posterior_exponent × group
837,0.0489681063932082,neutral,main_overlap,posterior_exponent × group
838,-0.0911470630717014,neutral,main_overlap,posterior_exponent × group
839,-0.0397538400407403,neutral,main_overlap,posterior_exponent × group
840,-0.2373004154058362,neutral,main_overlap,posterior_exponent × group
841,-0.0868348247886064,neutral,main_overlap,posterior_exponent × group
842,-0.1170467704870448,neutral,main_overlap,posterior_exponent × group
843,0.0292723198184796,neutral,main_overlap,posterior_exponent × group
844,0.0073292265546644,neutral,main_overlap,posterior_exponent × group
845,-0.1112883458814367,neutral,main_overlap,posterior_exponent × group
846,-0.1408660590578192,neutral,main_overlap,posterior_exponent × group
847,-0.1175754531289911,neutral,main_overlap,posterior_exponent × group
848,0.0578916555202749,neutral,main_overlap,posterior_exponent × group
849,-0.0196813158248723,neutral,main_overlap,posterior_exponent × group
850,-0.1329757226831923,neutral,main_overlap,posterior_exponent × group
851,0.0833136128802693,neutral,main_overlap,posterior_exponent × group
852,-0.0655743992190776,neutral,main_overlap,posterior_exponent × group
853,-0.063159802142938,neutral,main_overlap,posterior_exponent × group
854,0.0254435902736081,neutral,main_overlap,posterior_exponent × group
855,0.0484575068955606,neutral,main_overlap,posterior_exponent × group
856,-0.0511269862687368,neutral,main_overlap,posterior_exponent × group
857,-0.1128378577347563,neutral,main_overlap,posterior_exponent × group
858,-0.0391368900356442,neutral,main_overlap,posterior_exponent × group
859,0.0010522208526241,neutral,main_overlap,posterior_exponent × group
860,-0.0575270509162409,neutral,main_overlap,posterior_exponent × group
861,0.0297266695245855,neutral,main_overlap,posterior_exponent × group
862,-0.0042454296340819,neutral,main_overlap,posterior_exponent × group
863,0.0272168274161911,neutral,main_overlap,posterior_exponent × group
864,-0.1107962269567738,neutral,main_overlap,posterior_exponent × group
865,-0.0017569692306585,neutral,main_overlap,posterior_exponent × group
866,-0.2029906844091726,neutral,main_overlap,posterior_exponent × group
867,-0.0851485157471262,neutral,main_overlap,posterior_exponent × group
868,-0.0897950256749048,neutral,main_overlap,posterior_exponent × group
869,-0.0374479422675618,neutral,main_overlap,posterior_exponent × group
870,0.0059817285986836,neutral,main_overlap,posterior_exponent × group
871,-0.0374737359225953,neutral,main_overlap,posterior_exponent × group
872,-0.0576420247068246,neutral,main_overlap,posterior_exponent × group
873,-0.0225480231384275,neutral,main_overlap,posterior_exponent × group
874,-0.1031432652639567,neutral,main_overlap,posterior_exponent × group
875,-0.2478304145854608,neutral,main_overlap,posterior_exponent × group
876,-0.0104239074131288,neutral,main_overlap,posterior_exponent × group
877,-0.1392045089082166,neutral,main_overlap,posterior_exponent × group
878,0.0064612877328963,neutral,main_overlap,posterior_exponent × group
879,-0.0827574073857482,neutral,main_overlap,posterior_exponent × group
880,-0.0677547305794975,neutral,main_overlap,posterior_exponent × group
881,-0.1533422635089379,neutral,main_overlap,posterior_exponent × group
882,0.0501209145142487,neutral,main_overlap,posterior_exponent × group
883,-0.1195860867015971,neutral,main_overlap,posterior_exponent × group
884,-0.091576692221709,neutral,main_overlap,posterior_exponent × group
885,-0.0561312865253975,neutral,main_overlap,posterior_exponent × group
886,-0.1151381661317014,neutral,main_overlap,posterior_exponent × group
887,-0.051714147143073,neutral,main_overlap,posterior_exponent × group
888,-0.0200353215961832,neutral,main_overlap,posterior_exponent × group
889,0.02634077621017,neutral,main_overlap,posterior_exponent × group
890,-0.177277831742006,neutral,main_overlap,posterior_exponent × group
891,-0.0925465477822526,neutral,main_overlap,posterior_exponent × group
892,-0.0485911628029944,neutral,main_overlap,posterior_exponent × group
893,0.0013630493821497,neutral,main_overlap,posterior_exponent × group
894,-0.0528265313712658,neutral,main_overlap,posterior_exponent × group
895,-0.0391607370526927,neutral,main_overlap,posterior_exponent × group
896,-0.1035706627656608,neutral,main_overlap,posterior_exponent × group
897,0.05222592869315,neutral,main_overlap,posterior_exponent × group
898,0.0026445293869883,neutral,main_overlap,posterior_exponent × group
899,-0.0098059235747786,neutral,main_overlap,posterior_exponent × group
900,-0.0125492690680698,neutral,main_overlap,posterior_exponent × group
901,0.0187702704478701,neutral,main_overlap,posterior_exponent × group
902,-0.0265262395879361,neutral,main_overlap,posterior_exponent × group
903,0.0149774108310669,neutral,main_overlap,posterior_exponent × group
904,-0.0712094543883619,neutral,main_overlap,posterior_exponent × group
905,-0.1067490752421581,neutral,main_overlap,posterior_exponent × group
906,0.0377419493949423,neutral,main_overlap,posterior_exponent × group
907,-0.0379563283694149,neutral,main_overlap,posterior_exponent × group
908,-0.1135554046298774,neutral,main_overlap,posterior_exponent × group
909,-0.062289897083147,neutral,main_overlap,posterior_exponent × group
910,-0.0434056511892527,neutral,main_overlap,posterior_exponent × group
911,0.0646068191771678,neutral,main_overlap,posterior_exponent × group
912,0.0033284835284629,neutral,main_overlap,posterior_exponent × group
913,-0.001143341578906,neutral,main_overlap,posterior_exponent × group
914,-0.0859739691884918,neutral,main_overlap,posterior_exponent × group
915,-0.1202144209686378,neutral,main_overlap,posterior_exponent × group
916,-0.1090748841042046,neutral,main_overlap,posterior_exponent × group
917,-0.3030646869958755,neutral,main_overlap,posterior_exponent × group
918,-0.0224152880694018,neutral,main_overlap,posterior_exponent × group
919,-0.045482383752313,neutral,main_overlap,posterior_exponent × group
920,-0.2589343337567355,neutral,main_overlap,posterior_exponent × group
921,-0.0393835611847663,neutral,main_overlap,posterior_exponent × group
922,-0.1394140264892964,neutral,main_overlap,posterior_exponent × group
923,-0.0412874569578713,neutral,main_overlap,posterior_exponent × group
924,-0.1328671018166849,neutral,main_overlap,posterior_exponent × group
925,-0.0996414098171157,neutral,main_overlap,posterior_exponent × group
926,0.1996552034490553,neutral,main_overlap,posterior_exponent × group
927,-0.0607336837837877,neutral,main_overlap,posterior_exponent × group
928,-0.0531677487264436,neutral,main_overlap,posterior_exponent × group
929,-0.0692692642393194,neutral,main_overlap,posterior_exponent × group
930,0.0437785063209518,neutral,main_overlap,posterior_exponent × group
931,-0.0199207812241922,neutral,main_overlap,posterior_exponent × group
932,-0.1425828482641202,neutral,main_overlap,posterior_exponent × group
933,-0.0100652508176251,neutral,main_overlap,posterior_exponent × group
934,-0.033800082426317,neutral,main_overlap,posterior_exponent × group
935,-0.0900598583792467,neutral,main_overlap,posterior_exponent × group
936,0.030142883681332,neutral,main_overlap,posterior_exponent × group
937,-0.1349647142118136,neutral,main_overlap,posterior_exponent × group
938,-0.1661340053002701,neutral,main_overlap,posterior_exponent × group
939,-0.1211351786434998,neutral,main_overlap,posterior_exponent × group
940,-0.0456283727851943,neutral,main_overlap,posterior_exponent × group
941,-0.2233718486494895,neutral,main_overlap,posterior_exponent × group
942,0.0663703906738412,neutral,main_overlap,posterior_exponent × group
943,-0.0963545726926532,neutral,main_overlap,posterior_exponent × group
944,0.0830138976244949,neutral,main_overlap,posterior_exponent × group
945,-0.0283016704886141,neutral,main_overlap,posterior_exponent × group
946,-0.0461767787543868,neutral,main_overlap,posterior_exponent × group
947,0.0324601204437361,neutral,main_overlap,posterior_exponent × group
948,-0.1397426532823428,neutral,main_overlap,posterior_exponent × group
949,0.0075751629550297,neutral,main_overlap,posterior_exponent × group
950,-0.0926956130629939,neutral,main_overlap,posterior_exponent × group
951,0.0336375983268769,neutral,main_overlap,posterior_exponent × group
952,-0.03350331210623,neutral,main_overlap,posterior_exponent × group
953,0.0607486070689021,neutral,main_overlap,posterior_exponent × group
954,0.0188549707978099,neutral,main_overlap,posterior_exponent × group
955,-0.1500696962214724,neutral,main_overlap,posterior_exponent × group
956,-0.0758535998537864,neutral,main_overlap,posterior_exponent × group
957,-0.0702391456923402,neutral,main_overlap,posterior_exponent × group
958,-0.1439763906319325,neutral,main_overlap,posterior_exponent × group
959,-0.1980838831553993,neutral,main_overlap,posterior_exponent × group
960,-0.060549565040583,neutral,main_overlap,posterior_exponent × group
961,-0.0605317615637165,neutral,main_overlap,posterior_exponent × group
962,-0.1305800565464384,neutral,main_overlap,posterior_exponent × group
963,-0.0808286166593122,neutral,main_overlap,posterior_exponent × group
964,-0.0857634457631151,neutral,main_overlap,posterior_exponent × group
965,-0.124728105981237,neutral,main_overlap,posterior_exponent × group
966,0.0194034536976503,neutral,main_overlap,posterior_exponent × group
967,-0.1193308177703873,neutral,main_overlap,posterior_exponent × group
968,-0.1041811628193352,neutral,main_overlap,posterior_exponent × group
969,-0.0054039235998569,neutral,main_overlap,posterior_exponent × group
970,-0.1320674053274325,neutral,main_overlap,posterior_exponent × group
971,-0.1384337803607663,neutral,main_overlap,posterior_exponent × group
972,0.0078953599090424,neutral,main_overlap,posterior_exponent × group
973,-0.0721099122892743,neutral,main_overlap,posterior_exponent × group
974,-0.0133102203859065,neutral,main_overlap,posterior_exponent × group
975,0.0402670998157745,neutral,main_overlap,posterior_exponent × group
976,-0.0506996702394683,neutral,main_overlap,posterior_exponent × group
977,0.0169139635680398,neutral,main_overlap,posterior_exponent × group
978,-0.0924507077235346,neutral,main_overlap,posterior_exponent × group
979,-0.0722592391188098,neutral,main_overlap,posterior_exponent × group
980,-0.1577856655416064,neutral,main_overlap,posterior_exponent × group
981,-0.088437213075966,neutral,main_overlap,posterior_exponent × group
982,0.0181784561583466,neutral,main_overlap,posterior_exponent × group
983,0.03054729876764,neutral,main_overlap,posterior_exponent × group
984,-0.1601643536562178,neutral,main_overlap,posterior_exponent × group
985,0.0545384118531327,neutral,main_overlap,posterior_exponent × group
986,-0.0927409654134368,neutral,main_overlap,posterior_exponent × group
987,-0.0152122876423386,neutral,main_overlap,posterior_exponent × group
988,0.0802250666910456,neutral,main_overlap,posterior_exponent × group
989,-0.0217789599443085,neutral,main_overlap,posterior_exponent × group
990,-0.0942133583115766,neutral,main_overlap,posterior_exponent × group
991,-0.0243071438889782,neutral,main_overlap,posterior_exponent × group
992,-0.1981470858341739,neutral,main_overlap,posterior_exponent × group
993,-0.0246216069725299,neutral,main_overlap,posterior_exponent × group
994,-0.1645901186607298,neutral,main_overlap,posterior_exponent × group
995,-0.0600798495769432,neutral,main_overlap,posterior_exponent × group
996,0.1036511279198626,neutral,main_overlap,posterior_exponent × group
997,-0.1109470543249471,neutral,main_overlap,posterior_exponent × group
998,-0.1279939125027366,neutral,main_overlap,posterior_exponent × group
999,-0.0045291981796955,neutral,main_overlap,posterior_exponent × group
1000,-0.0713423613648726,neutral,main_overlap,posterior_exponent × group
1001,0.0055692572074242,neutral,main_overlap,posterior_exponent × group
1002,-0.0728030054580705,neutral,main_overlap,posterior_exponent × group
1003,-0.0829366294144379,neutral,main_overlap,posterior_exponent × group
1004,-0.0278304917109161,neutral,main_overlap,posterior_exponent × group
1005,-0.0666419906669664,neutral,main_overlap,posterior_exponent × group
1006,-0.216701734711671,neutral,main_overlap,posterior_exponent × group
1007,-0.2204529898352652,neutral,main_overlap,posterior_exponent × group
1008,-0.0545901679958871,neutral,main_overlap,posterior_exponent × group
1009,-0.0510321701392274,neutral,main_overlap,posterior_exponent × group
1010,-0.0490849788589944,neutral,main_overlap,posterior_exponent × group
1011,0.0069650060891052,neutral,main_overlap,posterior_exponent × group
1012,-0.0898098272020372,neutral,main_overlap,posterior_exponent × group
1013,-0.0343150114410677,neutral,main_overlap,posterior_exponent × group
1014,-0.1988845963633482,neutral,main_overlap,posterior_exponent × group
1015,-0.1900581259822844,neutral,main_overlap,posterior_exponent × group
1016,-0.0408704314474881,neutral,main_overlap,posterior_exponent × group
1017,0.0922509373519954,neutral,main_overlap,posterior_exponent × group
1018,0.0113938073302196,neutral,main_overlap,posterior_exponent × group
1019,-0.0375602167308891,neutral,main_overlap,posterior_exponent × group
1020,-0.1144733303914984,neutral,main_overlap,posterior_exponent × group
1021,-0.0201598167765565,neutral,main_overlap,posterior_exponent × group
1022,-0.0009254598232387,neutral,main_overlap,posterior_exponent × group
1023,-0.0182118578703579,neutral,main_overlap,posterior_exponent × group
1024,-0.0281705839536562,neutral,main_overlap,posterior_exponent × group
1025,-0.0202173736349238,neutral,main_overlap,posterior_exponent × group
1026,-0.1102872598480233,neutral,main_overlap,posterior_exponent × group
1027,-0.131623632686022,neutral,main_overlap,posterior_exponent × group
1028,-0.0263527471527975,neutral,main_overlap,posterior_exponent × group
1029,-0.0373115553010788,neutral,main_overlap,posterior_exponent × group
1030,-0.0515438073272243,neutral,main_overlap,posterior_exponent × group
1031,0.0732488845292807,neutral,main_overlap,posterior_exponent × group
1032,0.0823535026375263,neutral,main_overlap,posterior_exponent × group
1033,0.0107794165695529,neutral,main_overlap,posterior_exponent × group
1034,-0.0413157166853222,neutral,main_overlap,posterior_exponent × group
1035,-0.1046928212589491,neutral,main_overlap,posterior_exponent × group
1036,-0.1190289812405236,neutral,main_overlap,posterior_exponent × group
1037,-0.0036314158183423,neutral,main_overlap,posterior_exponent × group
1038,-0.1167799910008277,neutral,main_overlap,posterior_exponent × group
1039,-0.1197340799067233,neutral,main_overlap,posterior_exponent × group
1040,0.0531269934815264,neutral,main_overlap,posterior_exponent × group
1041,-0.0303479476995535,neutral,main_overlap,posterior_exponent × group
1042,-0.0634058770516794,neutral,main_overlap,posterior_exponent × group
1043,-0.1014210262157596,neutral,main_overlap,posterior_exponent × group
1044,-0.1752005581793155,neutral,main_overlap,posterior_exponent × group
1045,-0.1156773150886872,neutral,main_overlap,posterior_exponent × group
1046,-0.1103410966471818,neutral,main_overlap,posterior_exponent × group
1047,0.0210361738649933,neutral,main_overlap,posterior_exponent × group
1048,-0.2603617804038388,neutral,main_overlap,posterior_exponent × group
1049,-0.017259505997218,neutral,main_overlap,posterior_exponent × group
1050,-0.3136504200104423,neutral,main_overlap,posterior_exponent × group
1051,-0.1359425709824875,neutral,main_overlap,posterior_exponent × group
1052,-0.1087888965016016,neutral,main_overlap,posterior_exponent × group
1053,-0.0145885670096234,neutral,main_overlap,posterior_exponent × group
1054,-0.1130834483483245,neutral,main_overlap,posterior_exponent × group
1055,0.0795823977928555,neutral,main_overlap,posterior_exponent × group
1056,-0.0412836686189149,neutral,main_overlap,posterior_exponent × group
1057,-0.1011368315432431,neutral,main_overlap,posterior_exponent × group
1058,-0.0314283720757853,neutral,main_overlap,posterior_exponent × group
1059,0.1164428087829581,neutral,main_overlap,posterior_exponent × group
1060,0.0893920532704505,neutral,main_overlap,posterior_exponent × group
1061,-0.0891056058636068,neutral,main_overlap,posterior_exponent × group
1062,0.0038509389065909,neutral,main_overlap,posterior_exponent × group
1063,0.03380264257692,neutral,main_overlap,posterior_exponent × group
1064,-0.0528328298710929,neutral,main_overlap,posterior_exponent × group
1065,0.1094052478242214,neutral,main_overlap,posterior_exponent × group
1066,-0.0103175730948988,neutral,main_overlap,posterior_exponent × group
1067,-0.0259022700442775,neutral,main_overlap,posterior_exponent × group
1068,-0.0510717049876477,neutral,main_overlap,posterior_exponent × group
1069,-0.0052615988496707,neutral,main_overlap,posterior_exponent × group
1070,0.1241790972791675,neutral,main_overlap,posterior_exponent × group
1071,0.1126451158573387,neutral,main_overlap,posterior_exponent × group
1072,-0.0123770076383946,neutral,main_overlap,posterior_exponent × group
1073,-0.0602666568019318,neutral,main_overlap,posterior_exponent × group
1074,-0.0685374323573994,neutral,main_overlap,posterior_exponent × group
1075,-0.0518111538543485,neutral,main_overlap,posterior_exponent × group
1076,-0.0199385201574179,neutral,main_overlap,posterior_exponent × group
1077,-0.0298426923117384,neutral,main_overlap,posterior_exponent × group
1078,-0.0590547446925169,neutral,main_overlap,posterior_exponent × group
1079,-0.0951723889380883,neutral,main_overlap,posterior_exponent × group
1080,-0.0400282982809411,neutral,main_overlap,posterior_exponent × group
1081,0.0225172450315178,neutral,main_overlap,posterior_exponent × group
1082,-0.0155457984092477,neutral,main_overlap,posterior_exponent × group
1083,-0.0619767418502663,neutral,main_overlap,posterior_exponent × group
1084,-0.1905932737649086,neutral,main_overlap,posterior_exponent × group
1085,-0.1286070395432498,neutral,main_overlap,posterior_exponent × group
1086,0.0205397944424657,neutral,main_overlap,posterior_exponent × group
1087,-0.1166911164656196,neutral,main_overlap,posterior_exponent × group
1088,-0.0240200114419057,neutral,main_overlap,posterior_exponent × group
1089,-0.2163430154310129,neutral,main_overlap,posterior_exponent × group
1090,-0.1185934918023386,neutral,main_overlap,posterior_exponent × group
1091,-0.1219312154201184,neutral,main_overlap,posterior_exponent × group
1092,0.0313990792182911,neutral,main_overlap,posterior_exponent × group
1093,0.0471634041094727,neutral,main_overlap,posterior_exponent × group
1094,-0.0527243596548139,neutral,main_overlap,posterior_exponent × group
1095,0.1057725348275415,neutral,main_overlap,posterior_exponent × group
1096,-0.0004574871370803,neutral,main_overlap,posterior_exponent × group
1097,-0.0483787951408447,neutral,main_overlap,posterior_exponent × group
1098,0.0949168571902658,neutral,main_overlap,posterior_exponent × group
1099,0.0077168253106726,neutral,main_overlap,posterior_exponent × group
1100,-0.1060938022872188,neutral,main_overlap,posterior_exponent × group
1101,0.1700794394521237,neutral,main_overlap,posterior_exponent × group
1102,-0.1165497078327919,neutral,main_overlap,posterior_exponent × group
1103,0.0384501831464219,neutral,main_overlap,posterior_exponent × group
1104,-0.1234023955973538,neutral,main_overlap,posterior_exponent × group
1105,0.1235683825592013,neutral,main_overlap,posterior_exponent × group
1106,-0.105795240668695,neutral,main_overlap,posterior_exponent × group
1107,-0.0626872807284583,neutral,main_overlap,posterior_exponent × group
1108,-0.1824607138449126,neutral,main_overlap,posterior_exponent × group
1109,-0.1389463875751194,neutral,main_overlap,posterior_exponent × group
1110,-0.1230472553596943,neutral,main_overlap,posterior_exponent × group
1111,-0.1150488343390484,neutral,main_overlap,posterior_exponent × group
1112,-0.0573237306916516,neutral,main_overlap,posterior_exponent × group
1113,0.0022956882943486,neutral,main_overlap,posterior_exponent × group
1114,-0.0915741781449119,neutral,main_overlap,posterior_exponent × group
1115,0.0468243026882613,neutral,main_overlap,posterior_exponent × group
1116,-0.1691428169892153,neutral,main_overlap,posterior_exponent × group
1117,-0.0977960680030832,neutral,main_overlap,posterior_exponent × group
1118,-0.1269875579097604,neutral,main_overlap,posterior_exponent × group
1119,-0.0945790795155532,neutral,main_overlap,posterior_exponent × group
1120,-0.0127796129019442,neutral,main_overlap,posterior_exponent × group
1121,-0.1868637530984362,neutral,main_overlap,posterior_exponent × group
1122,-0.1245847374414867,neutral,main_overlap,posterior_exponent × group
1123,-0.0663925465865081,neutral,main_overlap,posterior_exponent × group
1124,-0.1447853566159293,neutral,main_overlap,posterior_exponent × group
1125,0.0084440287508521,neutral,main_overlap,posterior_exponent × group
1126,-0.0764677815152231,neutral,main_overlap,posterior_exponent × group
1127,-0.1257454889372313,neutral,main_overlap,posterior_exponent × group
1128,0.024872323084992,neutral,main_overlap,posterior_exponent × group
1129,-0.0238684070813206,neutral,main_overlap,posterior_exponent × group
1130,0.047188189388298,neutral,main_overlap,posterior_exponent × group
1131,-0.035213528898449,neutral,main_overlap,posterior_exponent × group
1132,-0.0819458121962734,neutral,main_overlap,posterior_exponent × group
1133,-0.0878354574062093,neutral,main_overlap,posterior_exponent × group
1134,-0.0976315765277241,neutral,main_overlap,posterior_exponent × group
1135,-0.1049925403620385,neutral,main_overlap,posterior_exponent × group
1136,0.0171515992536547,neutral,main_overlap,posterior_exponent × group
1137,0.0516457532660016,neutral,main_overlap,posterior_exponent × group
1138,-0.038888008092472,neutral,main_overlap,posterior_exponent × group
1139,-0.0706750930316686,neutral,main_overlap,posterior_exponent × group
1140,-0.0330414267558516,neutral,main_overlap,posterior_exponent × group
1141,-0.0571837784630393,neutral,main_overlap,posterior_exponent × group
1142,0.0542601514679323,neutral,main_overlap,posterior_exponent × group
1143,0.0640038818379192,neutral,main_overlap,posterior_exponent × group
1144,-0.0373065471632079,neutral,main_overlap,posterior_exponent × group
1145,-0.1025243000205859,neutral,main_overlap,posterior_exponent × group
1146,-0.0188706448802534,neutral,main_overlap,posterior_exponent × group
1147,-0.0346889406933684,neutral,main_overlap,posterior_exponent × group
1148,-0.031363869161797,neutral,main_overlap,posterior_exponent × group
1149,0.0225910982323871,neutral,main_overlap,posterior_exponent × group
1150,-0.173648659677489,neutral,main_overlap,posterior_exponent × group
1151,0.0124073772119416,neutral,main_overlap,posterior_exponent × group
1152,0.0107844310809438,neutral,main_overlap,posterior_exponent × group
1153,0.0618162632542536,neutral,main_overlap,posterior_exponent × group
1154,0.0605015670402538,neutral,main_overlap,posterior_exponent × group
1155,-0.140246559249986,neutral,main_overlap,posterior_exponent × group
1156,-0.0464528913933199,neutral,main_overlap,posterior_exponent × group
1157,-0.0137086275457751,neutral,main_overlap,posterior_exponent × group
1158,-0.0207542975177545,neutral,main_overlap,posterior_exponent × group
1159,0.0005985836142579,neutral,main_overlap,posterior_exponent × group
1160,-0.015646707199127,neutral,main_overlap,posterior_exponent × group
1161,-0.0884975405653223,neutral,main_overlap,posterior_exponent × group
1162,-0.0103821544559382,neutral,main_overlap,posterior_exponent × group
1163,-0.0466755484917224,neutral,main_overlap,posterior_exponent × group
1164,-0.0222207418428353,neutral,main_overlap,posterior_exponent × group
1165,-0.0841489967159493,neutral,main_overlap,posterior_exponent × group
1166,-0.0330245382816714,neutral,main_overlap,posterior_exponent × group
1167,0.0848706929112983,neutral,main_overlap,posterior_exponent × group
1168,-0.0853370165567128,neutral,main_overlap,posterior_exponent × group
1169,0.0600671845901467,neutral,main_overlap,posterior_exponent × group
1170,-0.126699715507181,neutral,main_overlap,posterior_exponent × group
1171,0.0709695697701019,neutral,main_overlap,posterior_exponent × group
1172,-0.0923959122847064,neutral,main_overlap,posterior_exponent × group
1173,0.0511034791468186,neutral,main_overlap,posterior_exponent × group
1174,0.0676207762194193,neutral,main_overlap,posterior_exponent × group
1175,-0.043133080722692,neutral,main_overlap,posterior_exponent × group
1176,-0.1186207688765781,neutral,main_overlap,posterior_exponent × group
1177,-0.0027804984555765,neutral,main_overlap,posterior_exponent × group
1178,-0.0547830097442658,neutral,main_overlap,posterior_exponent × group
1179,-0.0203755835862299,neutral,main_overlap,posterior_exponent × group
1180,0.0085287363357348,neutral,main_overlap,posterior_exponent × group
1181,0.0457055629102366,neutral,main_overlap,posterior_exponent × group
1182,-0.0096689206978968,neutral,main_overlap,posterior_exponent × group
1183,-0.0357773414809188,neutral,main_overlap,posterior_exponent × group
1184,-0.1073407778473974,neutral,main_overlap,posterior_exponent × group
1185,-0.2103133696303991,neutral,main_overlap,posterior_exponent × group
1186,0.0277091092388339,neutral,main_overlap,posterior_exponent × group
1187,0.0204080272108844,neutral,main_overlap,posterior_exponent × group
1188,-0.1031828424813473,neutral,main_overlap,posterior_exponent × group
1189,-0.0324468333106369,neutral,main_overlap,posterior_exponent × group
1190,-0.0362800224301665,neutral,main_overlap,posterior_exponent × group
1191,-0.0852159141975537,neutral,main_overlap,posterior_exponent × group
1192,-0.0354063279769484,neutral,main_overlap,posterior_exponent × group
1193,0.0385726444523739,neutral,main_overlap,posterior_exponent × group
1194,-0.0639924062766713,neutral,main_overlap,posterior_exponent × group
1195,0.0399909842826691,neutral,main_overlap,posterior_exponent × group
1196,-0.0201049247597057,neutral,main_overlap,posterior_exponent × group
1197,-0.0132434590753777,neutral,main_overlap,posterior_exponent × group
1198,-0.2363502928293923,neutral,main_overlap,posterior_exponent × group
1199,-0.0461991909859207,neutral,main_overlap,posterior_exponent × group
1200,-0.168117478640654,neutral,main_overlap,posterior_exponent × group
1201,0.0595158639743939,neutral,main_overlap,posterior_exponent × group
1202,-0.0421190289165991,neutral,main_overlap,posterior_exponent × group
1203,-0.0266436785022119,neutral,main_overlap,posterior_exponent × group
1204,-0.1027860009974859,neutral,main_overlap,posterior_exponent × group
1205,-0.0250932449744187,neutral,main_overlap,posterior_exponent × group
1206,-0.0166477040280413,neutral,main_overlap,posterior_exponent × group
1207,-0.1373597767449326,neutral,main_overlap,posterior_exponent × group
1208,-0.0574397264975245,neutral,main_overlap,posterior_exponent × group
1209,-0.0159160707776921,neutral,main_overlap,posterior_exponent × group
1210,-0.0324233211873405,neutral,main_overlap,posterior_exponent × group
1211,-0.1129817319582761,neutral,main_overlap,posterior_exponent × group
1212,0.0687385807686845,neutral,main_overlap,posterior_exponent × group
1213,-0.0313297078029982,neutral,main_overlap,posterior_exponent × group
1214,0.0168586313309525,neutral,main_overlap,posterior_exponent × group
1215,-0.1200632116242415,neutral,main_overlap,posterior_exponent × group
1216,-0.1503487110198166,neutral,main_overlap,posterior_exponent × group
1217,-0.0732764023632827,neutral,main_overlap,posterior_exponent × group
1218,-0.0869842809355123,neutral,main_overlap,posterior_exponent × group
1219,-0.0370753125015415,neutral,main_overlap,posterior_exponent × group
1220,-0.0698118856637234,neutral,main_overlap,posterior_exponent × group
1221,-0.0597688447607326,neutral,main_overlap,posterior_exponent × group
1222,-0.1425925314266979,neutral,main_overlap,posterior_exponent × group
1223,-0.0176296783063312,neutral,main_overlap,posterior_exponent × group
1224,-0.0611850567832841,neutral,main_overlap,posterior_exponent × group
1225,-0.1371766854483074,neutral,main_overlap,posterior_exponent × group
1226,-0.1694880034234807,neutral,main_overlap,posterior_exponent × group
1227,-0.0992435164677667,neutral,main_overlap,posterior_exponent × group
1228,-0.0463773004295923,neutral,main_overlap,posterior_exponent × group
1229,0.0838250650683592,neutral,main_overlap,posterior_exponent × group
1230,-0.1143190634736751,neutral,main_overlap,posterior_exponent × group
1231,-0.0725786619448425,neutral,main_overlap,posterior_exponent × group
1232,-0.1519201510755513,neutral,main_overlap,posterior_exponent × group
1233,-0.0987184745442292,neutral,main_overlap,posterior_exponent × group
1234,-0.0017362976246583,neutral,main_overlap,posterior_exponent × group
1235,0.0670674737270721,neutral,main_overlap,posterior_exponent × group
1236,-0.0592694137929418,neutral,main_overlap,posterior_exponent × group
1237,-0.0385893937505961,neutral,main_overlap,posterior_exponent × group
1238,-0.0896502595197277,neutral,main_overlap,posterior_exponent × group
1239,-0.0024490201039122,neutral,main_overlap,posterior_exponent × group
1240,-0.2099995557748059,neutral,main_overlap,posterior_exponent × group
1241,0.0115789992889482,neutral,main_overlap,posterior_exponent × group
1242,0.0018850347770045,neutral,main_overlap,posterior_exponent × group
1243,-0.0664830496458462,neutral,main_overlap,posterior_exponent × group
1244,-0.1411251992580443,neutral,main_overlap,posterior_exponent × group
1245,-0.0325852680068939,neutral,main_overlap,posterior_exponent × group
1246,-0.1083885109443071,neutral,main_overlap,posterior_exponent × group
1247,0.0473725114120084,neutral,main_overlap,posterior_exponent × group
1248,-0.1216755512600782,neutral,main_overlap,posterior_exponent × group
1249,-0.1764485460847752,neutral,main_overlap,posterior_exponent × group
1250,-0.0218662053957248,neutral,main_overlap,posterior_exponent × group
1251,-0.009487915316835,neutral,main_overlap,posterior_exponent × group
1252,-0.0949113221736523,neutral,main_overlap,posterior_exponent × group
1253,0.0355162000602714,neutral,main_overlap,posterior_exponent × group
1254,-0.0429963067632132,neutral,main_overlap,posterior_exponent × group
1255,-0.0482260988473372,neutral,main_overlap,posterior_exponent × group
1256,0.0098187409234535,neutral,main_overlap,posterior_exponent × group
1257,-0.1475737287817267,neutral,main_overlap,posterior_exponent × group
1258,-0.0844244674116635,neutral,main_overlap,posterior_exponent × group
1259,-0.0093996442525755,neutral,main_overlap,posterior_exponent × group
1260,-0.1174212122723337,neutral,main_overlap,posterior_exponent × group
1261,0.1009809114076371,neutral,main_overlap,posterior_exponent × group
1262,-0.0798731542925834,neutral,main_overlap,posterior_exponent × group
1263,-0.036029193124624,neutral,main_overlap,posterior_exponent × group
1264,-0.0599465860884853,neutral,main_overlap,posterior_exponent × group
1265,-0.0214058721720763,neutral,main_overlap,posterior_exponent × group
1266,-0.2030944423179893,neutral,main_overlap,posterior_exponent × group
1267,-0.091064050648918,neutral,main_overlap,posterior_exponent × group
1268,-0.1438613068520374,neutral,main_overlap,posterior_exponent × group
1269,-0.000797663678711,neutral,main_overlap,posterior_exponent × group
1270,-0.0634556976315346,neutral,main_overlap,posterior_exponent × group
1271,-0.1350340551687143,neutral,main_overlap,posterior_exponent × group
1272,-0.1169212489531164,neutral,main_overlap,posterior_exponent × group
1273,0.0761242103662837,neutral,main_overlap,posterior_exponent × group
1274,-0.135978032771344,neutral,main_overlap,posterior_exponent × group
1275,0.0331164375949037,neutral,main_overlap,posterior_exponent × group
1276,-0.086061358291268,neutral,main_overlap,posterior_exponent × group
1277,0.0194947576418701,neutral,main_overlap,posterior_exponent × group
1278,-0.1122877381307557,neutral,main_overlap,posterior_exponent × group
1279,-0.0865246968638307,neutral,main_overlap,posterior_exponent × group
1280,-0.0399708301071138,neutral,main_overlap,posterior_exponent × group
1281,-0.2422048303151924,neutral,main_overlap,posterior_exponent × group
1282,-0.0639659726785261,neutral,main_overlap,posterior_exponent × group
1283,-0.1869698352377416,neutral,main_overlap,posterior_exponent × group
1284,-0.0429304811972277,neutral,main_overlap,posterior_exponent × group
1285,-0.0239993725953339,neutral,main_overlap,posterior_exponent × group
1286,0.0481892847347202,neutral,main_overlap,posterior_exponent × group
1287,-0.1504156369329878,neutral,main_overlap,posterior_exponent × group
1288,-0.0225390994117869,neutral,main_overlap,posterior_exponent × group
1289,0.1169515972614675,neutral,main_overlap,posterior_exponent × group
1290,-0.0613650286666516,neutral,main_overlap,posterior_exponent × group
1291,-0.0958335036544308,neutral,main_overlap,posterior_exponent × group
1292,-0.114569486507873,neutral,main_overlap,posterior_exponent × group
1293,-0.0331544246479228,neutral,main_overlap,posterior_exponent × group
1294,0.0135419099780621,neutral,main_overlap,posterior_exponent × group
1295,0.0722769048397013,neutral,main_overlap,posterior_exponent × group
1296,-0.0670307742399198,neutral,main_overlap,posterior_exponent × group
1297,0.0054274943582503,neutral,main_overlap,posterior_exponent × group
1298,-0.0894435061496465,neutral,main_overlap,posterior_exponent × group
1299,0.0679991898837476,neutral,main_overlap,posterior_exponent × group
1300,-0.1088409513693254,neutral,main_overlap,posterior_exponent × group
1301,-0.0335713175871041,neutral,main_overlap,posterior_exponent × group
1302,0.0239825977852519,neutral,main_overlap,posterior_exponent × group
1303,-0.0163498090058336,neutral,main_overlap,posterior_exponent × group
1304,-0.1162848701136111,neutral,main_overlap,posterior_exponent × group
1305,-0.0318943073231983,neutral,main_overlap,posterior_exponent × group
1306,0.0936173503405124,neutral,main_overlap,posterior_exponent × group
1307,-0.041903674105052,neutral,main_overlap,posterior_exponent × group
1308,-0.1163065230165369,neutral,main_overlap,posterior_exponent × group
1309,-0.0047175605498557,neutral,main_overlap,posterior_exponent × group
1310,-0.0648240948881341,neutral,main_overlap,posterior_exponent × group
1311,0.0405260074465882,neutral,main_overlap,posterior_exponent × group
1312,0.0322340466492912,neutral,main_overlap,posterior_exponent × group
1313,-0.0469103539623979,neutral,main_overlap,posterior_exponent × group
1314,0.0875241258845414,neutral,main_overlap,posterior_exponent × group
1315,-0.148351067546767,neutral,main_overlap,posterior_exponent × group
1316,-0.0015245784073269,neutral,main_overlap,posterior_exponent × group
1317,0.073436106277007,neutral,main_overlap,posterior_exponent × group
1318,-0.0330411889507979,neutral,main_overlap,posterior_exponent × group
1319,-0.0421899656576649,neutral,main_overlap,posterior_exponent × group
1320,0.1006864107895684,neutral,main_overlap,posterior_exponent × group
1321,0.0135092637790232,neutral,main_overlap,posterior_exponent × group
1322,-0.1822660826575996,neutral,main_overlap,posterior_exponent × group
1323,-0.0987246643208953,neutral,main_overlap,posterior_exponent × group
1324,-0.0671457543518642,neutral,main_overlap,posterior_exponent × group
1325,-0.022870648683083,neutral,main_overlap,posterior_exponent × group
1326,-0.0379755403113404,neutral,main_overlap,posterior_exponent × group
1327,-0.0843910859097603,neutral,main_overlap,posterior_exponent × group
1328,-0.0792709556763447,neutral,main_overlap,posterior_exponent × group
1329,-0.0537010809455522,neutral,main_overlap,posterior_exponent × group
1330,-0.1680333521293877,neutral,main_overlap,posterior_exponent × group
1331,-0.0932763535961121,neutral,main_overlap,posterior_exponent × group
1332,-0.0524499684755001,neutral,main_overlap,posterior_exponent × group
1333,0.0572143525118455,neutral,main_overlap,posterior_exponent × group
1334,-0.1782846335694707,neutral,main_overlap,posterior_exponent × group
1335,-0.0761782970077377,neutral,main_overlap,posterior_exponent × group
1336,-0.0443608617370254,neutral,main_overlap,posterior_exponent × group
1337,0.0285371983081094,neutral,main_overlap,posterior_exponent × group
1338,-0.102052005897833,neutral,main_overlap,posterior_exponent × group
1339,-0.1891216378575126,neutral,main_overlap,posterior_exponent × group
1340,-0.046392207183511,neutral,main_overlap,posterior_exponent × group
1341,-0.1689852379047597,neutral,main_overlap,posterior_exponent × group
1342,-0.1268176549488775,neutral,main_overlap,posterior_exponent × group
1343,-0.1525640370778329,neutral,main_overlap,posterior_exponent × group
1344,-0.1947881074190348,neutral,main_overlap,posterior_exponent × group
1345,-0.1003377763295478,neutral,main_overlap,posterior_exponent × group
1346,-0.0282706635883806,neutral,main_overlap,posterior_exponent × group
1347,-0.0743643177165078,neutral,main_overlap,posterior_exponent × group
1348,0.0347136264240578,neutral,main_overlap,posterior_exponent × group
1349,-0.0641061371394637,neutral,main_overlap,posterior_exponent × group
1350,-0.1775128645922896,neutral,main_overlap,posterior_exponent × group
1351,0.0412303733257229,neutral,main_overlap,posterior_exponent × group
1352,0.0024496585042064,neutral,main_overlap,posterior_exponent × group
1353,0.1158386425239016,neutral,main_overlap,posterior_exponent × group
1354,-0.0301704004371632,neutral,main_overlap,posterior_exponent × group
1355,-0.1839220571465599,neutral,main_overlap,posterior_exponent × group
1356,0.0633826511751649,neutral,main_overlap,posterior_exponent × group
1357,-0.1817817774109422,neutral,main_overlap,posterior_exponent × group
1358,-0.0291643810238898,neutral,main_overlap,posterior_exponent × group
1359,-0.0719354813860741,neutral,main_overlap,posterior_exponent × group
1360,-0.0362118313100692,neutral,main_overlap,posterior_exponent × group
1361,0.0124960001064628,neutral,main_overlap,posterior_exponent × group
1362,0.0103941211103461,neutral,main_overlap,posterior_exponent × group
1363,0.0015985720810565,neutral,main_overlap,posterior_exponent × group
1364,0.0159236239426948,neutral,main_overlap,posterior_exponent × group
1365,-0.0179437542355891,neutral,main_overlap,posterior_exponent × group
1366,-0.154018214604425,neutral,main_overlap,posterior_exponent × group
1367,0.0232526561033636,neutral,main_overlap,posterior_exponent × group
1368,0.0856395533981845,neutral,main_overlap,posterior_exponent × group
1369,-0.1061266068897314,neutral,main_overlap,posterior_exponent × group
1370,-0.0199154023294499,neutral,main_overlap,posterior_exponent × group
1371,-0.0075683012550892,neutral,main_overlap,posterior_exponent × group
1372,-0.1483120254489657,neutral,main_overlap,posterior_exponent × group
1373,-0.0186715586769493,neutral,main_overlap,posterior_exponent × group
1374,0.005565206401697,neutral,main_overlap,posterior_exponent × group
1375,-0.0742444738090785,neutral,main_overlap,posterior_exponent × group
1376,-0.0400088176328294,neutral,main_overlap,posterior_exponent × group
1377,-0.0813471441976832,neutral,main_overlap,posterior_exponent × group
1378,0.0241192353753761,neutral,main_overlap,posterior_exponent × group
1379,-0.0742486755903905,neutral,main_overlap,posterior_exponent × group
1380,-0.0374754615959841,neutral,main_overlap,posterior_exponent × group
1381,0.0813149780253415,neutral,main_overlap,posterior_exponent × group
1382,-0.0449411514473967,neutral,main_overlap,posterior_exponent × group
1383,-0.0693487337076079,neutral,main_overlap,posterior_exponent × group
1384,-0.1043645570857966,neutral,main_overlap,posterior_exponent × group
1385,-0.0396323783674237,neutral,main_overlap,posterior_exponent × group
1386,-0.2439735314113019,neutral,main_overlap,posterior_exponent × group
1387,-0.0268113759035669,neutral,main_overlap,posterior_exponent × group
1388,-0.0556325093776377,neutral,main_overlap,posterior_exponent × group
1389,-0.0556325645017834,neutral,main_overlap,posterior_exponent × group
1390,-0.106791067625833,neutral,main_overlap,posterior_exponent × group
1391,-0.0970319574193633,neutral,main_overlap,posterior_exponent × group
1392,-0.0661436607055393,neutral,main_overlap,posterior_exponent × group
1393,-0.0297470845189571,neutral,main_overlap,posterior_exponent × group
1394,-0.097585959032423,neutral,main_overlap,posterior_exponent × group
1395,-0.073117812914683,neutral,main_overlap,posterior_exponent × group
1396,0.0831433286996922,neutral,main_overlap,posterior_exponent × group
1397,-0.0014237524388442,neutral,main_overlap,posterior_exponent × group
1398,-0.0987308719082468,neutral,main_overlap,posterior_exponent × group
1399,0.0657043684240333,neutral,main_overlap,posterior_exponent × group
1400,-0.1534960276882163,neutral,main_overlap,posterior_exponent × group
1401,-0.0785633378912896,neutral,main_overlap,posterior_exponent × group
1402,-0.2238006015373349,neutral,main_overlap,posterior_exponent × group
1403,-0.014831340477865,neutral,main_overlap,posterior_exponent × group
1404,-0.0495864469527639,neutral,main_overlap,posterior_exponent × group
1405,-0.0972529067601745,neutral,main_overlap,posterior_exponent × group
1406,-0.0317332919301045,neutral,main_overlap,posterior_exponent × group
1407,-0.0027380906034237,neutral,main_overlap,posterior_exponent × group
1408,0.0569862020568858,neutral,main_overlap,posterior_exponent × group
1409,-0.125789898145636,neutral,main_overlap,posterior_exponent × group
1410,-0.0930178471210924,neutral,main_overlap,posterior_exponent × group
1411,0.105487032225596,neutral,main_overlap,posterior_exponent × group
1412,-0.0316322461627113,neutral,main_overlap,posterior_exponent × group
1413,-0.1177613102939269,neutral,main_overlap,posterior_exponent × group
1414,0.1735614225106391,neutral,main_overlap,posterior_exponent × group
1415,-0.0543077169891217,neutral,main_overlap,posterior_exponent × group
1416,-0.0686708033237435,neutral,main_overlap,posterior_exponent × group
1417,-0.0339709020092318,neutral,main_overlap,posterior_exponent × group
1418,0.0106561277609964,neutral,main_overlap,posterior_exponent × group
1419,0.0103080983856569,neutral,main_overlap,posterior_exponent × group
1420,-0.1102428037704459,neutral,main_overlap,posterior_exponent × group
1421,-0.0219642059763547,neutral,main_overlap,posterior_exponent × group
1422,-0.0705336825071035,neutral,main_overlap,posterior_exponent × group
1423,0.0708350032019417,neutral,main_overlap,posterior_exponent × group
1424,-0.1137243233985156,neutral,main_overlap,posterior_exponent × group
1425,-0.025656775624301,neutral,main_overlap,posterior_exponent × group
1426,0.0592638813081981,neutral,main_overlap,posterior_exponent × group
1427,0.0198901917607109,neutral,main_overlap,posterior_exponent × group
1428,0.0755614370709337,neutral,main_overlap,posterior_exponent × group
1429,0.0485745698477641,neutral,main_overlap,posterior_exponent × group
1430,0.0510354878335743,neutral,main_overlap,posterior_exponent × group
1431,-0.0752476518895134,neutral,main_overlap,posterior_exponent × group
1432,-0.239396220037792,neutral,main_overlap,posterior_exponent × group
1433,-0.140164833879581,neutral,main_overlap,posterior_exponent × group
1434,-0.0465717092392501,neutral,main_overlap,posterior_exponent × group
1435,-0.0536810076525366,neutral,main_overlap,posterior_exponent × group
1436,0.0439350927791523,neutral,main_overlap,posterior_exponent × group
1437,0.009683118004244,neutral,main_overlap,posterior_exponent × group
1438,-0.0065684158589218,neutral,main_overlap,posterior_exponent × group
1439,0.0637622842093614,neutral,main_overlap,posterior_exponent × group
1440,0.1319559782726861,neutral,main_overlap,posterior_exponent × group
1441,-0.0678546277215688,neutral,main_overlap,posterior_exponent × group
1442,-0.051358347457138,neutral,main_overlap,posterior_exponent × group
1443,-0.0272698475181444,neutral,main_overlap,posterior_exponent × group
1444,-0.1851912502320742,neutral,main_overlap,posterior_exponent × group
1445,-0.062207064676852,neutral,main_overlap,posterior_exponent × group
1446,-0.2311540369110274,neutral,main_overlap,posterior_exponent × group
1447,-0.1149587614034011,neutral,main_overlap,posterior_exponent × group
1448,-0.0267786586164233,neutral,main_overlap,posterior_exponent × group
1449,-0.1616787858069802,neutral,main_overlap,posterior_exponent × group
1450,-0.0835945710016353,neutral,main_overlap,posterior_exponent × group
1451,0.0264610786428377,neutral,main_overlap,posterior_exponent × group
1452,-0.2106851405905465,neutral,main_overlap,posterior_exponent × group
1453,-0.0634535971948442,neutral,main_overlap,posterior_exponent × group
1454,-0.0049010271011504,neutral,main_overlap,posterior_exponent × group
1455,-0.1625753837928873,neutral,main_overlap,posterior_exponent × group
1456,0.0481619812776165,neutral,main_overlap,posterior_exponent × group
1457,-0.1299700102742776,neutral,main_overlap,posterior_exponent × group
1458,-0.2029402726731859,neutral,main_overlap,posterior_exponent × group
1459,-0.1512262996264994,neutral,main_overlap,posterior_exponent × group
1460,-0.0265924568396499,neutral,main_overlap,posterior_exponent × group
1461,-0.1216212975897932,neutral,main_overlap,posterior_exponent × group
1462,-0.0193161106910609,neutral,main_overlap,posterior_exponent × group
1463,-0.0913820435956084,neutral,main_overlap,posterior_exponent × group
1464,-0.0468244606837083,neutral,main_overlap,posterior_exponent × group
1465,-0.0053147875831574,neutral,main_overlap,posterior_exponent × group
1466,-0.0971737124609331,neutral,main_overlap,posterior_exponent × group
1467,-0.0821427902418805,neutral,main_overlap,posterior_exponent × group
1468,-0.0200916292638214,neutral,main_overlap,posterior_exponent × group
1469,-0.070760812329138,neutral,main_overlap,posterior_exponent × group
1470,-0.0939203217961871,neutral,main_overlap,posterior_exponent × group
1471,-0.0799303473910352,neutral,main_overlap,posterior_exponent × group
1472,0.0023432100060069,neutral,main_overlap,posterior_exponent × group
1473,-0.0665638387593695,neutral,main_overlap,posterior_exponent × group
1474,0.0120312709456038,neutral,main_overlap,posterior_exponent × group
1475,-0.0815267728260729,neutral,main_overlap,posterior_exponent × group
1476,-0.0446762846715252,neutral,main_overlap,posterior_exponent × group
1477,-0.1166797634026014,neutral,main_overlap,posterior_exponent × group
1478,-0.0832959202170733,neutral,main_overlap,posterior_exponent × group
1479,-0.0250729717257381,neutral,main_overlap,posterior_exponent × group
1480,0.0585942643272415,neutral,main_overlap,posterior_exponent × group
1481,-0.1707179940165464,neutral,main_overlap,posterior_exponent × group
1482,-0.0446666197198587,neutral,main_overlap,posterior_exponent × group
1483,-0.0491271268664877,neutral,main_overlap,posterior_exponent × group
1484,0.0324041576099123,neutral,main_overlap,posterior_exponent × group
1485,0.0599196667296754,neutral,main_overlap,posterior_exponent × group
1486,-0.0259476127460145,neutral,main_overlap,posterior_exponent × group
1487,-0.1904000465549361,neutral,main_overlap,posterior_exponent × group
1488,0.054295271928175,neutral,main_overlap,posterior_exponent × group
1489,0.0191878977585644,neutral,main_overlap,posterior_exponent × group
1490,-0.026415234045883,neutral,main_overlap,posterior_exponent × group
1491,-0.0071352226788959,neutral,main_overlap,posterior_exponent × group
1492,-0.0670511916318971,neutral,main_overlap,posterior_exponent × group
1493,0.0349090875554757,neutral,main_overlap,posterior_exponent × group
1494,0.0915346325781206,neutral,main_overlap,posterior_exponent × group
1495,0.014821281686646,neutral,main_overlap,posterior_exponent × group
1496,-0.0560735756486809,neutral,main_overlap,posterior_exponent × group
1497,0.0059713246451466,neutral,main_overlap,posterior_exponent × group
1498,-0.0427199285287906,neutral,main_overlap,posterior_exponent × group
1499,-0.098609016207401,neutral,main_overlap,posterior_exponent × group
1500,-0.0165058688945662,neutral,main_overlap,posterior_exponent × group
1501,-0.0085936547571907,neutral,main_overlap,posterior_exponent × group
1502,-0.0412253074864349,neutral,main_overlap,posterior_exponent × group
1503,0.0866823447750502,neutral,main_overlap,posterior_exponent × group
1504,0.0742720562726938,neutral,main_overlap,posterior_exponent × group
1505,-0.0292035788758038,neutral,main_overlap,posterior_exponent × group
1506,-0.0865076144998585,neutral,main_overlap,posterior_exponent × group
1507,0.1355692939951296,neutral,main_overlap,posterior_exponent × group
1508,-0.1430159892390692,neutral,main_overlap,posterior_exponent × group
1509,-0.1762277320480125,neutral,main_overlap,posterior_exponent × group
1510,-0.0967036955564661,neutral,main_overlap,posterior_exponent × group
1511,-0.1070520525166449,neutral,main_overlap,posterior_exponent × group
1512,0.0617521507777824,neutral,main_overlap,posterior_exponent × group
1513,-0.2089465038495075,neutral,main_overlap,posterior_exponent × group
1514,-0.0594651253443669,neutral,main_overlap,posterior_exponent × group
1515,0.0685580211050965,neutral,main_overlap,posterior_exponent × group
1516,-0.0374983068748624,neutral,main_overlap,posterior_exponent × group
1517,-0.1171374065890208,neutral,main_overlap,posterior_exponent × group
1518,-0.1172168537067251,neutral,main_overlap,posterior_exponent × group
1519,-0.0268902680769468,neutral,main_overlap,posterior_exponent × group
1520,-0.0699827760049116,neutral,main_overlap,posterior_exponent × group
1521,-0.0117335154670536,neutral,main_overlap,posterior_exponent × group
1522,-0.0487067317700333,neutral,main_overlap,posterior_exponent × group
1523,-0.125180044508406,neutral,main_overlap,posterior_exponent × group
1524,-0.0143643652055756,neutral,main_overlap,posterior_exponent × group
1525,-0.1309057477201103,neutral,main_overlap,posterior_exponent × group
1526,-0.0347793779820888,neutral,main_overlap,posterior_exponent × group
1527,-0.0470742969522844,neutral,main_overlap,posterior_exponent × group
1528,-0.185125616187659,neutral,main_overlap,posterior_exponent × group
1529,-0.0409734499538203,neutral,main_overlap,posterior_exponent × group
1530,-0.0807499206378042,neutral,main_overlap,posterior_exponent × group
1531,-0.0761221100574989,neutral,main_overlap,posterior_exponent × group
1532,0.057026264940187,neutral,main_overlap,posterior_exponent × group
1533,-0.016205806293865,neutral,main_overlap,posterior_exponent × group
1534,0.0187796527128104,neutral,main_overlap,posterior_exponent × group
1535,0.0720802946100447,neutral,main_overlap,posterior_exponent × group
1536,-0.1415890202652247,neutral,main_overlap,posterior_exponent × group
1537,0.0243440056780178,neutral,main_overlap,posterior_exponent × group
1538,-0.0459247277772685,neutral,main_overlap,posterior_exponent × group
1539,-0.0129107681541479,neutral,main_overlap,posterior_exponent × group
1540,0.0284940425505008,neutral,main_overlap,posterior_exponent × group
1541,-0.0611344402317571,neutral,main_overlap,posterior_exponent × group
1542,0.0167475344112503,neutral,main_overlap,posterior_exponent × group
1543,-0.0009087920419611,neutral,main_overlap,posterior_exponent × group
1544,-0.0270335718403559,neutral,main_overlap,posterior_exponent × group
1545,-0.0817251398810299,neutral,main_overlap,posterior_exponent × group
1546,-0.0849698125339656,neutral,main_overlap,posterior_exponent × group
1547,-0.0144810742171824,neutral,main_overlap,posterior_exponent × group
1548,-0.1948535998150025,neutral,main_overlap,posterior_exponent × group
1549,-0.1309634023496037,neutral,main_overlap,posterior_exponent × group
1550,-0.013746597768982,neutral,main_overlap,posterior_exponent × group
1551,-0.0009157510958856,neutral,main_overlap,posterior_exponent × group
1552,0.1153036463838511,neutral,main_overlap,posterior_exponent × group
1553,-0.0180918170930942,neutral,main_overlap,posterior_exponent × group
1554,-0.1127830173162339,neutral,main_overlap,posterior_exponent × group
1555,-0.1365424996133266,neutral,main_overlap,posterior_exponent × group
1556,0.0282219513065574,neutral,main_overlap,posterior_exponent × group
1557,-0.0985209801824372,neutral,main_overlap,posterior_exponent × group
1558,-0.1315261207129062,neutral,main_overlap,posterior_exponent × group
1559,0.0812549588010003,neutral,main_overlap,posterior_exponent × group
1560,0.0614014118645079,neutral,main_overlap,posterior_exponent × group
1561,-0.0101816154918885,neutral,main_overlap,posterior_exponent × group
1562,0.1222048604849068,neutral,main_overlap,posterior_exponent × group
1563,0.0195551669523395,neutral,main_overlap,posterior_exponent × group
1564,-0.0238051944253529,neutral,main_overlap,posterior_exponent × group
1565,-0.097978736502486,neutral,main_overlap,posterior_exponent × group
1566,-0.2385375370466723,neutral,main_overlap,posterior_exponent × group
1567,-0.1219421496257536,neutral,main_overlap,posterior_exponent × group
1568,-0.2188225312802995,neutral,main_overlap,posterior_exponent × group
1569,-0.0827444314674752,neutral,main_overlap,posterior_exponent × group
1570,0.0589852463539588,neutral,main_overlap,posterior_exponent × group
1571,0.0328498533784531,neutral,main_overlap,posterior_exponent × group
1572,-0.1587681313146322,neutral,main_overlap,posterior_exponent × group
1573,0.0219015686172596,neutral,main_overlap,posterior_exponent × group
1574,-0.0922740401957048,neutral,main_overlap,posterior_exponent × group
1575,0.0152076841815077,neutral,main_overlap,posterior_exponent × group
1576,-0.2373864266957546,neutral,main_overlap,posterior_exponent × group
1577,-0.0042896244926556,neutral,main_overlap,posterior_exponent × group
1578,0.0670353411793533,neutral,main_overlap,posterior_exponent × group
1579,-0.1201076694489216,neutral,main_overlap,posterior_exponent × group
1580,-0.0158497595030932,neutral,main_overlap,posterior_exponent × group
1581,-0.1514878956110738,neutral,main_overlap,posterior_exponent × group
1582,-0.0646695552318393,neutral,main_overlap,posterior_exponent × group
1583,-0.1447522819060439,neutral,main_overlap,posterior_exponent × group
1584,0.1234733476774844,neutral,main_overlap,posterior_exponent × group
1585,-0.0429078490932515,neutral,main_overlap,posterior_exponent × group
1586,-0.0262209287627568,neutral,main_overlap,posterior_exponent × group
1587,-0.0921491443324851,neutral,main_overlap,posterior_exponent × group
1588,-0.082277932861902,neutral,main_overlap,posterior_exponent × group
1589,0.0272899140439828,neutral,main_overlap,posterior_exponent × group
1590,0.0407466446501919,neutral,main_overlap,posterior_exponent × group
1591,0.0055603530987796,neutral,main_overlap,posterior_exponent × group
1592,0.0644752967180876,neutral,main_overlap,posterior_exponent × group
1593,-0.0013340602225748,neutral,main_overlap,posterior_exponent × group
1594,-0.0352124643101883,neutral,main_overlap,posterior_exponent × group
1595,-0.1003325016795057,neutral,main_overlap,posterior_exponent × group
1596,-0.0803444960311477,neutral,main_overlap,posterior_exponent × group
1597,0.0513075296601197,neutral,main_overlap,posterior_exponent × group
1598,-0.0399187448279294,neutral,main_overlap,posterior_exponent × group
1599,0.0277647136588474,neutral,main_overlap,posterior_exponent × group
1600,-0.1542718523738246,neutral,main_overlap,posterior_exponent × group
1601,0.014609639021603,neutral,main_overlap,posterior_exponent × group
1602,0.059049799954032,neutral,main_overlap,posterior_exponent × group
1603,0.0059103576764519,neutral,main_overlap,posterior_exponent × group
1604,0.0277475939706373,neutral,main_overlap,posterior_exponent × group
1605,-0.0217032447848141,neutral,main_overlap,posterior_exponent × group
1606,-0.1713446869351854,neutral,main_overlap,posterior_exponent × group
1607,-0.1085590972818099,neutral,main_overlap,posterior_exponent × group
1608,0.0427820645473609,neutral,main_overlap,posterior_exponent × group
1609,-0.0060067375120311,neutral,main_overlap,posterior_exponent × group
1610,-0.0019630901399637,neutral,main_overlap,posterior_exponent × group
1611,-0.0601879035300446,neutral,main_overlap,posterior_exponent × group
1612,-0.1156414897439108,neutral,main_overlap,posterior_exponent × group
1613,-0.0470796014150624,neutral,main_overlap,posterior_exponent × group
1614,-0.0259328662507477,neutral,main_overlap,posterior_exponent × group
1615,-0.1165742969433782,neutral,main_overlap,posterior_exponent × group
1616,-0.1750316658715225,neutral,main_overlap,posterior_exponent × group
1617,-0.179463163825109,neutral,main_overlap,posterior_exponent × group
1618,0.0381967937909169,neutral,main_overlap,posterior_exponent × group
1619,-0.0427197355078113,neutral,main_overlap,posterior_exponent × group
1620,0.0758904017065742,neutral,main_overlap,posterior_exponent × group
1621,0.0821920956423392,neutral,main_overlap,posterior_exponent × group
1622,-0.0662830556018034,neutral,main_overlap,posterior_exponent × group
1623,-0.0283316214008589,neutral,main_overlap,posterior_exponent × group
1624,0.049642015246341,neutral,main_overlap,posterior_exponent × group
1625,-0.0296302394661574,neutral,main_overlap,posterior_exponent × group
1626,-0.0834784430208085,neutral,main_overlap,posterior_exponent × group
1627,-0.0543754533911261,neutral,main_overlap,posterior_exponent × group
1628,0.0888606764256631,neutral,main_overlap,posterior_exponent × group
1629,0.0359215771615471,neutral,main_overlap,posterior_exponent × group
1630,0.0395217437507654,neutral,main_overlap,posterior_exponent × group
1631,0.0227635936174484,neutral,main_overlap,posterior_exponent × group
1632,-0.1444301692412281,neutral,main_overlap,posterior_exponent × group
1633,-0.1315261265318928,neutral,main_overlap,posterior_exponent × group
1634,-0.055668153295171,neutral,main_overlap,posterior_exponent × group
1635,-0.0443473373538257,neutral,main_overlap,posterior_exponent × group
1636,-0.0727674220433123,neutral,main_overlap,posterior_exponent × group
1637,-0.1091250148595287,neutral,main_overlap,posterior_exponent × group
1638,-0.1214604491533279,neutral,main_overlap,posterior_exponent × group
1639,-0.0486192708993935,neutral,main_overlap,posterior_exponent × group
1640,0.0283737632537199,neutral,main_overlap,posterior_exponent × group
1641,-0.1098517755084793,neutral,main_overlap,posterior_exponent × group
1642,0.0783917405892977,neutral,main_overlap,posterior_exponent × group
1643,-0.0606311126402644,neutral,main_overlap,posterior_exponent × group
1644,0.113414269246384,neutral,main_overlap,posterior_exponent × group
1645,-0.0008867111614533,neutral,main_overlap,posterior_exponent × group
1646,-0.0589943705099525,neutral,main_overlap,posterior_exponent × group
1647,-0.1324769228876064,neutral,main_overlap,posterior_exponent × group
1648,-0.0879448542703231,neutral,main_overlap,posterior_exponent × group
1649,-0.005304561962567,neutral,main_overlap,posterior_exponent × group
1650,-0.0937764755379558,neutral,main_overlap,posterior_exponent × group
1651,-0.1715981981984171,neutral,main_overlap,posterior_exponent × group
1652,0.0514704519670873,neutral,main_overlap,posterior_exponent × group
1653,-0.0238256221904774,neutral,main_overlap,posterior_exponent × group
1654,-0.0060949730387501,neutral,main_overlap,posterior_exponent × group
1655,-0.0393888819410427,neutral,main_overlap,posterior_exponent × group
1656,-0.2026956949089435,neutral,main_overlap,posterior_exponent × group
1657,-0.0090178799841803,neutral,main_overlap,posterior_exponent × group
1658,0.0398687733346642,neutral,main_overlap,posterior_exponent × group
1659,-0.0542479355331243,neutral,main_overlap,posterior_exponent × group
1660,-0.0923200489113187,neutral,main_overlap,posterior_exponent × group
1661,-0.1692815229240629,neutral,main_overlap,posterior_exponent × group
1662,0.0068542898963865,neutral,main_overlap,posterior_exponent × group
1663,-0.0797408710267986,neutral,main_overlap,posterior_exponent × group
1664,0.0358590505394319,neutral,main_overlap,posterior_exponent × group
1665,-0.0064247264426392,neutral,main_overlap,posterior_exponent × group
1666,-0.1987652344755915,neutral,main_overlap,posterior_exponent × group
1667,-0.222681705803815,neutral,main_overlap,posterior_exponent × group
1668,0.0501505951184113,neutral,main_overlap,posterior_exponent × group
1669,-0.2196997085980892,neutral,main_overlap,posterior_exponent × group
1670,-0.099377174199583,neutral,main_overlap,posterior_exponent × group
1671,-0.0888463144573045,neutral,main_overlap,posterior_exponent × group
1672,0.0613316395621161,neutral,main_overlap,posterior_exponent × group
1673,-0.0119224482931926,neutral,main_overlap,posterior_exponent × group
1674,-0.204518863769109,neutral,main_overlap,posterior_exponent × group
1675,-0.0872894058455925,neutral,main_overlap,posterior_exponent × group
1676,-0.0307612833239449,neutral,main_overlap,posterior_exponent × group
1677,0.0639238383743554,neutral,main_overlap,posterior_exponent × group
1678,-0.0735114521930869,neutral,main_overlap,posterior_exponent × group
1679,-0.1083317558090298,neutral,main_overlap,posterior_exponent × group
1680,0.1051899097850271,neutral,main_overlap,posterior_exponent × group
1681,-0.1126466577773075,neutral,main_overlap,posterior_exponent × group
1682,-0.0886163696822232,neutral,main_overlap,posterior_exponent × group
1683,-0.0735033988783078,neutral,main_overlap,posterior_exponent × group
1684,-0.0035752278320465,neutral,main_overlap,posterior_exponent × group
1685,-0.1062329469870803,neutral,main_overlap,posterior_exponent × group
1686,0.0456800626519685,neutral,main_overlap,posterior_exponent × group
1687,0.041023137185617,neutral,main_overlap,posterior_exponent × group
1688,0.2113473378901988,neutral,main_overlap,posterior_exponent × group
1689,-0.0611471155765132,neutral,main_overlap,posterior_exponent × group
1690,-0.1183759253187066,neutral,main_overlap,posterior_exponent × group
1691,-0.0152571996290024,neutral,main_overlap,posterior_exponent × group
1692,0.0995843852078151,neutral,main_overlap,posterior_exponent × group
1693,0.0261799212857874,neutral,main_overlap,posterior_exponent × group
1694,-0.056069398825437,neutral,main_overlap,posterior_exponent × group
1695,-0.0658764575102432,neutral,main_overlap,posterior_exponent × group
1696,0.0052158663250813,neutral,main_overlap,posterior_exponent × group
1697,-0.0126735993819259,neutral,main_overlap,posterior_exponent × group
1698,-0.0904928312946677,neutral,main_overlap,posterior_exponent × group
1699,-0.1504162037205735,neutral,main_overlap,posterior_exponent × group
1700,0.0043576224571348,neutral,main_overlap,posterior_exponent × group
1701,-0.0706606645873378,neutral,main_overlap,posterior_exponent × group
1702,0.0557505355571185,neutral,main_overlap,posterior_exponent × group
1703,-0.0929845390752493,neutral,main_overlap,posterior_exponent × group
1704,0.0634376394992689,neutral,main_overlap,posterior_exponent × group
1705,-0.058738442127404,neutral,main_overlap,posterior_exponent × group
1706,0.1247502114051637,neutral,main_overlap,posterior_exponent × group
1707,-0.1720994339164213,neutral,main_overlap,posterior_exponent × group
1708,-0.0169765881485398,neutral,main_overlap,posterior_exponent × group
1709,0.0913770456102363,neutral,main_overlap,posterior_exponent × group
1710,-0.0422771072574114,neutral,main_overlap,posterior_exponent × group
1711,0.0126341732655085,neutral,main_overlap,posterior_exponent × group
1712,0.0689846926956883,neutral,main_overlap,posterior_exponent × group
1713,0.0856149626237413,neutral,main_overlap,posterior_exponent × group
1714,-0.0813310800395415,neutral,main_overlap,posterior_exponent × group
1715,0.000536143536453,neutral,main_overlap,posterior_exponent × group
1716,0.0162465427469482,neutral,main_overlap,posterior_exponent × group
1717,0.0329893416859121,neutral,main_overlap,posterior_exponent × group
1718,-0.1566460457139406,neutral,main_overlap,posterior_exponent × group
1719,-0.047170715097598,neutral,main_overlap,posterior_exponent × group
1720,-0.0188650732639509,neutral,main_overlap,posterior_exponent × group
1721,-0.2078602771970923,neutral,main_overlap,posterior_exponent × group
1722,-0.0341473310850062,neutral,main_overlap,posterior_exponent × group
1723,-0.2042714234987586,neutral,main_overlap,posterior_exponent × group
1724,-0.141293722709101,neutral,main_overlap,posterior_exponent × group
1725,0.0154401586953766,neutral,main_overlap,posterior_exponent × group
1726,0.0101506594649077,neutral,main_overlap,posterior_exponent × group
1727,-0.0031070916836789,neutral,main_overlap,posterior_exponent × group
1728,0.011166822413884,neutral,main_overlap,posterior_exponent × group
1729,-0.1124958775903761,neutral,main_overlap,posterior_exponent × group
1730,-0.0529310306405915,neutral,main_overlap,posterior_exponent × group
1731,0.00104250307711,neutral,main_overlap,posterior_exponent × group
1732,-0.0707293082088562,neutral,main_overlap,posterior_exponent × group
1733,0.0805879585757924,neutral,main_overlap,posterior_exponent × group
1734,-0.2245466118453258,neutral,main_overlap,posterior_exponent × group
1735,0.0112637129923797,neutral,main_overlap,posterior_exponent × group
1736,-0.075801633658089,neutral,main_overlap,posterior_exponent × group
1737,-0.0988110858232324,neutral,main_overlap,posterior_exponent × group
1738,-0.1092963224609194,neutral,main_overlap,posterior_exponent × group
1739,0.0800454991577584,neutral,main_overlap,posterior_exponent × group
1740,-0.1508683023995475,neutral,main_overlap,posterior_exponent × group
1741,0.0628047399328805,neutral,main_overlap,posterior_exponent × group
1742,-0.1144911437985845,neutral,main_overlap,posterior_exponent × group
1743,0.0469892162985106,neutral,main_overlap,posterior_exponent × group
1744,-0.1258862180829812,neutral,main_overlap,posterior_exponent × group
1745,-0.1609885291514243,neutral,main_overlap,posterior_exponent × group
1746,0.0070013346006551,neutral,main_overlap,posterior_exponent × group
1747,-0.1068130360431241,neutral,main_overlap,posterior_exponent × group
1748,0.005382706925602,neutral,main_overlap,posterior_exponent × group
1749,0.0326088520303345,neutral,main_overlap,posterior_exponent × group
1750,-0.0582334146760037,neutral,main_overlap,posterior_exponent × group
1751,0.0030672830999997,neutral,main_overlap,posterior_exponent × group
1752,0.0995068735851077,neutral,main_overlap,posterior_exponent × group
1753,-0.0003720467371818,neutral,main_overlap,posterior_exponent × group
1754,-0.1281186234627043,neutral,main_overlap,posterior_exponent × group
1755,-0.1362109511051397,neutral,main_overlap,posterior_exponent × group
1756,-0.1423478739604499,neutral,main_overlap,posterior_exponent × group
1757,-0.0785794227455493,neutral,main_overlap,posterior_exponent × group
1758,-0.0778749195304635,neutral,main_overlap,posterior_exponent × group
1759,-0.0121662272320161,neutral,main_overlap,posterior_exponent × group
1760,0.0682265682755329,neutral,main_overlap,posterior_exponent × group
1761,-0.0468296491039271,neutral,main_overlap,posterior_exponent × group
1762,-0.0258812444834815,neutral,main_overlap,posterior_exponent × group
1763,0.0913663276354348,neutral,main_overlap,posterior_exponent × group
1764,-0.0445196597590567,neutral,main_overlap,posterior_exponent × group
1765,-0.015089135097088,neutral,main_overlap,posterior_exponent × group
1766,-0.0389421886923078,neutral,main_overlap,posterior_exponent × group
1767,-0.0489822411835669,neutral,main_overlap,posterior_exponent × group
1768,-0.1252365491157729,neutral,main_overlap,posterior_exponent × group
1769,-0.1407144272938383,neutral,main_overlap,posterior_exponent × group
1770,0.1129866009956707,neutral,main_overlap,posterior_exponent × group
1771,-0.0480175708047863,neutral,main_overlap,posterior_exponent × group
1772,-0.0923449330491214,neutral,main_overlap,posterior_exponent × group
1773,0.0345547113242565,neutral,main_overlap,posterior_exponent × group
1774,0.0684086315125079,neutral,main_overlap,posterior_exponent × group
1775,0.0241592811042004,neutral,main_overlap,posterior_exponent × group
1776,-0.0925237719119797,neutral,main_overlap,posterior_exponent × group
1777,-0.0201902194858356,neutral,main_overlap,posterior_exponent × group
1778,0.0534387022093641,neutral,main_overlap,posterior_exponent × group
1779,-0.0279791031326582,neutral,main_overlap,posterior_exponent × group
1780,0.0807487420740816,neutral,main_overlap,posterior_exponent × group
1781,0.0451697614454293,neutral,main_overlap,posterior_exponent × group
1782,0.0756077426143393,neutral,main_overlap,posterior_exponent × group
1783,-0.0496171912720562,neutral,main_overlap,posterior_exponent × group
1784,0.0492874486653812,neutral,main_overlap,posterior_exponent × group
1785,0.0253938311861883,neutral,main_overlap,posterior_exponent × group
1786,-0.1011188184606515,neutral,main_overlap,posterior_exponent × group
1787,-0.1040597752147228,neutral,main_overlap,posterior_exponent × group
1788,-0.0767696453347859,neutral,main_overlap,posterior_exponent × group
1789,-0.0251462973971767,neutral,main_overlap,posterior_exponent × group
1790,0.0064224656468694,neutral,main_overlap,posterior_exponent × group
1791,0.0457084635130288,neutral,main_overlap,posterior_exponent × group
1792,-0.0365204704780547,neutral,main_overlap,posterior_exponent × group
1793,-0.1095844051125217,neutral,main_overlap,posterior_exponent × group
1794,-0.091953207103346,neutral,main_overlap,posterior_exponent × group
1795,0.122758063571484,neutral,main_overlap,posterior_exponent × group
1796,-0.0846981617150084,neutral,main_overlap,posterior_exponent × group
1797,0.0144162831817379,neutral,main_overlap,posterior_exponent × group
1798,-0.2121229986313464,neutral,main_overlap,posterior_exponent × group
1799,0.0146234328560359,neutral,main_overlap,posterior_exponent × group
1800,-0.0524411486215412,neutral,main_overlap,posterior_exponent × group
1801,-0.0020063280419521,neutral,main_overlap,posterior_exponent × group
1802,-0.0201299057412109,neutral,main_overlap,posterior_exponent × group
1803,-0.0229320483294327,neutral,main_overlap,posterior_exponent × group
1804,-0.1033794686143712,neutral,main_overlap,posterior_exponent × group
1805,-0.0497999725370929,neutral,main_overlap,posterior_exponent × group
1806,-0.1162615375062372,neutral,main_overlap,posterior_exponent × group
1807,-0.1305649788627205,neutral,main_overlap,posterior_exponent × group
1808,-0.0807018027476659,neutral,main_overlap,posterior_exponent × group
1809,-0.039980408439622,neutral,main_overlap,posterior_exponent × group
1810,-0.1910113762612004,neutral,main_overlap,posterior_exponent × group
1811,-0.0754594018362897,neutral,main_overlap,posterior_exponent × group
1812,0.0086593096477461,neutral,main_overlap,posterior_exponent × group
1813,-0.0505043393555342,neutral,main_overlap,posterior_exponent × group
1814,0.011783388152327,neutral,main_overlap,posterior_exponent × group
1815,-0.0767933283500991,neutral,main_overlap,posterior_exponent × group
1816,-0.0905278131768784,neutral,main_overlap,posterior_exponent × group
1817,-0.0279185250315378,neutral,main_overlap,posterior_exponent × group
1818,-0.0315806300672162,neutral,main_overlap,posterior_exponent × group
1819,-0.0777394349403531,neutral,main_overlap,posterior_exponent × group
1820,-0.0467582839089846,neutral,main_overlap,posterior_exponent × group
1821,-0.0129933346600893,neutral,main_overlap,posterior_exponent × group
1822,-0.2426081863887214,neutral,main_overlap,posterior_exponent × group
1823,0.0047612140957349,neutral,main_overlap,posterior_exponent × group
1824,0.0161514681170285,neutral,main_overlap,posterior_exponent × group
1825,0.1632410079412546,neutral,main_overlap,posterior_exponent × group
1826,-0.257937443255651,neutral,main_overlap,posterior_exponent × group
1827,-0.0204328816366032,neutral,main_overlap,posterior_exponent × group
1828,0.0049082955143462,neutral,main_overlap,posterior_exponent × group
1829,0.0950360928406626,neutral,main_overlap,posterior_exponent × group
1830,0.0467085310347438,neutral,main_overlap,posterior_exponent × group
1831,0.0941102941547613,neutral,main_overlap,posterior_exponent × group
1832,-0.1232554059436365,neutral,main_overlap,posterior_exponent × group
1833,0.031777266512685,neutral,main_overlap,posterior_exponent × group
1834,-0.0270709963669922,neutral,main_overlap,posterior_exponent × group
1835,-0.0778350422736374,neutral,main_overlap,posterior_exponent × group
1836,-0.031081813964011,neutral,main_overlap,posterior_exponent × group
1837,-0.1284779790034158,neutral,main_overlap,posterior_exponent × group
1838,0.0967970719230998,neutral,main_overlap,posterior_exponent × group
1839,-0.0509154080049723,neutral,main_overlap,posterior_exponent × group
1840,0.1064446859011173,neutral,main_overlap,posterior_exponent × group
1841,-0.0881681788712342,neutral,main_overlap,posterior_exponent × group
1842,0.0106884493866097,neutral,main_overlap,posterior_exponent × group
1843,-0.163155044406617,neutral,main_overlap,posterior_exponent × group
1844,-0.0634189783760172,neutral,main_overlap,posterior_exponent × group
1845,-0.1980651248616297,neutral,main_overlap,posterior_exponent × group
1846,-0.0609182073534784,neutral,main_overlap,posterior_exponent × group
1847,-0.0833351440537175,neutral,main_overlap,posterior_exponent × group
1848,0.0567773625921087,neutral,main_overlap,posterior_exponent × group
1849,-0.0092066008089351,neutral,main_overlap,posterior_exponent × group
1850,-0.0088341709896942,neutral,main_overlap,posterior_exponent × group
1851,-0.0908395758426215,neutral,main_overlap,posterior_exponent × group
1852,-0.1450954497558779,neutral,main_overlap,posterior_exponent × group
1853,-0.1733389908621578,neutral,main_overlap,posterior_exponent × group
1854,0.0046795169872253,neutral,main_overlap,posterior_exponent × group
1855,-0.073628436253353,neutral,main_overlap,posterior_exponent × group
1856,-0.0752537219130786,neutral,main_overlap,posterior_exponent × group
1857,-0.0615278488034909,neutral,main_overlap,posterior_exponent × group
1858,-0.1961842840587955,neutral,main_overlap,posterior_exponent × group
1859,-0.0847287863743833,neutral,main_overlap,posterior_exponent × group
1860,0.0504733733040348,neutral,main_overlap,posterior_exponent × group
1861,-0.0077366385425579,neutral,main_overlap,posterior_exponent × group
1862,-0.1012411209607312,neutral,main_overlap,posterior_exponent × group
1863,-0.0712704735033371,neutral,main_overlap,posterior_exponent × group
1864,-0.149005216945891,neutral,main_overlap,posterior_exponent × group
1865,-0.1225128501880105,neutral,main_overlap,posterior_exponent × group
1866,-0.1273705604495019,neutral,main_overlap,posterior_exponent × group
1867,-0.1129850784132341,neutral,main_overlap,posterior_exponent × group
1868,-0.055383362091458,neutral,main_overlap,posterior_exponent × group
1869,-0.1391340652348934,neutral,main_overlap,posterior_exponent × group
1870,0.0090153343989909,neutral,main_overlap,posterior_exponent × group
1871,-0.0808880782784762,neutral,main_overlap,posterior_exponent × group
1872,0.0775956747741499,neutral,main_overlap,posterior_exponent × group
1873,-0.0475717176801291,neutral,main_overlap,posterior_exponent × group
1874,-0.0984764726317715,neutral,main_overlap,posterior_exponent × group
1875,-0.254832234802063,neutral,main_overlap,posterior_exponent × group
1876,-0.0058004389078992,neutral,main_overlap,posterior_exponent × group
1877,0.0027820449955423,neutral,main_overlap,posterior_exponent × group
1878,0.1132527142481894,neutral,main_overlap,posterior_exponent × group
1879,-0.174896329995589,neutral,main_overlap,posterior_exponent × group
1880,-0.2129958965583078,neutral,main_overlap,posterior_exponent × group
1881,-0.0548369309721922,neutral,main_overlap,posterior_exponent × group
1882,-0.0282975878561535,neutral,main_overlap,posterior_exponent × group
1883,-0.0975734640918729,neutral,main_overlap,posterior_exponent × group
1884,-0.0701193311214731,neutral,main_overlap,posterior_exponent × group
1885,-0.126645828618304,neutral,main_overlap,posterior_exponent × group
1886,0.0726063734370171,neutral,main_overlap,posterior_exponent × group
1887,-0.0402058279122264,neutral,main_overlap,posterior_exponent × group
1888,-0.023465880230199,neutral,main_overlap,posterior_exponent × group
1889,-0.0355105611528157,neutral,main_overlap,posterior_exponent × group
1890,-0.164665727692701,neutral,main_overlap,posterior_exponent × group
1891,-0.1561566589278485,neutral,main_overlap,posterior_exponent × group
1892,0.1295853171440435,neutral,main_overlap,posterior_exponent × group
1893,-0.0717347265827149,neutral,main_overlap,posterior_exponent × group
1894,0.0295087570280663,neutral,main_overlap,posterior_exponent × group
1895,-0.0526442280970458,neutral,main_overlap,posterior_exponent × group
1896,-0.0204353024567458,neutral,main_overlap,posterior_exponent × group
1897,-0.1414434499034298,neutral,main_overlap,posterior_exponent × group
1898,-0.1749056924195315,neutral,main_overlap,posterior_exponent × group
1899,0.0537172814224201,neutral,main_overlap,posterior_exponent × group
1900,0.022383171407565,neutral,main_overlap,posterior_exponent × group
1901,-0.0680271620501293,neutral,main_overlap,posterior_exponent × group
1902,-0.0798348453687108,neutral,main_overlap,posterior_exponent × group
1903,0.0748777155301166,neutral,main_overlap,posterior_exponent × group
1904,-0.0310593756874683,neutral,main_overlap,posterior_exponent × group
1905,0.0094413243465082,neutral,main_overlap,posterior_exponent × group
1906,-0.0034509845810526,neutral,main_overlap,posterior_exponent × group
1907,0.0948078903494614,neutral,main_overlap,posterior_exponent × group
1908,0.1341464495281411,neutral,main_overlap,posterior_exponent × group
1909,-0.2202922330019669,neutral,main_overlap,posterior_exponent × group
1910,-0.0304644202696183,neutral,main_overlap,posterior_exponent × group
1911,-0.1025582720931962,neutral,main_overlap,posterior_exponent × group
1912,-0.0139374057374669,neutral,main_overlap,posterior_exponent × group
1913,0.0032330165585618,neutral,main_overlap,posterior_exponent × group
1914,-0.1000142504028283,neutral,main_overlap,posterior_exponent × group
1915,-0.1406597473727657,neutral,main_overlap,posterior_exponent × group
1916,-0.0835948362873322,neutral,main_overlap,posterior_exponent × group
1917,-0.0776748046740185,neutral,main_overlap,posterior_exponent × group
1918,-0.0747569851483062,neutral,main_overlap,posterior_exponent × group
1919,0.0206602987828213,neutral,main_overlap,posterior_exponent × group
1920,0.0615989126445066,neutral,main_overlap,posterior_exponent × group
1921,-0.0392489839955046,neutral,main_overlap,posterior_exponent × group
1922,-0.0402710787137584,neutral,main_overlap,posterior_exponent × group
1923,-0.1246409293230135,neutral,main_overlap,posterior_exponent × group
1924,-0.0784153387277055,neutral,main_overlap,posterior_exponent × group
1925,0.0571540010312147,neutral,main_overlap,posterior_exponent × group
1926,0.0719218308151999,neutral,main_overlap,posterior_exponent × group
1927,-0.2209850563048647,neutral,main_overlap,posterior_exponent × group
1928,-0.0523616893706868,neutral,main_overlap,posterior_exponent × group
1929,-0.118118133006424,neutral,main_overlap,posterior_exponent × group
1930,-0.0253446968882542,neutral,main_overlap,posterior_exponent × group
1931,0.074571708160477,neutral,main_overlap,posterior_exponent × group
1932,-0.0302189586606219,neutral,main_overlap,posterior_exponent × group
1933,0.0381296794337979,neutral,main_overlap,posterior_exponent × group
1934,-0.0469220905585804,neutral,main_overlap,posterior_exponent × group
1935,-0.1497559900650721,neutral,main_overlap,posterior_exponent × group
1936,-0.0874630544787267,neutral,main_overlap,posterior_exponent × group
1937,0.0694866124805001,neutral,main_overlap,posterior_exponent × group
1938,-0.1754187051058892,neutral,main_overlap,posterior_exponent × group
1939,0.0095768702278029,neutral,main_overlap,posterior_exponent × group
1940,0.0101006676776867,neutral,main_overlap,posterior_exponent × group
1941,-0.206812395751915,neutral,main_overlap,posterior_exponent × group
1942,-0.1475505771063388,neutral,main_overlap,posterior_exponent × group
1943,0.0096376917872548,neutral,main_overlap,posterior_exponent × group
1944,-0.1038379043111943,neutral,main_overlap,posterior_exponent × group
1945,-0.0145258989067815,neutral,main_overlap,posterior_exponent × group
1946,-0.0654206806101876,neutral,main_overlap,posterior_exponent × group
1947,0.1163424385046328,neutral,main_overlap,posterior_exponent × group
1948,-0.0785941559085549,neutral,main_overlap,posterior_exponent × group
1949,-0.0456247491842902,neutral,main_overlap,posterior_exponent × group
1950,-0.196504199568784,neutral,main_overlap,posterior_exponent × group
1951,-0.087702797072022,neutral,main_overlap,posterior_exponent × group
1952,0.0579118207350303,neutral,main_overlap,posterior_exponent × group
1953,0.0100659415482124,neutral,main_overlap,posterior_exponent × group
1954,-0.0736869976479358,neutral,main_overlap,posterior_exponent × group
1955,-0.0159912421229413,neutral,main_overlap,posterior_exponent × group
1956,-0.017213637462506,neutral,main_overlap,posterior_exponent × group
1957,0.0011785214800869,neutral,main_overlap,posterior_exponent × group
1958,0.003452497537362,neutral,main_overlap,posterior_exponent × group
1959,0.1093697062067394,neutral,main_overlap,posterior_exponent × group
1960,-0.1237330578344353,neutral,main_overlap,posterior_exponent × group
1961,-0.041954734311,neutral,main_overlap,posterior_exponent × group
1962,-0.0395688433643122,neutral,main_overlap,posterior_exponent × group
1963,-0.0839592903064902,neutral,main_overlap,posterior_exponent × group
1964,0.0036279570266296,neutral,main_overlap,posterior_exponent × group
1965,-0.0276915401535285,neutral,main_overlap,posterior_exponent × group
1966,-0.1337007036596491,neutral,main_overlap,posterior_exponent × group
1967,-0.0107237451422609,neutral,main_overlap,posterior_exponent × group
1968,0.0019495989821017,neutral,main_overlap,posterior_exponent × group
1969,-0.0575033512958121,neutral,main_overlap,posterior_exponent × group
1970,0.0489710243901991,neutral,main_overlap,posterior_exponent × group
1971,-0.0743031773740898,neutral,main_overlap,posterior_exponent × group
1972,0.0410282847740636,neutral,main_overlap,posterior_exponent × group
1973,0.1088359237974568,neutral,main_overlap,posterior_exponent × group
1974,-0.1487302034469452,neutral,main_overlap,posterior_exponent × group
1975,-0.1064963504376369,neutral,main_overlap,posterior_exponent × group
1976,-0.0453239458205211,neutral,main_overlap,posterior_exponent × group
1977,-0.0360881121670973,neutral,main_overlap,posterior_exponent × group
1978,-0.0906785171689683,neutral,main_overlap,posterior_exponent × group
1979,-0.1639032427454039,neutral,main_overlap,posterior_exponent × group
1980,-0.1629786569000452,neutral,main_overlap,posterior_exponent × group
1981,0.0180145503793134,neutral,main_overlap,posterior_exponent × group
1982,-0.0653112814768511,neutral,main_overlap,posterior_exponent × group
1983,-0.0383590479161657,neutral,main_overlap,posterior_exponent × group
1984,0.0134696668357201,neutral,main_overlap,posterior_exponent × group
1985,-0.1128383572761985,neutral,main_overlap,posterior_exponent × group
1986,-0.0554602681662656,neutral,main_overlap,posterior_exponent × group
1987,0.0728320296940353,neutral,main_overlap,posterior_exponent × group
1988,0.1103663402979595,neutral,main_overlap,posterior_exponent × group
1989,-0.0732766451987526,neutral,main_overlap,posterior_exponent × group
1990,-0.0302186304730083,neutral,main_overlap,posterior_exponent × group
1991,-0.0747410126704703,neutral,main_overlap,posterior_exponent × group
1992,-0.0360386540119466,neutral,main_overlap,posterior_exponent × group
1993,0.0473937853812795,neutral,main_overlap,posterior_exponent × group
1994,-0.1220534709958384,neutral,main_overlap,posterior_exponent × group
1995,0.0416635817522952,neutral,main_overlap,posterior_exponent × group
1996,0.0111823763111231,neutral,main_overlap,posterior_exponent × group
1997,-0.0786364357104402,neutral,main_overlap,posterior_exponent × group
1998,0.0687139239702162,neutral,main_overlap,posterior_exponent × group
1999,-0.0403960107711919,neutral,main_overlap,posterior_exponent × group
2000,-0.0521485124204267,neutral,main_overlap,posterior_exponent × group
2001,-0.0639399295245639,neutral,main_overlap,posterior_exponent × group
2002,-0.0194451331920733,neutral,main_overlap,posterior_exponent × group
2003,0.0490196716751443,neutral,main_overlap,posterior_exponent × group
2004,-0.2204030221612638,neutral,main_overlap,posterior_exponent × group
2005,0.0353521301058885,neutral,main_overlap,posterior_exponent × group
2006,-0.0060481644533387,neutral,main_overlap,posterior_exponent × group
2007,0.0349388047917096,neutral,main_overlap,posterior_exponent × group
2008,-0.0698570143421358,neutral,main_overlap,posterior_exponent × group
2009,-0.181800097816278,neutral,main_overlap,posterior_exponent × group
2010,-0.0625876637177005,neutral,main_overlap,posterior_exponent × group
2011,-0.0141170365208124,neutral,main_overlap,posterior_exponent × group
2012,-0.1400159293293345,neutral,main_overlap,posterior_exponent × group
2013,-0.0954103070588296,neutral,main_overlap,posterior_exponent × group
2014,-0.0288313862450383,neutral,main_overlap,posterior_exponent × group
2015,-0.0164119555313332,neutral,main_overlap,posterior_exponent × group
2016,0.0292609709737146,neutral,main_overlap,posterior_exponent × group
2017,0.0060799662367274,neutral,main_overlap,posterior_exponent × group
2018,-0.2068775501864681,neutral,main_overlap,posterior_exponent × group
2019,-0.161591425806396,neutral,main_overlap,posterior_exponent × group
2020,0.0007546026959729,neutral,main_overlap,posterior_exponent × group
2021,-0.0126881428366585,neutral,main_overlap,posterior_exponent × group
2022,-0.057598145594156,neutral,main_overlap,posterior_exponent × group
2023,-0.0563659701366977,neutral,main_overlap,posterior_exponent × group
2024,-0.1092731429934339,neutral,main_overlap,posterior_exponent × group
2025,-0.1093348716847562,neutral,main_overlap,posterior_exponent × group
2026,-0.1242623409579226,neutral,main_overlap,posterior_exponent × group
2027,-0.0609709776098615,neutral,main_overlap,posterior_exponent × group
2028,0.1015763109850771,neutral,main_overlap,posterior_exponent × group
2029,0.2247451062737676,neutral,main_overlap,posterior_exponent × group
2030,0.0779551407054022,neutral,main_overlap,posterior_exponent × group
2031,0.0518278679191539,neutral,main_overlap,posterior_exponent × group
2032,-0.0544109718086068,neutral,main_overlap,posterior_exponent × group
2033,0.051603259023719,neutral,main_overlap,posterior_exponent × group
2034,-0.1219382436279479,neutral,main_overlap,posterior_exponent × group
2035,-0.0747911114888227,neutral,main_overlap,posterior_exponent × group
2036,-0.0276372839212764,neutral,main_overlap,posterior_exponent × group
2037,0.1085720739853878,neutral,main_overlap,posterior_exponent × group
2038,-0.0636214295977889,neutral,main_overlap,posterior_exponent × group
2039,0.0014178047603131,neutral,main_overlap,posterior_exponent × group
2040,-0.113004773635224,neutral,main_overlap,posterior_exponent × group
2041,-0.054258163578501,neutral,main_overlap,posterior_exponent × group
2042,0.0628311120576887,neutral,main_overlap,posterior_exponent × group
2043,0.0168879299359045,neutral,main_overlap,posterior_exponent × group
2044,-0.0755244887202879,neutral,main_overlap,posterior_exponent × group
2045,-0.1289465973283173,neutral,main_overlap,posterior_exponent × group
2046,0.0395885585387121,neutral,main_overlap,posterior_exponent × group
2047,0.007523035665941,neutral,main_overlap,posterior_exponent × group
2048,-0.0995733058808171,neutral,main_overlap,posterior_exponent × group
2049,-0.033531563382745,neutral,main_overlap,posterior_exponent × group
2050,-0.0271865542702234,neutral,main_overlap,posterior_exponent × group
2051,-0.1364876438266188,neutral,main_overlap,posterior_exponent × group
2052,-0.1411883149296083,neutral,main_overlap,posterior_exponent × group
2053,-0.1063662974641249,neutral,main_overlap,posterior_exponent × group
2054,-0.1587769968964452,neutral,main_overlap,posterior_exponent × group
2055,-0.0359241432063623,neutral,main_overlap,posterior_exponent × group
2056,-0.021300363547197,neutral,main_overlap,posterior_exponent × group
2057,0.0426874574782183,neutral,main_overlap,posterior_exponent × group
2058,-0.0521640187228933,neutral,main_overlap,posterior_exponent × group
2059,0.0123207425284125,neutral,main_overlap,posterior_exponent × group
2060,-0.0030343070164573,neutral,main_overlap,posterior_exponent × group
2061,-0.0553842926688474,neutral,main_overlap,posterior_exponent × group
2062,-0.0197954813239125,neutral,main_overlap,posterior_exponent × group
2063,-0.1188598945086255,neutral,main_overlap,posterior_exponent × group
2064,-0.0975151037324323,neutral,main_overlap,posterior_exponent × group
2065,0.022110142511787,neutral,main_overlap,posterior_exponent × group
2066,-0.0849504748102128,neutral,main_overlap,posterior_exponent × group
2067,0.0123656775953114,neutral,main_overlap,posterior_exponent × group
2068,0.0905049142050165,neutral,main_overlap,posterior_exponent × group
2069,-0.096145257108928,neutral,main_overlap,posterior_exponent × group
2070,0.0521773803143018,neutral,main_overlap,posterior_exponent × group
2071,-0.0543684823271807,neutral,main_overlap,posterior_exponent × group
2072,-0.0993245860809693,neutral,main_overlap,posterior_exponent × group
2073,-0.0828538861664701,neutral,main_overlap,posterior_exponent × group
2074,-0.1108479428685618,neutral,main_overlap,posterior_exponent × group
2075,-0.0280016307504086,neutral,main_overlap,posterior_exponent × group
2076,-0.0489731931893912,neutral,main_overlap,posterior_exponent × group
2077,-0.209494884596471,neutral,main_overlap,posterior_exponent × group
2078,0.1480486515876786,neutral,main_overlap,posterior_exponent × group
2079,0.0588627827548355,neutral,main_overlap,posterior_exponent × group
2080,-0.1201708383533877,neutral,main_overlap,posterior_exponent × group
2081,-0.0104989292806433,neutral,main_overlap,posterior_exponent × group
2082,-0.0257266601866993,neutral,main_overlap,posterior_exponent × group
2083,-0.1144196443858495,neutral,main_overlap,posterior_exponent × group
2084,-0.0025840670182413,neutral,main_overlap,posterior_exponent × group
2085,-0.0004446327704026,neutral,main_overlap,posterior_exponent × group
2086,-0.1190251736663096,neutral,main_overlap,posterior_exponent × group
2087,0.0214090737391036,neutral,main_overlap,posterior_exponent × group
2088,-0.1266464972049144,neutral,main_overlap,posterior_exponent × group
2089,0.0272691599099545,neutral,main_overlap,posterior_exponent × group
2090,-0.0792178355294974,neutral,main_overlap,posterior_exponent × group
2091,-0.0032770430369123,neutral,main_overlap,posterior_exponent × group
2092,-0.1070039839059425,neutral,main_overlap,posterior_exponent × group
2093,0.0720295572530889,neutral,main_overlap,posterior_exponent × group
2094,-0.0466163450638593,neutral,main_overlap,posterior_exponent × group
2095,-0.068085268565853,neutral,main_overlap,posterior_exponent × group
2096,0.078026878978191,neutral,main_overlap,posterior_exponent × group
2097,-0.180359103058748,neutral,main_overlap,posterior_exponent × group
2098,-0.0382222217736308,neutral,main_overlap,posterior_exponent × group
2099,0.0459666313335672,neutral,main_overlap,posterior_exponent × group
2100,0.0267353232836918,neutral,main_overlap,posterior_exponent × group
2101,0.0326557521070573,neutral,main_overlap,posterior_exponent × group
2102,0.081943666374507,neutral,main_overlap,posterior_exponent × group
2103,-0.0939307230003376,neutral,main_overlap,posterior_exponent × group
2104,-0.0814028923101388,neutral,main_overlap,posterior_exponent × group
2105,-0.0040358419034017,neutral,main_overlap,posterior_exponent × group
2106,0.0080944011500132,neutral,main_overlap,posterior_exponent × group
2107,-0.0335441622442916,neutral,main_overlap,posterior_exponent × group
2108,-0.0544138298192079,neutral,main_overlap,posterior_exponent × group
2109,-0.2341006999726634,neutral,main_overlap,posterior_exponent × group
2110,-0.0985392035119702,neutral,main_overlap,posterior_exponent × group
2111,0.0897634945950046,neutral,main_overlap,posterior_exponent × group
2112,0.0090429468776119,neutral,main_overlap,posterior_exponent × group
2113,-0.0805012483341566,neutral,main_overlap,posterior_exponent × group
2114,-0.1918360057461229,neutral,main_overlap,posterior_exponent × group
2115,0.0337867551966017,neutral,main_overlap,posterior_exponent × group
2116,-0.1669039131919343,neutral,main_overlap,posterior_exponent × group
2117,0.0225519770219501,neutral,main_overlap,posterior_exponent × group
2118,-0.0616486586186125,neutral,main_overlap,posterior_exponent × group
2119,-0.0653183747812211,neutral,main_overlap,posterior_exponent × group
2120,-0.0739692321686737,neutral,main_overlap,posterior_exponent × group
2121,-0.0196166719887067,neutral,main_overlap,posterior_exponent × group
2122,-0.2114796967550265,neutral,main_overlap,posterior_exponent × group
2123,-0.1269141499136636,neutral,main_overlap,posterior_exponent × group
2124,-0.0393405211844354,neutral,main_overlap,posterior_exponent × group
2125,-0.0507426728989975,neutral,main_overlap,posterior_exponent × group
2126,-0.1435813921721684,neutral,main_overlap,posterior_exponent × group
2127,-0.1111443575787331,neutral,main_overlap,posterior_exponent × group
2128,0.1121065378196276,neutral,main_overlap,posterior_exponent × group
2129,0.1225467741457637,neutral,main_overlap,posterior_exponent × group
2130,-0.0451762757134714,neutral,main_overlap,posterior_exponent × group
2131,-0.0314592687932783,neutral,main_overlap,posterior_exponent × group
2132,-0.1489821488109982,neutral,main_overlap,posterior_exponent × group
2133,0.0217007841247027,neutral,main_overlap,posterior_exponent × group
2134,-0.1397698878770953,neutral,main_overlap,posterior_exponent × group
2135,-0.1087858337106451,neutral,main_overlap,posterior_exponent × group
2136,0.0201868942488082,neutral,main_overlap,posterior_exponent × group
2137,-0.1425760856153581,neutral,main_overlap,posterior_exponent × group
2138,-0.0890572536270965,neutral,main_overlap,posterior_exponent × group
2139,-0.0318265332663706,neutral,main_overlap,posterior_exponent × group
2140,-0.0205285007445916,neutral,main_overlap,posterior_exponent × group
2141,-0.0545301328218005,neutral,main_overlap,posterior_exponent × group
2142,-0.086863653238765,neutral,main_overlap,posterior_exponent × group
2143,-0.1887922129224995,neutral,main_overlap,posterior_exponent × group
2144,-0.0911304915502933,neutral,main_overlap,posterior_exponent × group
2145,-0.1438827205391604,neutral,main_overlap,posterior_exponent × group
2146,-0.1061234947050789,neutral,main_overlap,posterior_exponent × group
2147,-0.2002558712420598,neutral,main_overlap,posterior_exponent × group
2148,0.1028265601069866,neutral,main_overlap,posterior_exponent × group
2149,-0.0084832720185374,neutral,main_overlap,posterior_exponent × group
2150,-0.052346838614356,neutral,main_overlap,posterior_exponent × group
2151,-0.1051986488806639,neutral,main_overlap,posterior_exponent × group
2152,-0.0519495295370359,neutral,main_overlap,posterior_exponent × group
2153,-0.0833020268681264,neutral,main_overlap,posterior_exponent × group
2154,-0.1081380593628681,neutral,main_overlap,posterior_exponent × group
2155,-0.0298713840129921,neutral,main_overlap,posterior_exponent × group
2156,-0.0454027650075495,neutral,main_overlap,posterior_exponent × group
2157,0.0364900579272788,neutral,main_overlap,posterior_exponent × group
2158,0.0023948012937483,neutral,main_overlap,posterior_exponent × group
2159,0.0829102813516208,neutral,main_overlap,posterior_exponent × group
2160,-0.0731834367804272,neutral,main_overlap,posterior_exponent × group
2161,-0.1002669448027432,neutral,main_overlap,posterior_exponent × group
2162,0.0443740576237372,neutral,main_overlap,posterior_exponent × group
2163,-0.1181574834286698,neutral,main_overlap,posterior_exponent × group
2164,-0.0149265486969166,neutral,main_overlap,posterior_exponent × group
2165,-0.0415392391923575,neutral,main_overlap,posterior_exponent × group
2166,0.0360318855999609,neutral,main_overlap,posterior_exponent × group
2167,-0.2742507098094403,neutral,main_overlap,posterior_exponent × group
2168,-0.0185778347048539,neutral,main_overlap,posterior_exponent × group
2169,-0.1092561722710405,neutral,main_overlap,posterior_exponent × group
2170,0.0015973205731838,neutral,main_overlap,posterior_exponent × group
2171,-0.0986374040646913,neutral,main_overlap,posterior_exponent × group
2172,-0.0399453835385513,neutral,main_overlap,posterior_exponent × group
2173,0.0792727801092718,neutral,main_overlap,posterior_exponent × group
2174,-0.0052028302853755,neutral,main_overlap,posterior_exponent × group
2175,-0.1122070853616466,neutral,main_overlap,posterior_exponent × group
2176,0.0059625505769829,neutral,main_overlap,posterior_exponent × group
2177,0.0438417389307843,neutral,main_overlap,posterior_exponent × group
2178,-0.0417317085862908,neutral,main_overlap,posterior_exponent × group
2179,0.0800837319643371,neutral,main_overlap,posterior_exponent × group
2180,-0.128029492169013,neutral,main_overlap,posterior_exponent × group
2181,-0.1947618833041405,neutral,main_overlap,posterior_exponent × group
2182,-0.0206207020884873,neutral,main_overlap,posterior_exponent × group
2183,-0.1249983457815178,neutral,main_overlap,posterior_exponent × group
2184,-0.1559833561470054,neutral,main_overlap,posterior_exponent × group
2185,-0.1151226730707778,neutral,main_overlap,posterior_exponent × group
2186,0.1276558874239733,neutral,main_overlap,posterior_exponent × group
2187,0.0132570958715304,neutral,main_overlap,posterior_exponent × group
2188,-0.1947843630346492,neutral,main_overlap,posterior_exponent × group
2189,0.0078816313381636,neutral,main_overlap,posterior_exponent × group
2190,-0.1004977988322022,neutral,main_overlap,posterior_exponent × group
2191,-0.0776272905017712,neutral,main_overlap,posterior_exponent × group
2192,-0.1537361592515106,neutral,main_overlap,posterior_exponent × group
2193,0.0064884105466294,neutral,main_overlap,posterior_exponent × group
2194,0.1627158809679074,neutral,main_overlap,posterior_exponent × group
2195,-0.1197934709451331,neutral,main_overlap,posterior_exponent × group
2196,0.0372993601092502,neutral,main_overlap,posterior_exponent × group
2197,0.0493632400371604,neutral,main_overlap,posterior_exponent × group
2198,-0.0486521557631412,neutral,main_overlap,posterior_exponent × group
2199,0.020624905051282,neutral,main_overlap,posterior_exponent × group
2200,-0.0329377553866486,neutral,main_overlap,posterior_exponent × group
2201,-0.0807590091841018,neutral,main_overlap,posterior_exponent × group
2202,-0.0201471233631215,neutral,main_overlap,posterior_exponent × group
2203,-0.0114974150358633,neutral,main_overlap,posterior_exponent × group
2204,-0.154382339642586,neutral,main_overlap,posterior_exponent × group
2205,0.0455020320471754,neutral,main_overlap,posterior_exponent × group
2206,0.0207462091465661,neutral,main_overlap,posterior_exponent × group
2207,-0.0595132629876112,neutral,main_overlap,posterior_exponent × group
2208,0.0005606561276192,neutral,main_overlap,posterior_exponent × group
2209,-0.1505511683980518,neutral,main_overlap,posterior_exponent × group
2210,0.110531249680765,neutral,main_overlap,posterior_exponent × group
2211,0.0017480936275563,neutral,main_overlap,posterior_exponent × group
2212,-0.0862060478089888,neutral,main_overlap,posterior_exponent × group
2213,0.0088556662862417,neutral,main_overlap,posterior_exponent × group
2214,-0.0402128339474313,neutral,main_overlap,posterior_exponent × group
2215,-0.0476190415319109,neutral,main_overlap,posterior_exponent × group
2216,-0.1564141180132853,neutral,main_overlap,posterior_exponent × group
2217,-0.0949244870518097,neutral,main_overlap,posterior_exponent × group
2218,-0.186759485632784,neutral,main_overlap,posterior_exponent × group
2219,-0.1498419975406146,neutral,main_overlap,posterior_exponent × group
2220,-0.1508028589497817,neutral,main_overlap,posterior_exponent × group
2221,-0.0379159916151418,neutral,main_overlap,posterior_exponent × group
2222,-0.069991667761197,neutral,main_overlap,posterior_exponent × group
2223,-0.1216354058884408,neutral,main_overlap,posterior_exponent × group
2224,-0.0119840759013176,neutral,main_overlap,posterior_exponent × group
2225,-0.0988606165499035,neutral,main_overlap,posterior_exponent × group
2226,-0.0941387276850532,neutral,main_overlap,posterior_exponent × group
2227,0.0101866843083284,neutral,main_overlap,posterior_exponent × group
2228,0.1187059739618151,neutral,main_overlap,posterior_exponent × group
2229,-0.0325810451253515,neutral,main_overlap,posterior_exponent × group
2230,-0.0593489150834165,neutral,main_overlap,posterior_exponent × group
2231,-0.0452743276971209,neutral,main_overlap,posterior_exponent × group
2232,-0.1927182256708791,neutral,main_overlap,posterior_exponent × group
2233,-0.064424168666345,neutral,main_overlap,posterior_exponent × group
2234,-0.1155256667835973,neutral,main_overlap,posterior_exponent × group
2235,0.0066122696008442,neutral,main_overlap,posterior_exponent × group
2236,0.024289713634819,neutral,main_overlap,posterior_exponent × group
2237,-0.1328766958932035,neutral,main_overlap,posterior_exponent × group
2238,-0.0830913052440304,neutral,main_overlap,posterior_exponent × group
2239,-0.0797951821790504,neutral,main_overlap,posterior_exponent × group
2240,-0.1214628215139843,neutral,main_overlap,posterior_exponent × group
2241,0.117323709133874,neutral,main_overlap,posterior_exponent × group
2242,-0.0589784816659851,neutral,main_overlap,posterior_exponent × group
2243,-0.1909890881484441,neutral,main_overlap,posterior_exponent × group
2244,-0.0679538580761548,neutral,main_overlap,posterior_exponent × group
2245,-0.013003399706613,neutral,main_overlap,posterior_exponent × group
2246,-0.0769321250549234,neutral,main_overlap,posterior_exponent × group
2247,-0.0664234843780412,neutral,main_overlap,posterior_exponent × group
2248,-0.0305351270796377,neutral,main_overlap,posterior_exponent × group
2249,-0.0594192656700972,neutral,main_overlap,posterior_exponent × group
2250,-0.1460770766487874,neutral,main_overlap,posterior_exponent × group
2251,-0.1390781744333671,neutral,main_overlap,posterior_exponent × group
2252,-0.0144518368222295,neutral,main_overlap,posterior_exponent × group
2253,0.059907922332181,neutral,main_overlap,posterior_exponent × group
2254,0.064671642979263,neutral,main_overlap,posterior_exponent × group
2255,-0.2864546186490331,neutral,main_overlap,posterior_exponent × group
2256,0.0655484373716014,neutral,main_overlap,posterior_exponent × group
2257,-0.1006265381301765,neutral,main_overlap,posterior_exponent × group
2258,0.0820829706139772,neutral,main_overlap,posterior_exponent × group
2259,-0.0286114546999675,neutral,main_overlap,posterior_exponent × group
2260,-0.0379230735286168,neutral,main_overlap,posterior_exponent × group
2261,-0.143698284358536,neutral,main_overlap,posterior_exponent × group
2262,-0.1391652489556608,neutral,main_overlap,posterior_exponent × group
2263,-0.1075562875300729,neutral,main_overlap,posterior_exponent × group
2264,0.0465036139329187,neutral,main_overlap,posterior_exponent × group
2265,-0.1803179223391532,neutral,main_overlap,posterior_exponent × group
2266,-0.1585391041237984,neutral,main_overlap,posterior_exponent × group
2267,-0.0121487793763756,neutral,main_overlap,posterior_exponent × group
2268,-0.0314073495256876,neutral,main_overlap,posterior_exponent × group
2269,0.0479865616245971,neutral,main_overlap,posterior_exponent × group
2270,-0.0731495871264868,neutral,main_overlap,posterior_exponent × group
2271,-0.0065369890073038,neutral,main_overlap,posterior_exponent × group
2272,-0.106343132543571,neutral,main_overlap,posterior_exponent × group
2273,-0.0803655741305643,neutral,main_overlap,posterior_exponent × group
2274,-0.0114907411986568,neutral,main_overlap,posterior_exponent × group
2275,0.0037850996183374,neutral,main_overlap,posterior_exponent × group
2276,-0.1228688490356971,neutral,main_overlap,posterior_exponent × group
2277,0.1084168850828429,neutral,main_overlap,posterior_exponent × group
2278,-0.0995072200212162,neutral,main_overlap,posterior_exponent × group
2279,-0.0461127776261781,neutral,main_overlap,posterior_exponent × group
2280,0.118537757868344,neutral,main_overlap,posterior_exponent × group
2281,-0.0210929997626005,neutral,main_overlap,posterior_exponent × group
2282,-0.0181092808546674,neutral,main_overlap,posterior_exponent × group
2283,-0.0728497457315138,neutral,main_overlap,posterior_exponent × group
2284,0.0035018208199786,neutral,main_overlap,posterior_exponent × group
2285,-0.0029784573950025,neutral,main_overlap,posterior_exponent × group
2286,-0.1046963155071534,neutral,main_overlap,posterior_exponent × group
2287,-0.1248620848701481,neutral,main_overlap,posterior_exponent × group
2288,-0.0712744902654908,neutral,main_overlap,posterior_exponent × group
2289,-0.1005019577656834,neutral,main_overlap,posterior_exponent × group
2290,-0.035736268865216,neutral,main_overlap,posterior_exponent × group
2291,-0.2246171861754379,neutral,main_overlap,posterior_exponent × group
2292,-0.0524256449838829,neutral,main_overlap,posterior_exponent × group
2293,-0.1171575875048612,neutral,main_overlap,posterior_exponent × group
2294,0.0693546798546463,neutral,main_overlap,posterior_exponent × group
2295,-0.1568606177824357,neutral,main_overlap,posterior_exponent × group
2296,-0.0148798307302681,neutral,main_overlap,posterior_exponent × group
2297,0.0149065767062093,neutral,main_overlap,posterior_exponent × group
2298,-0.1193748141656319,neutral,main_overlap,posterior_exponent × group
2299,-0.1132738478304854,neutral,main_overlap,posterior_exponent × group
2300,-0.045339319389144,neutral,main_overlap,posterior_exponent × group
2301,0.0088507919679689,neutral,main_overlap,posterior_exponent × group
2302,-0.1991710463088458,neutral,main_overlap,posterior_exponent × group
2303,0.1187833526098146,neutral,main_overlap,posterior_exponent × group
2304,-0.0500160393645467,neutral,main_overlap,posterior_exponent × group
2305,-0.1522180675317146,neutral,main_overlap,posterior_exponent × group
2306,-0.2054159642212795,neutral,main_overlap,posterior_exponent × group
2307,-0.0575420225881931,neutral,main_overlap,posterior_exponent × group
2308,-0.0160412082756855,neutral,main_overlap,posterior_exponent × group
2309,0.0998824481023878,neutral,main_overlap,posterior_exponent × group
2310,-0.11870627092959,neutral,main_overlap,posterior_exponent × group
2311,0.0717448427224762,neutral,main_overlap,posterior_exponent × group
2312,-0.0500486087303148,neutral,main_overlap,posterior_exponent × group
2313,-0.0924416891214075,neutral,main_overlap,posterior_exponent × group
2314,0.0905114217623542,neutral,main_overlap,posterior_exponent × group
2315,0.112382987357842,neutral,main_overlap,posterior_exponent × group
2316,-0.0632622884698415,neutral,main_overlap,posterior_exponent × group
2317,-0.0498999382310868,neutral,main_overlap,posterior_exponent × group
2318,-0.0022438168435463,neutral,main_overlap,posterior_exponent × group
2319,-0.1283259098911842,neutral,main_overlap,posterior_exponent × group
2320,0.0149482031644642,neutral,main_overlap,posterior_exponent × group
2321,0.035311964488529,neutral,main_overlap,posterior_exponent × group
2322,-0.1064412076504948,neutral,main_overlap,posterior_exponent × group
2323,0.0892400331260259,neutral,main_overlap,posterior_exponent × group
2324,-0.0428936870099081,neutral,main_overlap,posterior_exponent × group
2325,-0.174305802351876,neutral,main_overlap,posterior_exponent × group
2326,-0.0756479807157239,neutral,main_overlap,posterior_exponent × group
2327,-0.1996787635019645,neutral,main_overlap,posterior_exponent × group
2328,-0.0684739198023072,neutral,main_overlap,posterior_exponent × group
2329,0.0069741660136768,neutral,main_overlap,posterior_exponent × group
2330,0.0696848250699763,neutral,main_overlap,posterior_exponent × group
2331,-0.2246664851846113,neutral,main_overlap,posterior_exponent × group
2332,0.016379631274537,neutral,main_overlap,posterior_exponent × group
2333,-0.0141810549020831,neutral,main_overlap,posterior_exponent × group
2334,0.0410743307284144,neutral,main_overlap,posterior_exponent × group
2335,0.0478302244662945,neutral,main_overlap,posterior_exponent × group
2336,-0.0205778788594374,neutral,main_overlap,posterior_exponent × group
2337,-0.1056241486108368,neutral,main_overlap,posterior_exponent × group
2338,-0.0830542326694779,neutral,main_overlap,posterior_exponent × group
2339,0.0169393451537268,neutral,main_overlap,posterior_exponent × group
2340,0.0039623639103618,neutral,main_overlap,posterior_exponent × group
2341,-0.1776963725057735,neutral,main_overlap,posterior_exponent × group
2342,0.0492617315300551,neutral,main_overlap,posterior_exponent × group
2343,-0.0280699004639174,neutral,main_overlap,posterior_exponent × group
2344,-0.0732916153488168,neutral,main_overlap,posterior_exponent × group
2345,-0.0551725548433084,neutral,main_overlap,posterior_exponent × group
2346,0.026929224655849,neutral,main_overlap,posterior_exponent × group
2347,0.0273253114619259,neutral,main_overlap,posterior_exponent × group
2348,-0.0271800405579206,neutral,main_overlap,posterior_exponent × group
2349,-0.1072233724543482,neutral,main_overlap,posterior_exponent × group
2350,-0.0663311659035398,neutral,main_overlap,posterior_exponent × group
2351,-0.010242842723127,neutral,main_overlap,posterior_exponent × group
2352,0.0944505592553348,neutral,main_overlap,posterior_exponent × group
2353,-0.1303744286338793,neutral,main_overlap,posterior_exponent × group
2354,-0.2262938134738827,neutral,main_overlap,posterior_exponent × group
2355,-0.0313827672226116,neutral,main_overlap,posterior_exponent × group
2356,-0.1087640680569563,neutral,main_overlap,posterior_exponent × group
2357,0.0866050933535358,neutral,main_overlap,posterior_exponent × group
2358,-0.0934033773865354,neutral,main_overlap,posterior_exponent × group
2359,-0.0851638840717267,neutral,main_overlap,posterior_exponent × group
2360,-0.1365515408520784,neutral,main_overlap,posterior_exponent × group
2361,-0.0074006226617447,neutral,main_overlap,posterior_exponent × group
2362,-0.1346339020994406,neutral,main_overlap,posterior_exponent × group
2363,-0.0033996283309791,neutral,main_overlap,posterior_exponent × group
2364,-0.0489635041461343,neutral,main_overlap,posterior_exponent × group
2365,0.025080587466814,neutral,main_overlap,posterior_exponent × group
2366,-0.0722658356429359,neutral,main_overlap,posterior_exponent × group
2367,-0.1519286280465498,neutral,main_overlap,posterior_exponent × group
2368,0.0627950584191867,neutral,main_overlap,posterior_exponent × group
2369,0.0361632578791925,neutral,main_overlap,posterior_exponent × group
2370,-0.0313016564857516,neutral,main_overlap,posterior_exponent × group
2371,-0.0487423193239625,neutral,main_overlap,posterior_exponent × group
2372,0.005234959904679,neutral,main_overlap,posterior_exponent × group
2373,-0.0909072662048121,neutral,main_overlap,posterior_exponent × group
2374,-0.0793349873617017,neutral,main_overlap,posterior_exponent × group
2375,-0.0448056361621609,neutral,main_overlap,posterior_exponent × group
2376,-0.0434579695156408,neutral,main_overlap,posterior_exponent × group
2377,-0.2119666408017699,neutral,main_overlap,posterior_exponent × group
2378,-0.1183594760768729,neutral,main_overlap,posterior_exponent × group
2379,-0.0807370847712913,neutral,main_overlap,posterior_exponent × group
2380,-0.1076278345440741,neutral,main_overlap,posterior_exponent × group
2381,0.0039022282612437,neutral,main_overlap,posterior_exponent × group
2382,-0.0764360703555193,neutral,main_overlap,posterior_exponent × group
2383,-0.0994657752769639,neutral,main_overlap,posterior_exponent × group
2384,-0.1546516180718864,neutral,main_overlap,posterior_exponent × group
2385,-0.182818090145833,neutral,main_overlap,posterior_exponent × group
2386,-0.0772068305447956,neutral,main_overlap,posterior_exponent × group
2387,-0.1050646475394788,neutral,main_overlap,posterior_exponent × group
2388,0.0277032659002191,neutral,main_overlap,posterior_exponent × group
2389,0.0185440688579943,neutral,main_overlap,posterior_exponent × group
2390,-0.0346299339511428,neutral,main_overlap,posterior_exponent × group
2391,-0.1455295810238035,neutral,main_overlap,posterior_exponent × group
2392,0.0510504187783438,neutral,main_overlap,posterior_exponent × group
2393,-0.0409256233975653,neutral,main_overlap,posterior_exponent × group
2394,0.0464966481349079,neutral,main_overlap,posterior_exponent × group
2395,-0.0997301888074811,neutral,main_overlap,posterior_exponent × group
2396,-0.0151709088425388,neutral,main_overlap,posterior_exponent × group
2397,0.0425966270925369,neutral,main_overlap,posterior_exponent × group
2398,-0.0633250475249931,neutral,main_overlap,posterior_exponent × group
2399,-0.0060644345423445,neutral,main_overlap,posterior_exponent × group
2400,-0.2068298522568447,neutral,main_overlap,posterior_exponent × group
2401,-0.0316957770883961,neutral,main_overlap,posterior_exponent × group
2402,-0.0758678365310411,neutral,main_overlap,posterior_exponent × group
2403,-0.0531330896537239,neutral,main_overlap,posterior_exponent × group
2404,-0.1409468001449871,neutral,main_overlap,posterior_exponent × group
2405,-0.0340604597514048,neutral,main_overlap,posterior_exponent × group
2406,-0.073786563810968,neutral,main_overlap,posterior_exponent × group
2407,-0.0036915358002549,neutral,main_overlap,posterior_exponent × group
2408,-0.1276893493131277,neutral,main_overlap,posterior_exponent × group
2409,-0.1420752911929165,neutral,main_overlap,posterior_exponent × group
2410,-0.0269686321544205,neutral,main_overlap,posterior_exponent × group
2411,-0.0308316992303226,neutral,main_overlap,posterior_exponent × group
2412,-0.1078658643395645,neutral,main_overlap,posterior_exponent × group
2413,-0.0785973265301292,neutral,main_overlap,posterior_exponent × group
2414,-0.0687704942894357,neutral,main_overlap,posterior_exponent × group
2415,-0.2017237387132722,neutral,main_overlap,posterior_exponent × group
2416,-0.0395110224062299,neutral,main_overlap,posterior_exponent × group
2417,0.0462389514116264,neutral,main_overlap,posterior_exponent × group
2418,-0.070771584411919,neutral,main_overlap,posterior_exponent × group
2419,0.0026951320112919,neutral,main_overlap,posterior_exponent × group
2420,-0.1610875196508698,neutral,main_overlap,posterior_exponent × group
2421,0.0601322194868633,neutral,main_overlap,posterior_exponent × group
2422,-0.1866360788061202,neutral,main_overlap,posterior_exponent × group
2423,-0.0850687098166434,neutral,main_overlap,posterior_exponent × group
2424,-0.0556671663128158,neutral,main_overlap,posterior_exponent × group
2425,0.0606224382403273,neutral,main_overlap,posterior_exponent × group
2426,-0.0798603843810398,neutral,main_overlap,posterior_exponent × group
2427,-0.110046696898607,neutral,main_overlap,posterior_exponent × group
2428,-0.000112109538426,neutral,main_overlap,posterior_exponent × group
2429,-0.0261112030702139,neutral,main_overlap,posterior_exponent × group
2430,-0.1270874031278319,neutral,main_overlap,posterior_exponent × group
2431,0.0306247361607951,neutral,main_overlap,posterior_exponent × group
2432,-0.1650847944444275,neutral,main_overlap,posterior_exponent × group
2433,0.0340089896884389,neutral,main_overlap,posterior_exponent × group
2434,0.0425655625972647,neutral,main_overlap,posterior_exponent × group
2435,-0.1064361500301005,neutral,main_overlap,posterior_exponent × group
2436,-0.1235417847510726,neutral,main_overlap,posterior_exponent × group
2437,0.0784828027676111,neutral,main_overlap,posterior_exponent × group
2438,-0.0618197461077247,neutral,main_overlap,posterior_exponent × group
2439,0.0369394282057144,neutral,main_overlap,posterior_exponent × group
2440,0.0025650650979933,neutral,main_overlap,posterior_exponent × group
2441,-0.0504775230185546,neutral,main_overlap,posterior_exponent × group
2442,-0.1421842625055856,neutral,main_overlap,posterior_exponent × group
2443,-0.0245700940424397,neutral,main_overlap,posterior_exponent × group
2444,-0.0179600479354109,neutral,main_overlap,posterior_exponent × group
2445,0.0497121554885418,neutral,main_overlap,posterior_exponent × group
2446,-0.0693142288216938,neutral,main_overlap,posterior_exponent × group
2447,0.0496229607659974,neutral,main_overlap,posterior_exponent × group
2448,-0.0909696719036591,neutral,main_overlap,posterior_exponent × group
2449,-0.1417356816590685,neutral,main_overlap,posterior_exponent × group
2450,-0.194683020665539,neutral,main_overlap,posterior_exponent × group
2451,0.0312192930404497,neutral,main_overlap,posterior_exponent × group
2452,-0.0536295126162637,neutral,main_overlap,posterior_exponent × group
2453,-0.032340307084253,neutral,main_overlap,posterior_exponent × group
2454,-0.0106267182727742,neutral,main_overlap,posterior_exponent × group
2455,-0.0309983849956873,neutral,main_overlap,posterior_exponent × group
2456,-0.1279115280777094,neutral,main_overlap,posterior_exponent × group
2457,0.0521845432718153,neutral,main_overlap,posterior_exponent × group
2458,0.0943537646925644,neutral,main_overlap,posterior_exponent × group
2459,0.0370353492792537,neutral,main_overlap,posterior_exponent × group
2460,-0.0849488287776395,neutral,main_overlap,posterior_exponent × group
2461,-0.0230254882497596,neutral,main_overlap,posterior_exponent × group
2462,-0.1155834924392763,neutral,main_overlap,posterior_exponent × group
2463,-0.0376884034293351,neutral,main_overlap,posterior_exponent × group
2464,-0.0898390932209813,neutral,main_overlap,posterior_exponent × group
2465,0.0570838623822896,neutral,main_overlap,posterior_exponent × group
2466,-0.0913144184872636,neutral,main_overlap,posterior_exponent × group
2467,0.0189345000678735,neutral,main_overlap,posterior_exponent × group
2468,0.009412411165589,neutral,main_overlap,posterior_exponent × group
2469,-0.1384437132198411,neutral,main_overlap,posterior_exponent × group
2470,-0.0771735682204565,neutral,main_overlap,posterior_exponent × group
2471,0.1639622908341603,neutral,main_overlap,posterior_exponent × group
2472,0.0236928416734377,neutral,main_overlap,posterior_exponent × group
2473,-0.0354597871627109,neutral,main_overlap,posterior_exponent × group
2474,-0.0383652303617219,neutral,main_overlap,posterior_exponent × group
2475,-0.0409284134851344,neutral,main_overlap,posterior_exponent × group
2476,0.1221180988828311,neutral,main_overlap,posterior_exponent × group
2477,-0.0154009217732284,neutral,main_overlap,posterior_exponent × group
2478,0.0404794488242365,neutral,main_overlap,posterior_exponent × group
2479,-0.0827754356095479,neutral,main_overlap,posterior_exponent × group
2480,-0.0158299709482431,neutral,main_overlap,posterior_exponent × group
2481,-0.1701239172925573,neutral,main_overlap,posterior_exponent × group
2482,-0.0807459269804083,neutral,main_overlap,posterior_exponent × group
2483,-0.0129525482869206,neutral,main_overlap,posterior_exponent × group
2484,-0.0288203599909763,neutral,main_overlap,posterior_exponent × group
2485,-0.0755296480259359,neutral,main_overlap,posterior_exponent × group
2486,-0.0555858570977538,neutral,main_overlap,posterior_exponent × group
2487,0.1150377896152902,neutral,main_overlap,posterior_exponent × group
2488,-0.1898770227300341,neutral,main_overlap,posterior_exponent × group
2489,-0.1412254987313635,neutral,main_overlap,posterior_exponent × group
2490,0.0259403507914812,neutral,main_overlap,posterior_exponent × group
2491,-0.1374774934796031,neutral,main_overlap,posterior_exponent × group
2492,-0.0008633443589443,neutral,main_overlap,posterior_exponent × group
2493,-0.0392233154570264,neutral,main_overlap,posterior_exponent × group
2494,-0.0882491679153584,neutral,main_overlap,posterior_exponent × group
2495,-0.0409756448749977,neutral,main_overlap,posterior_exponent × group
2496,-0.067679291664592,neutral,main_overlap,posterior_exponent × group
2497,-0.0964380029687565,neutral,main_overlap,posterior_exponent × group
2498,-0.0097067549280867,neutral,main_overlap,posterior_exponent × group
2499,-0.053412721571536,neutral,main_overlap,posterior_exponent × group
2500,-0.07111508611461,neutral,main_overlap,posterior_exponent × group
2501,-0.0023353070617578,neutral,main_overlap,posterior_exponent × group
2502,-0.0235308058978651,neutral,main_overlap,posterior_exponent × group
2503,0.0444407276490022,neutral,main_overlap,posterior_exponent × group
2504,-0.0009881713787065,neutral,main_overlap,posterior_exponent × group
2505,-0.1623550730901303,neutral,main_overlap,posterior_exponent × group
2506,-0.0057585402588395,neutral,main_overlap,posterior_exponent × group
2507,0.0140401677148501,neutral,main_overlap,posterior_exponent × group
2508,-0.0727819955026393,neutral,main_overlap,posterior_exponent × group
2509,-0.1026124034135019,neutral,main_overlap,posterior_exponent × group
2510,-0.051320517782478,neutral,main_overlap,posterior_exponent × group
2511,0.0368281581168599,neutral,main_overlap,posterior_exponent × group
2512,0.081767068839594,neutral,main_overlap,posterior_exponent × group
2513,-0.1360092673580795,neutral,main_overlap,posterior_exponent × group
2514,-0.1095625902251767,neutral,main_overlap,posterior_exponent × group
2515,-0.023222116402101,neutral,main_overlap,posterior_exponent × group
2516,-0.036274166601837,neutral,main_overlap,posterior_exponent × group
2517,-0.030884837403547,neutral,main_overlap,posterior_exponent × group
2518,0.081075440087055,neutral,main_overlap,posterior_exponent × group
2519,0.0205704317794867,neutral,main_overlap,posterior_exponent × group
2520,-0.1103843291483206,neutral,main_overlap,posterior_exponent × group
2521,-0.0712128372939901,neutral,main_overlap,posterior_exponent × group
2522,0.0598052244388587,neutral,main_overlap,posterior_exponent × group
2523,0.0376186013581915,neutral,main_overlap,posterior_exponent × group
2524,-0.0260040945473101,neutral,main_overlap,posterior_exponent × group
2525,-0.0170284167558987,neutral,main_overlap,posterior_exponent × group
2526,0.0226517625969583,neutral,main_overlap,posterior_exponent × group
2527,-0.1805730614538393,neutral,main_overlap,posterior_exponent × group
2528,0.0305023159662532,neutral,main_overlap,posterior_exponent × group
2529,-0.0910718528047514,neutral,main_overlap,posterior_exponent × group
2530,-0.1537518259750714,neutral,main_overlap,posterior_exponent × group
2531,0.0306003786731758,neutral,main_overlap,posterior_exponent × group
2532,-0.0237733513612997,neutral,main_overlap,posterior_exponent × group
2533,-0.0874110370669114,neutral,main_overlap,posterior_exponent × group
2534,-0.0020703755315975,neutral,main_overlap,posterior_exponent × group
2535,0.0476632267765339,neutral,main_overlap,posterior_exponent × group
2536,-0.071449144326543,neutral,main_overlap,posterior_exponent × group
2537,-0.046196297705568,neutral,main_overlap,posterior_exponent × group
2538,-0.1102693548622813,neutral,main_overlap,posterior_exponent × group
2539,0.1278800796905387,neutral,main_overlap,posterior_exponent × group
2540,-0.1100507313886194,neutral,main_overlap,posterior_exponent × group
2541,-0.0995509052732014,neutral,main_overlap,posterior_exponent × group
2542,-0.0510509985648989,neutral,main_overlap,posterior_exponent × group
2543,0.1043716056318322,neutral,main_overlap,posterior_exponent × group
2544,-0.1156965962548575,neutral,main_overlap,posterior_exponent × group
2545,-0.1351382335006061,neutral,main_overlap,posterior_exponent × group
2546,0.0269637022614601,neutral,main_overlap,posterior_exponent × group
2547,-0.0096307790729568,neutral,main_overlap,posterior_exponent × group
2548,-0.0978789528421554,neutral,main_overlap,posterior_exponent × group
2549,-0.0490733879499858,neutral,main_overlap,posterior_exponent × group
2550,0.06606497139256,neutral,main_overlap,posterior_exponent × group
2551,0.0818028045770783,neutral,main_overlap,posterior_exponent × group
2552,-0.0612739846417141,neutral,main_overlap,posterior_exponent × group
2553,-0.1854347891610171,neutral,main_overlap,posterior_exponent × group
2554,-0.0205471843136255,neutral,main_overlap,posterior_exponent × group
2555,-0.0422691627462475,neutral,main_overlap,posterior_exponent × group
2556,-0.0675390560962322,neutral,main_overlap,posterior_exponent × group
2557,-0.0281463470947353,neutral,main_overlap,posterior_exponent × group
2558,-0.1864089994902836,neutral,main_overlap,posterior_exponent × group
2559,0.0049571267331744,neutral,main_overlap,posterior_exponent × group
2560,-0.1199718918619363,neutral,main_overlap,posterior_exponent × group
2561,-0.1222956822818443,neutral,main_overlap,posterior_exponent × group
2562,-0.0094050408354396,neutral,main_overlap,posterior_exponent × group
2563,-0.1262811593150682,neutral,main_overlap,posterior_exponent × group
2564,-0.2279202032021619,neutral,main_overlap,posterior_exponent × group
2565,-0.1394651770837231,neutral,main_overlap,posterior_exponent × group
2566,-0.1716983356220856,neutral,main_overlap,posterior_exponent × group
2567,0.035675821993901,neutral,main_overlap,posterior_exponent × group
2568,-0.117147800045969,neutral,main_overlap,posterior_exponent × group
2569,0.0200526837959175,neutral,main_overlap,posterior_exponent × group
2570,-0.1540045922304235,neutral,main_overlap,posterior_exponent × group
2571,-0.080052711566953,neutral,main_overlap,posterior_exponent × group
2572,0.0546740971353046,neutral,main_overlap,posterior_exponent × group
2573,-0.0499402315287586,neutral,main_overlap,posterior_exponent × group
2574,-0.1714355227766229,neutral,main_overlap,posterior_exponent × group
2575,-0.0572936348521308,neutral,main_overlap,posterior_exponent × group
2576,-0.0524302830540513,neutral,main_overlap,posterior_exponent × group
2577,-0.0372627596556257,neutral,main_overlap,posterior_exponent × group
2578,-0.1367645294654674,neutral,main_overlap,posterior_exponent × group
2579,0.0157067643193501,neutral,main_overlap,posterior_exponent × group
2580,-0.1920107593611942,neutral,main_overlap,posterior_exponent × group
2581,-0.1030769643582665,neutral,main_overlap,posterior_exponent × group
2582,0.0825910895281556,neutral,main_overlap,posterior_exponent × group
2583,-0.0659019151258056,neutral,main_overlap,posterior_exponent × group
2584,-0.0305199741434536,neutral,main_overlap,posterior_exponent × group
2585,-0.0081277678331575,neutral,main_overlap,posterior_exponent × group
2586,-0.0966630180185581,neutral,main_overlap,posterior_exponent × group
2587,0.0345449320009823,neutral,main_overlap,posterior_exponent × group
2588,0.1265648525760707,neutral,main_overlap,posterior_exponent × group
2589,-0.0329918085011558,neutral,main_overlap,posterior_exponent × group
2590,-0.0437512177447663,neutral,main_overlap,posterior_exponent × group
2591,-0.1808827301092974,neutral,main_overlap,posterior_exponent × group
2592,-0.0429995388383015,neutral,main_overlap,posterior_exponent × group
2593,-0.0853583758502023,neutral,main_overlap,posterior_exponent × group
2594,0.1632008040428041,neutral,main_overlap,posterior_exponent × group
2595,-0.0133360722563142,neutral,main_overlap,posterior_exponent × group
2596,0.079366510991899,neutral,main_overlap,posterior_exponent × group
2597,-0.269231183468838,neutral,main_overlap,posterior_exponent × group
2598,-0.2063657720038745,neutral,main_overlap,posterior_exponent × group
2599,-0.1678992661646026,neutral,main_overlap,posterior_exponent × group
2600,0.0703734892219046,neutral,main_overlap,posterior_exponent × group
2601,-0.1756303808044331,neutral,main_overlap,posterior_exponent × group
2602,-0.101069407317729,neutral,main_overlap,posterior_exponent × group
2603,-0.1330728337462312,neutral,main_overlap,posterior_exponent × group
2604,0.028077506601315,neutral,main_overlap,posterior_exponent × group
2605,0.0948530629113736,neutral,main_overlap,posterior_exponent × group
2606,-0.1577541234918414,neutral,main_overlap,posterior_exponent × group
2607,-0.1087749869554824,neutral,main_overlap,posterior_exponent × group
2608,-0.0376866280552912,neutral,main_overlap,posterior_exponent × group
2609,-0.0172147144104702,neutral,main_overlap,posterior_exponent × group
2610,0.1500057151570644,neutral,main_overlap,posterior_exponent × group
2611,-0.1242020483074235,neutral,main_overlap,posterior_exponent × group
2612,-0.0169976516773309,neutral,main_overlap,posterior_exponent × group
2613,-0.0770455624223922,neutral,main_overlap,posterior_exponent × group
2614,-0.0269066122343383,neutral,main_overlap,posterior_exponent × group
2615,-0.091010293592135,neutral,main_overlap,posterior_exponent × group
2616,-0.0854016873258364,neutral,main_overlap,posterior_exponent × group
2617,-0.1463629389761138,neutral,main_overlap,posterior_exponent × group
2618,0.0015392782410752,neutral,main_overlap,posterior_exponent × group
2619,-0.0003455313619041,neutral,main_overlap,posterior_exponent × group
2620,-0.067967551526548,neutral,main_overlap,posterior_exponent × group
2621,-0.0642988471460502,neutral,main_overlap,posterior_exponent × group
2622,-0.0870585592760856,neutral,main_overlap,posterior_exponent × group
2623,0.0305242529229656,neutral,main_overlap,posterior_exponent × group
2624,-0.1485728977054474,neutral,main_overlap,posterior_exponent × group
2625,0.0287630219609007,neutral,main_overlap,posterior_exponent × group
2626,-0.1372046217280939,neutral,main_overlap,posterior_exponent × group
2627,0.0309591084422048,neutral,main_overlap,posterior_exponent × group
2628,0.0310271265480346,neutral,main_overlap,posterior_exponent × group
2629,-0.0928319854345952,neutral,main_overlap,posterior_exponent × group
2630,-0.1096032892740223,neutral,main_overlap,posterior_exponent × group
2631,-0.0700731849535928,neutral,main_overlap,posterior_exponent × group
2632,-0.0372815641128962,neutral,main_overlap,posterior_exponent × group
2633,0.0875293765633518,neutral,main_overlap,posterior_exponent × group
2634,-0.1363060312310405,neutral,main_overlap,posterior_exponent × group
2635,-0.0675640643327212,neutral,main_overlap,posterior_exponent × group
2636,-0.1513761132819602,neutral,main_overlap,posterior_exponent × group
2637,-0.0094450331721689,neutral,main_overlap,posterior_exponent × group
2638,-0.2571550318636464,neutral,main_overlap,posterior_exponent × group
2639,-0.1424593584754559,neutral,main_overlap,posterior_exponent × group
2640,-0.0791895669640958,neutral,main_overlap,posterior_exponent × group
2641,0.0862919390700086,neutral,main_overlap,posterior_exponent × group
2642,0.0446319251291155,neutral,main_overlap,posterior_exponent × group
2643,0.0153848432161352,neutral,main_overlap,posterior_exponent × group
2644,-0.1022690477960586,neutral,main_overlap,posterior_exponent × group
2645,0.0632355199726431,neutral,main_overlap,posterior_exponent × group
2646,0.0270467105865772,neutral,main_overlap,posterior_exponent × group
2647,-0.0574235110861687,neutral,main_overlap,posterior_exponent × group
2648,0.0773882351736462,neutral,main_overlap,posterior_exponent × group
2649,0.0847404632562982,neutral,main_overlap,posterior_exponent × group
2650,-0.0844650951397188,neutral,main_overlap,posterior_exponent × group
2651,0.0983476044163268,neutral,main_overlap,posterior_exponent × group
2652,-0.1057334678230785,neutral,main_overlap,posterior_exponent × group
2653,-0.1250502639044028,neutral,main_overlap,posterior_exponent × group
2654,-0.0106447738259176,neutral,main_overlap,posterior_exponent × group
2655,0.0419917426493668,neutral,main_overlap,posterior_exponent × group
2656,0.0908860718589335,neutral,main_overlap,posterior_exponent × group
2657,0.0467882110779483,neutral,main_overlap,posterior_exponent × group
2658,-0.0956490960675564,neutral,main_overlap,posterior_exponent × group
2659,-0.0631459338539228,neutral,main_overlap,posterior_exponent × group
2660,-0.1124346846392177,neutral,main_overlap,posterior_exponent × group
2661,0.0323954691631504,neutral,main_overlap,posterior_exponent × group
2662,0.0182717403279724,neutral,main_overlap,posterior_exponent × group
2663,-0.0078532114088143,neutral,main_overlap,posterior_exponent × group
2664,-0.0364747947714087,neutral,main_overlap,posterior_exponent × group
2665,-0.1812622384364397,neutral,main_overlap,posterior_exponent × group
2666,0.016415976567674,neutral,main_overlap,posterior_exponent × group
2667,0.0063943984910129,neutral,main_overlap,posterior_exponent × group
2668,0.0659807856187142,neutral,main_overlap,posterior_exponent × group
2669,0.0718771933727673,neutral,main_overlap,posterior_exponent × group
2670,-0.01752118432601,neutral,main_overlap,posterior_exponent × group
2671,-0.0391926972594879,neutral,main_overlap,posterior_exponent × group
2672,-0.012364750662855,neutral,main_overlap,posterior_exponent × group
2673,-0.0675538614335644,neutral,main_overlap,posterior_exponent × group
2674,-0.0071522939857551,neutral,main_overlap,posterior_exponent × group
2675,-0.1935475497489185,neutral,main_overlap,posterior_exponent × group
2676,-0.2206853571712519,neutral,main_overlap,posterior_exponent × group
2677,0.0856347981583262,neutral,main_overlap,posterior_exponent × group
2678,0.1138576160498406,neutral,main_overlap,posterior_exponent × group
2679,0.0586391550681112,neutral,main_overlap,posterior_exponent × group
2680,-0.0445884634780244,neutral,main_overlap,posterior_exponent × group
2681,-0.0323410290428991,neutral,main_overlap,posterior_exponent × group
2682,-0.0554185181871302,neutral,main_overlap,posterior_exponent × group
2683,-0.1818247603597529,neutral,main_overlap,posterior_exponent × group
2684,-0.0674154644634811,neutral,main_overlap,posterior_exponent × group
2685,0.0164740942648371,neutral,main_overlap,posterior_exponent × group
2686,-0.0908267161279549,neutral,main_overlap,posterior_exponent × group
2687,0.0051133069881446,neutral,main_overlap,posterior_exponent × group
2688,-0.1395530869059486,neutral,main_overlap,posterior_exponent × group
2689,-0.0151876566512666,neutral,main_overlap,posterior_exponent × group
2690,-0.1270478222248508,neutral,main_overlap,posterior_exponent × group
2691,-0.225252793559096,neutral,main_overlap,posterior_exponent × group
2692,-0.1765963600423474,neutral,main_overlap,posterior_exponent × group
2693,-0.0248577119909931,neutral,main_overlap,posterior_exponent × group
2694,-0.0845834895699865,neutral,main_overlap,posterior_exponent × group
2695,-0.0725527602703316,neutral,main_overlap,posterior_exponent × group
2696,-0.0959662611398476,neutral,main_overlap,posterior_exponent × group
2697,-0.2243486423535104,neutral,main_overlap,posterior_exponent × group
2698,-0.117679790627598,neutral,main_overlap,posterior_exponent × group
2699,-0.0602425745742336,neutral,main_overlap,posterior_exponent × group
2700,-0.2513065665331504,neutral,main_overlap,posterior_exponent × group
2701,-0.08301453921504,neutral,main_overlap,posterior_exponent × group
2702,-0.2350199656651351,neutral,main_overlap,posterior_exponent × group
2703,-0.0695630597690792,neutral,main_overlap,posterior_exponent × group
2704,0.1101910197052176,neutral,main_overlap,posterior_exponent × group
2705,0.0373746059858027,neutral,main_overlap,posterior_exponent × group
2706,0.0816023252900513,neutral,main_overlap,posterior_exponent × group
2707,-0.0186836194003757,neutral,main_overlap,posterior_exponent × group
2708,-0.0356026788303084,neutral,main_overlap,posterior_exponent × group
2709,0.1266575638805737,neutral,main_overlap,posterior_exponent × group
2710,-0.0560389550505147,neutral,main_overlap,posterior_exponent × group
2711,-0.0608371703467748,neutral,main_overlap,posterior_exponent × group
2712,-0.0128138656017739,neutral,main_overlap,posterior_exponent × group
2713,-0.0200166692242314,neutral,main_overlap,posterior_exponent × group
2714,0.0252729645748224,neutral,main_overlap,posterior_exponent × group
2715,-0.1050168425374418,neutral,main_overlap,posterior_exponent × group
2716,-0.185618551509918,neutral,main_overlap,posterior_exponent × group
2717,0.0236841113712801,neutral,main_overlap,posterior_exponent × group
2718,-0.1162716950436336,neutral,main_overlap,posterior_exponent × group
2719,-0.1348037265103992,neutral,main_overlap,posterior_exponent × group
2720,-0.072299846089568,neutral,main_overlap,posterior_exponent × group
2721,-0.0172351027792683,neutral,main_overlap,posterior_exponent × group
2722,0.1595068958324549,neutral,main_overlap,posterior_exponent × group
2723,-0.1320093948266467,neutral,main_overlap,posterior_exponent × group
2724,0.1012978332090617,neutral,main_overlap,posterior_exponent × group
2725,0.0246307744485734,neutral,main_overlap,posterior_exponent × group
2726,0.1116825364603612,neutral,main_overlap,posterior_exponent × group
2727,0.0264513700745625,neutral,main_overlap,posterior_exponent × group
2728,-0.0463446379133004,neutral,main_overlap,posterior_exponent × group
2729,-0.2583953709851703,neutral,main_overlap,posterior_exponent × group
2730,-0.0061923783836214,neutral,main_overlap,posterior_exponent × group
2731,-0.0232566130450994,neutral,main_overlap,posterior_exponent × group
2732,-0.147972244245479,neutral,main_overlap,posterior_exponent × group
2733,-0.1582761606259392,neutral,main_overlap,posterior_exponent × group
2734,-0.059513873893202,neutral,main_overlap,posterior_exponent × group
2735,-0.0091007564105006,neutral,main_overlap,posterior_exponent × group
2736,0.0528285524024714,neutral,main_overlap,posterior_exponent × group
2737,-0.079711109421608,neutral,main_overlap,posterior_exponent × group
2738,0.0604260825043871,neutral,main_overlap,posterior_exponent × group
2739,0.1024597898188089,neutral,main_overlap,posterior_exponent × group
2740,-0.0604277592107335,neutral,main_overlap,posterior_exponent × group
2741,-0.0016164703578042,neutral,main_overlap,posterior_exponent × group
2742,0.0498818407870981,neutral,main_overlap,posterior_exponent × group
2743,-0.0778423826241085,neutral,main_overlap,posterior_exponent × group
2744,-0.0793581583364676,neutral,main_overlap,posterior_exponent × group
2745,-0.0796041353209634,neutral,main_overlap,posterior_exponent × group
2746,0.0169395868544936,neutral,main_overlap,posterior_exponent × group
2747,-0.0247914321999298,neutral,main_overlap,posterior_exponent × group
2748,-0.0696325554867549,neutral,main_overlap,posterior_exponent × group
2749,0.1431339994556972,neutral,main_overlap,posterior_exponent × group
2750,0.0235802249300142,neutral,main_overlap,posterior_exponent × group
2751,0.0492703259321755,neutral,main_overlap,posterior_exponent × group
2752,-0.0989855403337034,neutral,main_overlap,posterior_exponent × group
2753,-0.1578181470565155,neutral,main_overlap,posterior_exponent × group
2754,0.0082665577387597,neutral,main_overlap,posterior_exponent × group
2755,-0.0783955981108102,neutral,main_overlap,posterior_exponent × group
2756,-0.0187349640591926,neutral,main_overlap,posterior_exponent × group
2757,-0.1000175116266693,neutral,main_overlap,posterior_exponent × group
2758,-0.0143142617305549,neutral,main_overlap,posterior_exponent × group
2759,-0.0237379297576581,neutral,main_overlap,posterior_exponent × group
2760,0.0357357004924446,neutral,main_overlap,posterior_exponent × group
2761,-0.0509678374911467,neutral,main_overlap,posterior_exponent × group
2762,-0.0923680995618666,neutral,main_overlap,posterior_exponent × group
2763,-0.0927174854310462,neutral,main_overlap,posterior_exponent × group
2764,-0.1398827166103444,neutral,main_overlap,posterior_exponent × group
2765,-0.0699876348216535,neutral,main_overlap,posterior_exponent × group
2766,0.0562123479195238,neutral,main_overlap,posterior_exponent × group
2767,-0.0869720235733996,neutral,main_overlap,posterior_exponent × group
2768,-0.0476200764729656,neutral,main_overlap,posterior_exponent × group
2769,-0.0921730139532785,neutral,main_overlap,posterior_exponent × group
2770,-0.0158727555659093,neutral,main_overlap,posterior_exponent × group
2771,0.0475562187740285,neutral,main_overlap,posterior_exponent × group
2772,0.0681547905472691,neutral,main_overlap,posterior_exponent × group
2773,-0.0518924406172405,neutral,main_overlap,posterior_exponent × group
2774,-0.0553547316288189,neutral,main_overlap,posterior_exponent × group
2775,0.1493301279024965,neutral,main_overlap,posterior_exponent × group
2776,0.0025552463208517,neutral,main_overlap,posterior_exponent × group
2777,0.0645332417414325,neutral,main_overlap,posterior_exponent × group
2778,-0.2002844985191529,neutral,main_overlap,posterior_exponent × group
2779,-0.2198981595107644,neutral,main_overlap,posterior_exponent × group
2780,-0.0869792160888074,neutral,main_overlap,posterior_exponent × group
2781,-0.0959604389342498,neutral,main_overlap,posterior_exponent × group
2782,-0.0754990686915532,neutral,main_overlap,posterior_exponent × group
2783,-0.063161840896484,neutral,main_overlap,posterior_exponent × group
2784,-0.0075745672113006,neutral,main_overlap,posterior_exponent × group
2785,-0.1511355327538917,neutral,main_overlap,posterior_exponent × group
2786,-0.0372721357979222,neutral,main_overlap,posterior_exponent × group
2787,-0.1119637092756436,neutral,main_overlap,posterior_exponent × group
2788,-0.0094600993578232,neutral,main_overlap,posterior_exponent × group
2789,-0.0219417548503039,neutral,main_overlap,posterior_exponent × group
2790,-0.0689246239427497,neutral,main_overlap,posterior_exponent × group
2791,-0.0420829631188811,neutral,main_overlap,posterior_exponent × group
2792,-0.1343470282049352,neutral,main_overlap,posterior_exponent × group
2793,-0.1681941628821339,neutral,main_overlap,posterior_exponent × group
2794,-0.104392682412167,neutral,main_overlap,posterior_exponent × group
2795,-0.1094364873039053,neutral,main_overlap,posterior_exponent × group
2796,-0.032801474190362,neutral,main_overlap,posterior_exponent × group
2797,-0.1462398161841119,neutral,main_overlap,posterior_exponent × group
2798,0.007368517409926,neutral,main_overlap,posterior_exponent × group
2799,-0.0403638347864947,neutral,main_overlap,posterior_exponent × group
2800,0.0060184479769595,neutral,main_overlap,posterior_exponent × group
2801,-0.2558138929187894,neutral,main_overlap,posterior_exponent × group
2802,-0.20950451736895,neutral,main_overlap,posterior_exponent × group
2803,0.0220366691490115,neutral,main_overlap,posterior_exponent × group
2804,0.0069636372736079,neutral,main_overlap,posterior_exponent × group
2805,0.0851334065128214,neutral,main_overlap,posterior_exponent × group
2806,-0.1355640835307787,neutral,main_overlap,posterior_exponent × group
2807,-0.1012956798793602,neutral,main_overlap,posterior_exponent × group
2808,0.0240190463034348,neutral,main_overlap,posterior_exponent × group
2809,-0.0510317083612992,neutral,main_overlap,posterior_exponent × group
2810,0.0557953337449997,neutral,main_overlap,posterior_exponent × group
2811,0.0398035262663366,neutral,main_overlap,posterior_exponent × group
2812,-0.0870355872268613,neutral,main_overlap,posterior_exponent × group
2813,-0.1261587666600785,neutral,main_overlap,posterior_exponent × group
2814,-0.0353274879409317,neutral,main_overlap,posterior_exponent × group
2815,-0.0116271849409712,neutral,main_overlap,posterior_exponent × group
2816,0.0586801569081283,neutral,main_overlap,posterior_exponent × group
2817,-0.1495025864938385,neutral,main_overlap,posterior_exponent × group
2818,-0.1402647833140592,neutral,main_overlap,posterior_exponent × group
2819,0.0033194898275936,neutral,main_overlap,posterior_exponent × group
2820,-0.0045951852135379,neutral,main_overlap,posterior_exponent × group
2821,-0.0656127937252935,neutral,main_overlap,posterior_exponent × group
2822,0.0281860668719185,neutral,main_overlap,posterior_exponent × group
2823,-0.1047616615164569,neutral,main_overlap,posterior_exponent × group
2824,-0.0145281739222489,neutral,main_overlap,posterior_exponent × group
2825,-0.0891590159657102,neutral,main_overlap,posterior_exponent × group
2826,-0.0435068119049176,neutral,main_overlap,posterior_exponent × group
2827,-0.2264769113127714,neutral,main_overlap,posterior_exponent × group
2828,-0.0439475936525584,neutral,main_overlap,posterior_exponent × group
2829,-0.1542650983006064,neutral,main_overlap,posterior_exponent × group
2830,0.0199512212081516,neutral,main_overlap,posterior_exponent × group
2831,0.0019764543638263,neutral,main_overlap,posterior_exponent × group
2832,-0.0328083532907989,neutral,main_overlap,posterior_exponent × group
2833,-0.0198377254785381,neutral,main_overlap,posterior_exponent × group
2834,-0.0605805954828067,neutral,main_overlap,posterior_exponent × group
2835,-0.1204174050918474,neutral,main_overlap,posterior_exponent × group
2836,-0.000854706093046,neutral,main_overlap,posterior_exponent × group
2837,-0.1120267827490491,neutral,main_overlap,posterior_exponent × group
2838,0.0426515362229203,neutral,main_overlap,posterior_exponent × group
2839,-0.0974302098768712,neutral,main_overlap,posterior_exponent × group
2840,0.1454052538971448,neutral,main_overlap,posterior_exponent × group
2841,-0.0790262384541924,neutral,main_overlap,posterior_exponent × group
2842,-0.1631854821835137,neutral,main_overlap,posterior_exponent × group
2843,-0.0614485580095464,neutral,main_overlap,posterior_exponent × group
2844,0.0373974008188206,neutral,main_overlap,posterior_exponent × group
2845,-0.0846701735528951,neutral,main_overlap,posterior_exponent × group
2846,0.0246628993905127,neutral,main_overlap,posterior_exponent × group
2847,-0.185233095680171,neutral,main_overlap,posterior_exponent × group
2848,-0.0316937468806965,neutral,main_overlap,posterior_exponent × group
2849,-0.1067524298783682,neutral,main_overlap,posterior_exponent × group
2850,-0.0161750860142653,neutral,main_overlap,posterior_exponent × group
2851,0.1521179759327427,neutral,main_overlap,posterior_exponent × group
2852,-0.0072507375772258,neutral,main_overlap,posterior_exponent × group
2853,0.0068130115956592,neutral,main_overlap,posterior_exponent × group
2854,-0.0218665208259625,neutral,main_overlap,posterior_exponent × group
2855,-0.048671189428379,neutral,main_overlap,posterior_exponent × group
2856,-0.170717855190723,neutral,main_overlap,posterior_exponent × group
2857,-0.0951190755430451,neutral,main_overlap,posterior_exponent × group
2858,-0.1087843027010201,neutral,main_overlap,posterior_exponent × group
2859,-0.0417825938908179,neutral,main_overlap,posterior_exponent × group
2860,0.0122344750431789,neutral,main_overlap,posterior_exponent × group
2861,-0.0527338010783515,neutral,main_overlap,posterior_exponent × group
2862,-0.1332642503058607,neutral,main_overlap,posterior_exponent × group
2863,0.0113293804977754,neutral,main_overlap,posterior_exponent × group
2864,-0.1357024002687512,neutral,main_overlap,posterior_exponent × group
2865,-0.1288295975630524,neutral,main_overlap,posterior_exponent × group
2866,0.0193659952626301,neutral,main_overlap,posterior_exponent × group
2867,-0.0458543314559773,neutral,main_overlap,posterior_exponent × group
2868,0.0162677787030788,neutral,main_overlap,posterior_exponent × group
2869,0.0131094111867113,neutral,main_overlap,posterior_exponent × group
2870,-0.1090032112418152,neutral,main_overlap,posterior_exponent × group
2871,-0.0763550295446824,neutral,main_overlap,posterior_exponent × group
2872,-0.1508805735915595,neutral,main_overlap,posterior_exponent × group
2873,-0.0512645502953075,neutral,main_overlap,posterior_exponent × group
2874,0.0874267249621277,neutral,main_overlap,posterior_exponent × group
2875,0.1004946468598596,neutral,main_overlap,posterior_exponent × group
2876,0.0222106079002175,neutral,main_overlap,posterior_exponent × group
2877,0.0401614081590832,neutral,main_overlap,posterior_exponent × group
2878,0.0454072032990761,neutral,main_overlap,posterior_exponent × group
2879,-0.0710144240589158,neutral,main_overlap,posterior_exponent × group
2880,0.1008556648252104,neutral,main_overlap,posterior_exponent × group
2881,-0.0752170126258116,neutral,main_overlap,posterior_exponent × group
2882,0.0484219609286067,neutral,main_overlap,posterior_exponent × group
2883,0.0429530269526449,neutral,main_overlap,posterior_exponent × group
2884,-0.0066370629901238,neutral,main_overlap,posterior_exponent × group
2885,-0.0964039450052253,neutral,main_overlap,posterior_exponent × group
2886,-0.0285083820851394,neutral,main_overlap,posterior_exponent × group
2887,-0.0162178596082217,neutral,main_overlap,posterior_exponent × group
2888,0.0180482074150359,neutral,main_overlap,posterior_exponent × group
2889,-0.1114582551414723,neutral,main_overlap,posterior_exponent × group
2890,0.0549491512860791,neutral,main_overlap,posterior_exponent × group
2891,0.035563509959195,neutral,main_overlap,posterior_exponent × group
2892,-0.0571153231981537,neutral,main_overlap,posterior_exponent × group
2893,-0.1015783508812965,neutral,main_overlap,posterior_exponent × group
2894,-0.1200273785632278,neutral,main_overlap,posterior_exponent × group
2895,-0.1356073916200769,neutral,main_overlap,posterior_exponent × group
2896,-0.0090425221984962,neutral,main_overlap,posterior_exponent × group
2897,-0.0970418938898313,neutral,main_overlap,posterior_exponent × group
2898,0.0467767939168948,neutral,main_overlap,posterior_exponent × group
2899,-0.0484919832005413,neutral,main_overlap,posterior_exponent × group
2900,0.0379243308191896,neutral,main_overlap,posterior_exponent × group
2901,-0.0771814219793969,neutral,main_overlap,posterior_exponent × group
2902,0.0114202449173743,neutral,main_overlap,posterior_exponent × group
2903,-0.1554296080055024,neutral,main_overlap,posterior_exponent × group
2904,0.0091077886378722,neutral,main_overlap,posterior_exponent × group
2905,-0.062386142000087,neutral,main_overlap,posterior_exponent × group
2906,-0.1178925429286905,neutral,main_overlap,posterior_exponent × group
2907,-0.0174507647899897,neutral,main_overlap,posterior_exponent × group
2908,-0.15809508188233,neutral,main_overlap,posterior_exponent × group
2909,-0.0108742053677541,neutral,main_overlap,posterior_exponent × group
2910,-0.0444739035689208,neutral,main_overlap,posterior_exponent × group
2911,-0.1100549890442377,neutral,main_overlap,posterior_exponent × group
2912,-0.0383937892408306,neutral,main_overlap,posterior_exponent × group
2913,-0.0695888772356362,neutral,main_overlap,posterior_exponent × group
2914,-0.0966985292811663,neutral,main_overlap,posterior_exponent × group
2915,-0.07288581606155,neutral,main_overlap,posterior_exponent × group
2916,0.0849533207962876,neutral,main_overlap,posterior_exponent × group
2917,-0.1913260063831077,neutral,main_overlap,posterior_exponent × group
2918,-0.0659314427276455,neutral,main_overlap,posterior_exponent × group
2919,0.0026488748963147,neutral,main_overlap,posterior_exponent × group
2920,-0.0390372095750075,neutral,main_overlap,posterior_exponent × group
2921,0.0006299849040834,neutral,main_overlap,posterior_exponent × group
2922,-0.1284130036715773,neutral,main_overlap,posterior_exponent × group
2923,0.1456210965370751,neutral,main_overlap,posterior_exponent × group
2924,0.0005405834722011,neutral,main_overlap,posterior_exponent × group
2925,-0.1768994832202079,neutral,main_overlap,posterior_exponent × group
2926,0.0471831235649186,neutral,main_overlap,posterior_exponent × group
2927,-0.0743256396270032,neutral,main_overlap,posterior_exponent × group
2928,-0.182113832748689,neutral,main_overlap,posterior_exponent × group
2929,-0.0583388318678816,neutral,main_overlap,posterior_exponent × group
2930,-0.0485947075330938,neutral,main_overlap,posterior_exponent × group
2931,0.0273205081181633,neutral,main_overlap,posterior_exponent × group
2932,-0.1051150784454896,neutral,main_overlap,posterior_exponent × group
2933,-0.1886597363063018,neutral,main_overlap,posterior_exponent × group
2934,-0.0162018329747467,neutral,main_overlap,posterior_exponent × group
2935,-0.1363127090863143,neutral,main_overlap,posterior_exponent × group
2936,-0.0992203936372692,neutral,main_overlap,posterior_exponent × group
2937,0.1338876134395955,neutral,main_overlap,posterior_exponent × group
2938,-0.1605042055136173,neutral,main_overlap,posterior_exponent × group
2939,-0.0851207759702548,neutral,main_overlap,posterior_exponent × group
2940,-0.1150533447497505,neutral,main_overlap,posterior_exponent × group
2941,0.0518972620685511,neutral,main_overlap,posterior_exponent × group
2942,0.0287581387088016,neutral,main_overlap,posterior_exponent × group
2943,-0.2459013873347464,neutral,main_overlap,posterior_exponent × group
2944,-0.1161705488582585,neutral,main_overlap,posterior_exponent × group
2945,-0.0950700260028265,neutral,main_overlap,posterior_exponent × group
2946,-0.103407401815059,neutral,main_overlap,posterior_exponent × group
2947,-0.1518226965099557,neutral,main_overlap,posterior_exponent × group
2948,-0.0822961711156669,neutral,main_overlap,posterior_exponent × group
2949,-0.1004116828791336,neutral,main_overlap,posterior_exponent × group
2950,0.0589653468135881,neutral,main_overlap,posterior_exponent × group
2951,-0.0116745145392636,neutral,main_overlap,posterior_exponent × group
2952,0.083692858788759,neutral,main_overlap,posterior_exponent × group
2953,0.0247267420298803,neutral,main_overlap,posterior_exponent × group
2954,-0.0498201082534363,neutral,main_overlap,posterior_exponent × group
2955,-0.0682564296778503,neutral,main_overlap,posterior_exponent × group
2956,-0.0077441243631373,neutral,main_overlap,posterior_exponent × group
2957,-0.1322372740295238,neutral,main_overlap,posterior_exponent × group
2958,0.0122792656969965,neutral,main_overlap,posterior_exponent × group
2959,-0.0150262503607625,neutral,main_overlap,posterior_exponent × group
2960,-0.1320924690242774,neutral,main_overlap,posterior_exponent × group
2961,0.0574375158718202,neutral,main_overlap,posterior_exponent × group
2962,0.0128581470224647,neutral,main_overlap,posterior_exponent × group
2963,-0.0136895917102267,neutral,main_overlap,posterior_exponent × group
2964,-0.0817520783456042,neutral,main_overlap,posterior_exponent × group
2965,-0.221786230476264,neutral,main_overlap,posterior_exponent × group
2966,-0.0353885755313341,neutral,main_overlap,posterior_exponent × group
2967,-0.0016395061910562,neutral,main_overlap,posterior_exponent × group
2968,-0.053988690071153,neutral,main_overlap,posterior_exponent × group
2969,-0.0479808159574923,neutral,main_overlap,posterior_exponent × group
2970,-0.0195048786047141,neutral,main_overlap,posterior_exponent × group
2971,-0.0745460065311447,neutral,main_overlap,posterior_exponent × group
2972,-0.0365678714619041,neutral,main_overlap,posterior_exponent × group
2973,-0.103486117830011,neutral,main_overlap,posterior_exponent × group
2974,-0.0099953859470401,neutral,main_overlap,posterior_exponent × group
2975,0.047091869909137,neutral,main_overlap,posterior_exponent × group
2976,-0.0051232865022569,neutral,main_overlap,posterior_exponent × group
2977,0.0401282940186777,neutral,main_overlap,posterior_exponent × group
2978,-0.1661782591164401,neutral,main_overlap,posterior_exponent × group
2979,-0.1298507116898603,neutral,main_overlap,posterior_exponent × group
2980,-0.1249951011111826,neutral,main_overlap,posterior_exponent × group
2981,-0.0173326192396602,neutral,main_overlap,posterior_exponent × group
2982,0.0077546418502649,neutral,main_overlap,posterior_exponent × group
2983,-0.0349036026922685,neutral,main_overlap,posterior_exponent × group
2984,-0.046821697795106,neutral,main_overlap,posterior_exponent × group
2985,-0.0109839297353734,neutral,main_overlap,posterior_exponent × group
2986,-0.0209814916855511,neutral,main_overlap,posterior_exponent × group
2987,0.0459046040067495,neutral,main_overlap,posterior_exponent × group
2988,0.0125952418375523,neutral,main_overlap,posterior_exponent × group
2989,-0.1753654900885512,neutral,main_overlap,posterior_exponent × group
2990,-0.016150096586728,neutral,main_overlap,posterior_exponent × group
2991,-0.0489506217610152,neutral,main_overlap,posterior_exponent × group
2992,-0.2422270254097872,neutral,main_overlap,posterior_exponent × group
2993,0.0352882971181371,neutral,main_overlap,posterior_exponent × group
2994,-0.0056637011769026,neutral,main_overlap,posterior_exponent × group
2995,0.0476183490169245,neutral,main_overlap,posterior_exponent × group
2996,-0.0717656479397873,neutral,main_overlap,posterior_exponent × group
2997,-0.1165651095760615,neutral,main_overlap,posterior_exponent × group
2998,-0.0246311311913285,neutral,main_overlap,posterior_exponent × group
2999,-0.0405360685247403,neutral,main_overlap,posterior_exponent × group
3000,-0.030083128974411,neutral,main_overlap,posterior_exponent × group
3001,-0.0841910278170027,neutral,main_overlap,posterior_exponent × group
3002,-7.898105796188756e-05,neutral,main_overlap,posterior_exponent × group
3003,0.1092945340960915,neutral,main_overlap,posterior_exponent × group
3004,0.0201912910908064,neutral,main_overlap,posterior_exponent × group
3005,0.0026398906658823,neutral,main_overlap,posterior_exponent × group
3006,-0.1388115843722071,neutral,main_overlap,posterior_exponent × group
3007,0.1163983356352846,neutral,main_overlap,posterior_exponent × group
3008,-0.1535230944957127,neutral,main_overlap,posterior_exponent × group
3009,0.0560342750458906,neutral,main_overlap,posterior_exponent × group
3010,-0.0579494929294399,neutral,main_overlap,posterior_exponent × group
3011,0.0647143965317676,neutral,main_overlap,posterior_exponent × group
3012,-0.0087154106288461,neutral,main_overlap,posterior_exponent × group
3013,0.0001612226245349,neutral,main_overlap,posterior_exponent × group
3014,-0.1253086606940404,neutral,main_overlap,posterior_exponent × group
3015,-0.1591664890109994,neutral,main_overlap,posterior_exponent × group
3016,0.0776270228243852,neutral,main_overlap,posterior_exponent × group
3017,-0.0315551039447307,neutral,main_overlap,posterior_exponent × group
3018,-0.0172686881133469,neutral,main_overlap,posterior_exponent × group
3019,-0.0693599816123491,neutral,main_overlap,posterior_exponent × group
3020,-0.1644757375797637,neutral,main_overlap,posterior_exponent × group
3021,-0.0084305924989607,neutral,main_overlap,posterior_exponent × group
3022,0.0579919659328135,neutral,main_overlap,posterior_exponent × group
3023,-0.0978342372737037,neutral,main_overlap,posterior_exponent × group
3024,0.0232184278537324,neutral,main_overlap,posterior_exponent × group
3025,-0.0134883256638073,neutral,main_overlap,posterior_exponent × group
3026,-0.094608282098528,neutral,main_overlap,posterior_exponent × group
3027,-0.0406671712089679,neutral,main_overlap,posterior_exponent × group
3028,0.1086177305565885,neutral,main_overlap,posterior_exponent × group
3029,-0.1245292913252674,neutral,main_overlap,posterior_exponent × group
3030,0.0392879336903714,neutral,main_overlap,posterior_exponent × group
3031,-0.0685263287049917,neutral,main_overlap,posterior_exponent × group
3032,-0.1619212545061683,neutral,main_overlap,posterior_exponent × group
3033,0.1028324159662847,neutral,main_overlap,posterior_exponent × group
3034,-0.0251052158010592,neutral,main_overlap,posterior_exponent × group
3035,-0.0107818756398509,neutral,main_overlap,posterior_exponent × group
3036,0.1415010772311701,neutral,main_overlap,posterior_exponent × group
3037,-0.1590687203149766,neutral,main_overlap,posterior_exponent × group
3038,-0.0218601593119771,neutral,main_overlap,posterior_exponent × group
3039,-0.1059092328916119,neutral,main_overlap,posterior_exponent × group
3040,-0.0445685541760685,neutral,main_overlap,posterior_exponent × group
3041,-0.0043585680997635,neutral,main_overlap,posterior_exponent × group
3042,0.0113946338232368,neutral,main_overlap,posterior_exponent × group
3043,-0.015417084154932,neutral,main_overlap,posterior_exponent × group
3044,-0.0723435562538731,neutral,main_overlap,posterior_exponent × group
3045,-0.1230425950450282,neutral,main_overlap,posterior_exponent × group
3046,0.0128549390337412,neutral,main_overlap,posterior_exponent × group
3047,0.1106547020758597,neutral,main_overlap,posterior_exponent × group
3048,-0.1156088182860098,neutral,main_overlap,posterior_exponent × group
3049,0.0378216825550889,neutral,main_overlap,posterior_exponent × group
3050,0.0716120861474234,neutral,main_overlap,posterior_exponent × group
3051,-0.0358345641389773,neutral,main_overlap,posterior_exponent × group
3052,-0.1183049944750237,neutral,main_overlap,posterior_exponent × group
3053,-0.0357728755721746,neutral,main_overlap,posterior_exponent × group
3054,-0.1117140540541787,neutral,main_overlap,posterior_exponent × group
3055,0.0485922329272746,neutral,main_overlap,posterior_exponent × group
3056,-0.0942455430271747,neutral,main_overlap,posterior_exponent × group
3057,-0.0122139552745692,neutral,main_overlap,posterior_exponent × group
3058,0.1032915600718623,neutral,main_overlap,posterior_exponent × group
3059,-0.0698738235834887,neutral,main_overlap,posterior_exponent × group
3060,-0.0978732946834633,neutral,main_overlap,posterior_exponent × group
3061,-0.0364782354546235,neutral,main_overlap,posterior_exponent × group
3062,-0.1610344982156631,neutral,main_overlap,posterior_exponent × group
3063,-0.0398922843157597,neutral,main_overlap,posterior_exponent × group
3064,0.047314430574822,neutral,main_overlap,posterior_exponent × group
3065,-0.1286597733416488,neutral,main_overlap,posterior_exponent × group
3066,-0.011817996689526,neutral,main_overlap,posterior_exponent × group
3067,-0.150033951052815,neutral,main_overlap,posterior_exponent × group
3068,-0.1510778881691603,neutral,main_overlap,posterior_exponent × group
3069,-0.1000673509998645,neutral,main_overlap,posterior_exponent × group
3070,-0.0092661973655598,neutral,main_overlap,posterior_exponent × group
3071,0.145531576355752,neutral,main_overlap,posterior_exponent × group
3072,0.0620280957503706,neutral,main_overlap,posterior_exponent × group
3073,-0.0069007601824675,neutral,main_overlap,posterior_exponent × group
3074,-0.049113164223834,neutral,main_overlap,posterior_exponent × group
3075,-0.1583415793288375,neutral,main_overlap,posterior_exponent × group
3076,-0.0685729903847017,neutral,main_overlap,posterior_exponent × group
3077,0.1098597828749832,neutral,main_overlap,posterior_exponent × group
3078,-0.0899187438209157,neutral,main_overlap,posterior_exponent × group
3079,-0.0627748042398747,neutral,main_overlap,posterior_exponent × group
3080,0.0690267907994297,neutral,main_overlap,posterior_exponent × group
3081,0.0472068969970324,neutral,main_overlap,posterior_exponent × group
3082,-0.0037779409077847,neutral,main_overlap,posterior_exponent × group
3083,0.0791911920869943,neutral,main_overlap,posterior_exponent × group
3084,-0.1131228896851553,neutral,main_overlap,posterior_exponent × group
3085,0.0396197866519962,neutral,main_overlap,posterior_exponent × group
3086,-0.032971805006073,neutral,main_overlap,posterior_exponent × group
3087,-0.1475199133527593,neutral,main_overlap,posterior_exponent × group
3088,-0.0324176770475055,neutral,main_overlap,posterior_exponent × group
3089,-0.2049314870152418,neutral,main_overlap,posterior_exponent × group
3090,-0.0351324672768952,neutral,main_overlap,posterior_exponent × group
3091,-0.0561932519148541,neutral,main_overlap,posterior_exponent × group
3092,-0.1848444965692642,neutral,main_overlap,posterior_exponent × group
3093,0.0930488368431667,neutral,main_overlap,posterior_exponent × group
3094,-0.060019442495779,neutral,main_overlap,posterior_exponent × group
3095,-0.1246692350680738,neutral,main_overlap,posterior_exponent × group
3096,0.1280451155360698,neutral,main_overlap,posterior_exponent × group
3097,-0.0393349676657368,neutral,main_overlap,posterior_exponent × group
3098,-0.0421659503443903,neutral,main_overlap,posterior_exponent × group
3099,-0.1334733275278574,neutral,main_overlap,posterior_exponent × group
3100,-0.1731008515571982,neutral,main_overlap,posterior_exponent × group
3101,-0.0308644544346485,neutral,main_overlap,posterior_exponent × group
3102,0.0550082891665155,neutral,main_overlap,posterior_exponent × group
3103,-0.0364498527184775,neutral,main_overlap,posterior_exponent × group
3104,-0.113115933676523,neutral,main_overlap,posterior_exponent × group
3105,-0.0793747399243301,neutral,main_overlap,posterior_exponent × group
3106,-0.0517871612824421,neutral,main_overlap,posterior_exponent × group
3107,-0.133424334391498,neutral,main_overlap,posterior_exponent × group
3108,-0.0012677022387867,neutral,main_overlap,posterior_exponent × group
3109,-0.1126030065276504,neutral,main_overlap,posterior_exponent × group
3110,-0.1044998875508508,neutral,main_overlap,posterior_exponent × group
3111,-0.0747308019500304,neutral,main_overlap,posterior_exponent × group
3112,-0.1606386971155589,neutral,main_overlap,posterior_exponent × group
3113,0.0075411886742554,neutral,main_overlap,posterior_exponent × group
3114,-0.0806579205929625,neutral,main_overlap,posterior_exponent × group
3115,-0.1001894684918779,neutral,main_overlap,posterior_exponent × group
3116,0.0406706550749012,neutral,main_overlap,posterior_exponent × group
3117,-0.1032781930612545,neutral,main_overlap,posterior_exponent × group
3118,0.0951603680453285,neutral,main_overlap,posterior_exponent × group
3119,-0.0024556689177811,neutral,main_overlap,posterior_exponent × group
3120,-0.055594545236856,neutral,main_overlap,posterior_exponent × group
3121,0.0848018583765204,neutral,main_overlap,posterior_exponent × group
3122,-0.2219290847911095,neutral,main_overlap,posterior_exponent × group
3123,0.0893978045445428,neutral,main_overlap,posterior_exponent × group
3124,-0.1281846011946185,neutral,main_overlap,posterior_exponent × group
3125,0.0902567717901994,neutral,main_overlap,posterior_exponent × group
3126,0.1210269499284749,neutral,main_overlap,posterior_exponent × group
3127,0.0254592476064625,neutral,main_overlap,posterior_exponent × group
3128,-0.1555917447731746,neutral,main_overlap,posterior_exponent × group
3129,-0.0903799386387744,neutral,main_overlap,posterior_exponent × group
3130,0.0565322195028617,neutral,main_overlap,posterior_exponent × group
3131,-0.0031848579594293,neutral,main_overlap,posterior_exponent × group
3132,-0.0376337572352987,neutral,main_overlap,posterior_exponent × group
3133,0.1133195326307331,neutral,main_overlap,posterior_exponent × group
3134,0.0860116659158719,neutral,main_overlap,posterior_exponent × group
3135,-0.0655244903016878,neutral,main_overlap,posterior_exponent × group
3136,0.0479789909974499,neutral,main_overlap,posterior_exponent × group
3137,0.0231017705355202,neutral,main_overlap,posterior_exponent × group
3138,-0.0942624251815235,neutral,main_overlap,posterior_exponent × group
3139,-0.0501873160459981,neutral,main_overlap,posterior_exponent × group
3140,-0.0209047091806127,neutral,main_overlap,posterior_exponent × group
3141,-0.0749650922766105,neutral,main_overlap,posterior_exponent × group
3142,-0.0283558182398093,neutral,main_overlap,posterior_exponent × group
3143,0.0066120969014711,neutral,main_overlap,posterior_exponent × group
3144,0.0180247612411037,neutral,main_overlap,posterior_exponent × group
3145,-0.1697437187878567,neutral,main_overlap,posterior_exponent × group
3146,0.1441443918815368,neutral,main_overlap,posterior_exponent × group
3147,-0.0019887117394414,neutral,main_overlap,posterior_exponent × group
3148,-0.0679434192823544,neutral,main_overlap,posterior_exponent × group
3149,-0.0426048212500612,neutral,main_overlap,posterior_exponent × group
3150,-0.1848072632874821,neutral,main_overlap,posterior_exponent × group
3151,0.0384711076534776,neutral,main_overlap,posterior_exponent × group
3152,-0.1326005568580348,neutral,main_overlap,posterior_exponent × group
3153,-0.0347110754592165,neutral,main_overlap,posterior_exponent × group
3154,0.0444207539802343,neutral,main_overlap,posterior_exponent × group
3155,-0.1713829531304702,neutral,main_overlap,posterior_exponent × group
3156,-0.030928133694254,neutral,main_overlap,posterior_exponent × group
3157,0.0782590528956588,neutral,main_overlap,posterior_exponent × group
3158,-0.1072848822806624,neutral,main_overlap,posterior_exponent × group
3159,0.0443896043782908,neutral,main_overlap,posterior_exponent × group
3160,-0.1185682669710966,neutral,main_overlap,posterior_exponent × group
3161,-0.1270239296266729,neutral,main_overlap,posterior_exponent × group
3162,0.0156553010000445,neutral,main_overlap,posterior_exponent × group
3163,0.0334383250197542,neutral,main_overlap,posterior_exponent × group
3164,0.1028065632682269,neutral,main_overlap,posterior_exponent × group
3165,-0.2300454116704226,neutral,main_overlap,posterior_exponent × group
3166,-0.10919608763418,neutral,main_overlap,posterior_exponent × group
3167,0.0174419911600917,neutral,main_overlap,posterior_exponent × group
3168,0.0930898519561691,neutral,main_overlap,posterior_exponent × group
3169,-0.0614448485189037,neutral,main_overlap,posterior_exponent × group
3170,-0.0273387225947536,neutral,main_overlap,posterior_exponent × group
3171,-0.1945569082526099,neutral,main_overlap,posterior_exponent × group
3172,0.0102634230381973,neutral,main_overlap,posterior_exponent × group
3173,-0.0760897468306193,neutral,main_overlap,posterior_exponent × group
3174,0.0492194306342773,neutral,main_overlap,posterior_exponent × group
3175,-0.2041183362503619,neutral,main_overlap,posterior_exponent × group
3176,0.0241435002559464,neutral,main_overlap,posterior_exponent × group
3177,-0.0987594243821924,neutral,main_overlap,posterior_exponent × group
3178,-0.0881686916367619,neutral,main_overlap,posterior_exponent × group
3179,0.034444643838604,neutral,main_overlap,posterior_exponent × group
3180,0.0225038684166062,neutral,main_overlap,posterior_exponent × group
3181,0.020585402433707,neutral,main_overlap,posterior_exponent × group
3182,0.0103603738460948,neutral,main_overlap,posterior_exponent × group
3183,-0.0047814390152417,neutral,main_overlap,posterior_exponent × group
3184,0.0499702363286686,neutral,main_overlap,posterior_exponent × group
3185,0.0137988470498269,neutral,main_overlap,posterior_exponent × group
3186,0.0807435123102308,neutral,main_overlap,posterior_exponent × group
3187,-0.0043577904525832,neutral,main_overlap,posterior_exponent × group
3188,-0.1411399957568204,neutral,main_overlap,posterior_exponent × group
3189,0.0582010161494776,neutral,main_overlap,posterior_exponent × group
3190,0.0160176525985104,neutral,main_overlap,posterior_exponent × group
3191,-0.0967189546339974,neutral,main_overlap,posterior_exponent × group
3192,-0.072200663640284,neutral,main_overlap,posterior_exponent × group
3193,-0.2131166605044214,neutral,main_overlap,posterior_exponent × group
3194,-0.0757394265042989,neutral,main_overlap,posterior_exponent × group
3195,0.0230028680625481,neutral,main_overlap,posterior_exponent × group
3196,0.0243155174556027,neutral,main_overlap,posterior_exponent × group
3197,-0.2244680096923317,neutral,main_overlap,posterior_exponent × group
3198,-0.0245839906541909,neutral,main_overlap,posterior_exponent × group
3199,-0.0632784632536296,neutral,main_overlap,posterior_exponent × group
3200,-0.1492289898942194,neutral,main_overlap,posterior_exponent × group
3201,0.0190852091058989,neutral,main_overlap,posterior_exponent × group
3202,-0.0382231621038909,neutral,main_overlap,posterior_exponent × group
3203,-0.0976432468848677,neutral,main_overlap,posterior_exponent × group
3204,-0.0988471848960229,neutral,main_overlap,posterior_exponent × group
3205,-0.04451097540911,neutral,main_overlap,posterior_exponent × group
3206,-0.1242269972015064,neutral,main_overlap,posterior_exponent × group
3207,-0.1594735810463213,neutral,main_overlap,posterior_exponent × group
3208,-0.0510199692375954,neutral,main_overlap,posterior_exponent × group
3209,-0.0099139795537451,neutral,main_overlap,posterior_exponent × group
3210,0.1168730143251442,neutral,main_overlap,posterior_exponent × group
3211,0.0129108527548949,neutral,main_overlap,posterior_exponent × group
3212,-0.1073011268616227,neutral,main_overlap,posterior_exponent × group
3213,0.0012283596795832,neutral,main_overlap,posterior_exponent × group
3214,-0.0267121226507335,neutral,main_overlap,posterior_exponent × group
3215,0.02536618470084,neutral,main_overlap,posterior_exponent × group
3216,-0.0188602532041643,neutral,main_overlap,posterior_exponent × group
3217,-0.0239784565386156,neutral,main_overlap,posterior_exponent × group
3218,0.0295599114552499,neutral,main_overlap,posterior_exponent × group
3219,0.0207596150821526,neutral,main_overlap,posterior_exponent × group
3220,0.0125218034910071,neutral,main_overlap,posterior_exponent × group
3221,0.0290175696825171,neutral,main_overlap,posterior_exponent × group
3222,-0.0289140951448909,neutral,main_overlap,posterior_exponent × group
3223,0.0936125405929363,neutral,main_overlap,posterior_exponent × group
3224,-0.1139581796559418,neutral,main_overlap,posterior_exponent × group
3225,-0.158712363156692,neutral,main_overlap,posterior_exponent × group
3226,0.0046721464263145,neutral,main_overlap,posterior_exponent × group
3227,-0.0521070156295609,neutral,main_overlap,posterior_exponent × group
3228,0.0451279660602377,neutral,main_overlap,posterior_exponent × group
3229,0.1124656291603076,neutral,main_overlap,posterior_exponent × group
3230,-0.0849340243468421,neutral,main_overlap,posterior_exponent × group
3231,-0.0031208338490082,neutral,main_overlap,posterior_exponent × group
3232,-0.1645207472414703,neutral,main_overlap,posterior_exponent × group
3233,0.1910859717525451,neutral,main_overlap,posterior_exponent × group
3234,-0.1674739940529475,neutral,main_overlap,posterior_exponent × group
3235,-0.1078458127223167,neutral,main_overlap,posterior_exponent × group
3236,0.1123138281630393,neutral,main_overlap,posterior_exponent × group
3237,-0.0858012307223163,neutral,main_overlap,posterior_exponent × group
3238,-0.0621888725941535,neutral,main_overlap,posterior_exponent × group
3239,-0.1863755820675649,neutral,main_overlap,posterior_exponent × group
3240,-0.1726968705946537,neutral,main_overlap,posterior_exponent × group
3241,0.007349187207025,neutral,main_overlap,posterior_exponent × group
3242,-0.1561720030198667,neutral,main_overlap,posterior_exponent × group
3243,0.2301967705015129,neutral,main_overlap,posterior_exponent × group
3244,0.0331074948379546,neutral,main_overlap,posterior_exponent × group
3245,-0.0693975887822689,neutral,main_overlap,posterior_exponent × group
3246,-0.0850245300076071,neutral,main_overlap,posterior_exponent × group
3247,-0.125337943141938,neutral,main_overlap,posterior_exponent × group
3248,-0.0246105453065049,neutral,main_overlap,posterior_exponent × group
3249,-0.0096817490998447,neutral,main_overlap,posterior_exponent × group
3250,-0.2111380029515991,neutral,main_overlap,posterior_exponent × group
3251,-0.0345442769200327,neutral,main_overlap,posterior_exponent × group
3252,0.1127597191979442,neutral,main_overlap,posterior_exponent × group
3253,-0.0804451922007883,neutral,main_overlap,posterior_exponent × group
3254,-0.2045881504163702,neutral,main_overlap,posterior_exponent × group
3255,-0.0048912778241821,neutral,main_overlap,posterior_exponent × group
3256,0.0219788899932624,neutral,main_overlap,posterior_exponent × group
3257,-0.0893443953897387,neutral,main_overlap,posterior_exponent × group
3258,-0.0525808806145454,neutral,main_overlap,posterior_exponent × group
3259,-0.1271752477223112,neutral,main_overlap,posterior_exponent × group
3260,-0.1468995514891346,neutral,main_overlap,posterior_exponent × group
3261,-0.0993338712257124,neutral,main_overlap,posterior_exponent × group
3262,-0.0587619107022304,neutral,main_overlap,posterior_exponent × group
3263,0.0374647457627424,neutral,main_overlap,posterior_exponent × group
3264,-0.0143538186723687,neutral,main_overlap,posterior_exponent × group
3265,-0.0283071020282861,neutral,main_overlap,posterior_exponent × group
3266,-0.0277813082101951,neutral,main_overlap,posterior_exponent × group
3267,-0.0158169912328103,neutral,main_overlap,posterior_exponent × group
3268,-0.1443858922443422,neutral,main_overlap,posterior_exponent × group
3269,-0.0989284809938505,neutral,main_overlap,posterior_exponent × group
3270,-0.0854360374441642,neutral,main_overlap,posterior_exponent × group
3271,-0.0293976100925701,neutral,main_overlap,posterior_exponent × group
3272,-0.0314069352885209,neutral,main_overlap,posterior_exponent × group
3273,-0.0977625237204896,neutral,main_overlap,posterior_exponent × group
3274,0.0234255460821898,neutral,main_overlap,posterior_exponent × group
3275,-0.0313719307049227,neutral,main_overlap,posterior_exponent × group
3276,-0.0749585926712612,neutral,main_overlap,posterior_exponent × group
3277,-0.0634516146038323,neutral,main_overlap,posterior_exponent × group
3278,0.0439742430647736,neutral,main_overlap,posterior_exponent × group
3279,-0.0791595706456575,neutral,main_overlap,posterior_exponent × group
3280,0.0826582791315257,neutral,main_overlap,posterior_exponent × group
3281,-0.0480059962907003,neutral,main_overlap,posterior_exponent × group
3282,-0.087107234416538,neutral,main_overlap,posterior_exponent × group
3283,-0.1471386153911837,neutral,main_overlap,posterior_exponent × group
3284,-0.147849353911702,neutral,main_overlap,posterior_exponent × group
3285,-0.0682202327598215,neutral,main_overlap,posterior_exponent × group
3286,-0.1276108679915293,neutral,main_overlap,posterior_exponent × group
3287,-0.0253380717916052,neutral,main_overlap,posterior_exponent × group
3288,0.0053572078824844,neutral,main_overlap,posterior_exponent × group
3289,-0.1495168460621357,neutral,main_overlap,posterior_exponent × group
3290,-0.0649994248044673,neutral,main_overlap,posterior_exponent × group
3291,0.0106682424728109,neutral,main_overlap,posterior_exponent × group
3292,-0.0541920392573755,neutral,main_overlap,posterior_exponent × group
3293,0.1210671126137304,neutral,main_overlap,posterior_exponent × group
3294,-0.0093575673945201,neutral,main_overlap,posterior_exponent × group
3295,-0.007142296567012,neutral,main_overlap,posterior_exponent × group
3296,-0.1056713466014419,neutral,main_overlap,posterior_exponent × group
3297,-0.0093240908841458,neutral,main_overlap,posterior_exponent × group
3298,-0.0127838470716371,neutral,main_overlap,posterior_exponent × group
3299,0.0864878771101869,neutral,main_overlap,posterior_exponent × group
3300,-0.1223510979633857,neutral,main_overlap,posterior_exponent × group
3301,-0.0542896266664668,neutral,main_overlap,posterior_exponent × group
3302,0.0623288685141545,neutral,main_overlap,posterior_exponent × group
3303,0.0642181364840975,neutral,main_overlap,posterior_exponent × group
3304,-0.2086497402923377,neutral,main_overlap,posterior_exponent × group
3305,-0.0990535929041982,neutral,main_overlap,posterior_exponent × group
3306,0.0838707526413152,neutral,main_overlap,posterior_exponent × group
3307,-0.108635093298612,neutral,main_overlap,posterior_exponent × group
3308,-0.0065769485123202,neutral,main_overlap,posterior_exponent × group
3309,0.021717554021932,neutral,main_overlap,posterior_exponent × group
3310,0.0405521994691592,neutral,main_overlap,posterior_exponent × group
3311,0.011478219850823,neutral,main_overlap,posterior_exponent × group
3312,0.1370790486189439,neutral,main_overlap,posterior_exponent × group
3313,-0.0779641733382453,neutral,main_overlap,posterior_exponent × group
3314,-0.0860545397015311,neutral,main_overlap,posterior_exponent × group
3315,-0.2010631242793539,neutral,main_overlap,posterior_exponent × group
3316,-0.0100438091314302,neutral,main_overlap,posterior_exponent × group
3317,-0.07505130474225,neutral,main_overlap,posterior_exponent × group
3318,-0.0623482766653609,neutral,main_overlap,posterior_exponent × group
3319,-0.0226727356302222,neutral,main_overlap,posterior_exponent × group
3320,-0.1512269312061528,neutral,main_overlap,posterior_exponent × group
3321,-0.0936384294688296,neutral,main_overlap,posterior_exponent × group
3322,-0.0857063647430844,neutral,main_overlap,posterior_exponent × group
3323,-0.1499720755282386,neutral,main_overlap,posterior_exponent × group
3324,-0.0567818570849677,neutral,main_overlap,posterior_exponent × group
3325,-0.0168591873559996,neutral,main_overlap,posterior_exponent × group
3326,0.0027725481096243,neutral,main_overlap,posterior_exponent × group
3327,0.0343774273783307,neutral,main_overlap,posterior_exponent × group
3328,-0.0403394945178629,neutral,main_overlap,posterior_exponent × group
3329,0.0643413136489405,neutral,main_overlap,posterior_exponent × group
3330,0.1969500640867221,neutral,main_overlap,posterior_exponent × group
3331,0.0488425936731024,neutral,main_overlap,posterior_exponent × group
3332,0.0230698349399454,neutral,main_overlap,posterior_exponent × group
3333,0.0287419373864898,neutral,main_overlap,posterior_exponent × group
3334,0.0967632174530156,neutral,main_overlap,posterior_exponent × group
3335,0.0128227462803273,neutral,main_overlap,posterior_exponent × group
3336,0.0690074136829905,neutral,main_overlap,posterior_exponent × group
3337,-0.1092599215650346,neutral,main_overlap,posterior_exponent × group
3338,-0.0957188176424615,neutral,main_overlap,posterior_exponent × group
3339,-0.0049025531317963,neutral,main_overlap,posterior_exponent × group
3340,-0.1513028464518877,neutral,main_overlap,posterior_exponent × group
3341,0.0017069081589838,neutral,main_overlap,posterior_exponent × group
3342,-0.1520986801930678,neutral,main_overlap,posterior_exponent × group
3343,-0.0601113520306028,neutral,main_overlap,posterior_exponent × group
3344,0.0411077085443266,neutral,main_overlap,posterior_exponent × group
3345,0.0166736833152961,neutral,main_overlap,posterior_exponent × group
3346,-0.1147391049640919,neutral,main_overlap,posterior_exponent × group
3347,-0.156371076893039,neutral,main_overlap,posterior_exponent × group
3348,-0.0291996226744971,neutral,main_overlap,posterior_exponent × group
3349,-0.1262787647643219,neutral,main_overlap,posterior_exponent × group
3350,-0.0481923480156743,neutral,main_overlap,posterior_exponent × group
3351,0.0693124827152288,neutral,main_overlap,posterior_exponent × group
3352,-0.0406548240474676,neutral,main_overlap,posterior_exponent × group
3353,-0.2167264079836066,neutral,main_overlap,posterior_exponent × group
3354,-0.3222831011695477,neutral,main_overlap,posterior_exponent × group
3355,0.0178847757720156,neutral,main_overlap,posterior_exponent × group
3356,0.0072631130419433,neutral,main_overlap,posterior_exponent × group
3357,0.0110986146059481,neutral,main_overlap,posterior_exponent × group
3358,-0.0269265745268557,neutral,main_overlap,posterior_exponent × group
3359,-0.0921818273353667,neutral,main_overlap,posterior_exponent × group
3360,-0.1788985210990409,neutral,main_overlap,posterior_exponent × group
3361,-0.0615101857103542,neutral,main_overlap,posterior_exponent × group
3362,0.03153711653585,neutral,main_overlap,posterior_exponent × group
3363,0.086147823237829,neutral,main_overlap,posterior_exponent × group
3364,-0.1056625748337482,neutral,main_overlap,posterior_exponent × group
3365,-0.0911381385740292,neutral,main_overlap,posterior_exponent × group
3366,-0.1361259338247388,neutral,main_overlap,posterior_exponent × group
3367,0.0079708711309943,neutral,main_overlap,posterior_exponent × group
3368,-0.1317413764232149,neutral,main_overlap,posterior_exponent × group
3369,-0.1385062162174411,neutral,main_overlap,posterior_exponent × group
3370,-0.2117991934037839,neutral,main_overlap,posterior_exponent × group
3371,-0.0796967939334186,neutral,main_overlap,posterior_exponent × group
3372,-0.1050027883768547,neutral,main_overlap,posterior_exponent × group
3373,-0.1033499860513202,neutral,main_overlap,posterior_exponent × group
3374,-0.1833808624933131,neutral,main_overlap,posterior_exponent × group
3375,-0.0628697936303703,neutral,main_overlap,posterior_exponent × group
3376,-0.1981356240510113,neutral,main_overlap,posterior_exponent × group
3377,-0.0978830589920417,neutral,main_overlap,posterior_exponent × group
3378,-0.0894763501905076,neutral,main_overlap,posterior_exponent × group
3379,-0.2395937553531579,neutral,main_overlap,posterior_exponent × group
3380,0.0441734312052576,neutral,main_overlap,posterior_exponent × group
3381,0.1008257168071777,neutral,main_overlap,posterior_exponent × group
3382,-0.040470419098128,neutral,main_overlap,posterior_exponent × group
3383,-0.0443041528851611,neutral,main_overlap,posterior_exponent × group
3384,-0.0721488446046491,neutral,main_overlap,posterior_exponent × group
3385,-0.0444544752945132,neutral,main_overlap,posterior_exponent × group
3386,0.0345261574733747,neutral,main_overlap,posterior_exponent × group
3387,-0.0383390577606895,neutral,main_overlap,posterior_exponent × group
3388,-0.0184518281018427,neutral,main_overlap,posterior_exponent × group
3389,0.0114609703335968,neutral,main_overlap,posterior_exponent × group
3390,-0.0171007451982739,neutral,main_overlap,posterior_exponent × group
3391,0.0424832776791031,neutral,main_overlap,posterior_exponent × group
3392,-0.0528754586100626,neutral,main_overlap,posterior_exponent × group
3393,-0.0057876502277724,neutral,main_overlap,posterior_exponent × group
3394,-0.0281292148509018,neutral,main_overlap,posterior_exponent × group
3395,0.0183580786465104,neutral,main_overlap,posterior_exponent × group
3396,-0.0786847479242405,neutral,main_overlap,posterior_exponent × group
3397,0.0661394835366215,neutral,main_overlap,posterior_exponent × group
3398,-0.1468536917187786,neutral,main_overlap,posterior_exponent × group
3399,-0.0421556750447308,neutral,main_overlap,posterior_exponent × group
3400,-0.2252274618066322,neutral,main_overlap,posterior_exponent × group
3401,-0.1597893025979356,neutral,main_overlap,posterior_exponent × group
3402,-0.0215311860494034,neutral,main_overlap,posterior_exponent × group
3403,-0.2612341716736294,neutral,main_overlap,posterior_exponent × group
3404,-0.1805634352954653,neutral,main_overlap,posterior_exponent × group
3405,-0.1401775826512704,neutral,main_overlap,posterior_exponent × group
3406,-0.1080040035219668,neutral,main_overlap,posterior_exponent × group
3407,0.0246447370139568,neutral,main_overlap,posterior_exponent × group
3408,-0.0606051351911196,neutral,main_overlap,posterior_exponent × group
3409,-0.1412827566160612,neutral,main_overlap,posterior_exponent × group
3410,-0.092711162195927,neutral,main_overlap,posterior_exponent × group
3411,-0.0628348732720007,neutral,main_overlap,posterior_exponent × group
3412,0.0322025600980315,neutral,main_overlap,posterior_exponent × group
3413,-0.0268910720444872,neutral,main_overlap,posterior_exponent × group
3414,-0.1105608995834202,neutral,main_overlap,posterior_exponent × group
3415,-0.0243622594006859,neutral,main_overlap,posterior_exponent × group
3416,0.010011461797871,neutral,main_overlap,posterior_exponent × group
3417,-0.0106763283199233,neutral,main_overlap,posterior_exponent × group
3418,-0.0776013225862086,neutral,main_overlap,posterior_exponent × group
3419,0.0220784853731297,neutral,main_overlap,posterior_exponent × group
3420,-0.0198594346451195,neutral,main_overlap,posterior_exponent × group
3421,-0.2643355983080038,neutral,main_overlap,posterior_exponent × group
3422,-0.0171831021206251,neutral,main_overlap,posterior_exponent × group
3423,-0.1021919203694841,neutral,main_overlap,posterior_exponent × group
3424,-0.0591683752466973,neutral,main_overlap,posterior_exponent × group
3425,-0.1342367344408091,neutral,main_overlap,posterior_exponent × group
3426,-0.1227313680609714,neutral,main_overlap,posterior_exponent × group
3427,-0.0597430894921936,neutral,main_overlap,posterior_exponent × group
3428,-0.0289705471816751,neutral,main_overlap,posterior_exponent × group
3429,0.0606833136574347,neutral,main_overlap,posterior_exponent × group
3430,-0.1516296166532867,neutral,main_overlap,posterior_exponent × group
3431,-0.0170491224209445,neutral,main_overlap,posterior_exponent × group
3432,-0.1119899863635053,neutral,main_overlap,posterior_exponent × group
3433,-0.0376169045097416,neutral,main_overlap,posterior_exponent × group
3434,0.0556567896557407,neutral,main_overlap,posterior_exponent × group
3435,0.0909307128333222,neutral,main_overlap,posterior_exponent × group
3436,-0.1792470199820619,neutral,main_overlap,posterior_exponent × group
3437,-0.0935588544352326,neutral,main_overlap,posterior_exponent × group
3438,-0.0423505187087986,neutral,main_overlap,posterior_exponent × group
3439,-0.0974373449348594,neutral,main_overlap,posterior_exponent × group
3440,-0.1601308377667359,neutral,main_overlap,posterior_exponent × group
3441,-0.0568499000943599,neutral,main_overlap,posterior_exponent × group
3442,-0.1148199140192214,neutral,main_overlap,posterior_exponent × group
3443,0.1078401436246777,neutral,main_overlap,posterior_exponent × group
3444,0.0526222111887633,neutral,main_overlap,posterior_exponent × group
3445,-0.213265677346338,neutral,main_overlap,posterior_exponent × group
3446,-0.069549117927713,neutral,main_overlap,posterior_exponent × group
3447,-0.0939358141896892,neutral,main_overlap,posterior_exponent × group
3448,-0.0048722125273008,neutral,main_overlap,posterior_exponent × group
3449,-0.118193934308543,neutral,main_overlap,posterior_exponent × group
3450,-0.0561909422477131,neutral,main_overlap,posterior_exponent × group
3451,-0.0761482657204799,neutral,main_overlap,posterior_exponent × group
3452,0.0133899710067127,neutral,main_overlap,posterior_exponent × group
3453,0.0174788734230693,neutral,main_overlap,posterior_exponent × group
3454,-0.0920167235272401,neutral,main_overlap,posterior_exponent × group
3455,-0.0740803673131375,neutral,main_overlap,posterior_exponent × group
3456,0.0411549852025258,neutral,main_overlap,posterior_exponent × group
3457,0.0060869095787122,neutral,main_overlap,posterior_exponent × group
3458,-0.1205075500551064,neutral,main_overlap,posterior_exponent × group
3459,-0.0182564388979865,neutral,main_overlap,posterior_exponent × group
3460,-0.1211173799693086,neutral,main_overlap,posterior_exponent × group
3461,0.0275213118542161,neutral,main_overlap,posterior_exponent × group
3462,0.1545075314474184,neutral,main_overlap,posterior_exponent × group
3463,-0.1142440835303564,neutral,main_overlap,posterior_exponent × group
3464,-0.117694704019261,neutral,main_overlap,posterior_exponent × group
3465,-0.0579254542364355,neutral,main_overlap,posterior_exponent × group
3466,-0.0199693572715151,neutral,main_overlap,posterior_exponent × group
3467,0.0266982853363332,neutral,main_overlap,posterior_exponent × group
3468,-0.0911654948931647,neutral,main_overlap,posterior_exponent × group
3469,-0.0364279843642173,neutral,main_overlap,posterior_exponent × group
3470,0.0063209776033224,neutral,main_overlap,posterior_exponent × group
3471,-0.0919579961768539,neutral,main_overlap,posterior_exponent × group
3472,-0.1837710308115884,neutral,main_overlap,posterior_exponent × group
3473,-0.1431590621535849,neutral,main_overlap,posterior_exponent × group
3474,0.023096847261593,neutral,main_overlap,posterior_exponent × group
3475,-0.0710338473107731,neutral,main_overlap,posterior_exponent × group
3476,0.059577828299996,neutral,main_overlap,posterior_exponent × group
3477,-0.3702110296268659,neutral,main_overlap,posterior_exponent × group
3478,-0.0455014096971269,neutral,main_overlap,posterior_exponent × group
3479,-0.1011544174433585,neutral,main_overlap,posterior_exponent × group
3480,0.0532402199509372,neutral,main_overlap,posterior_exponent × group
3481,-0.0705110407699377,neutral,main_overlap,posterior_exponent × group
3482,0.0135393133559633,neutral,main_overlap,posterior_exponent × group
3483,-0.1216747527201063,neutral,main_overlap,posterior_exponent × group
3484,-0.0084384705687007,neutral,main_overlap,posterior_exponent × group
3485,0.0328371068327944,neutral,main_overlap,posterior_exponent × group
3486,-0.0845058814825354,neutral,main_overlap,posterior_exponent × group
3487,-0.1928007843717979,neutral,main_overlap,posterior_exponent × group
3488,0.0651650794960773,neutral,main_overlap,posterior_exponent × group
3489,0.0312820474892622,neutral,main_overlap,posterior_exponent × group
3490,-0.1336533771303967,neutral,main_overlap,posterior_exponent × group
3491,-0.1137733160760843,neutral,main_overlap,posterior_exponent × group
3492,-0.0370536260234986,neutral,main_overlap,posterior_exponent × group
3493,-0.000994591195674,neutral,main_overlap,posterior_exponent × group
3494,0.0191039776129276,neutral,main_overlap,posterior_exponent × group
3495,-0.1920448416325818,neutral,main_overlap,posterior_exponent × group
3496,-0.0495438945510495,neutral,main_overlap,posterior_exponent × group
3497,0.1210593366420234,neutral,main_overlap,posterior_exponent × group
3498,-0.0627369024355131,neutral,main_overlap,posterior_exponent × group
3499,0.0270369352022641,neutral,main_overlap,posterior_exponent × group
3500,-0.0425255244319116,neutral,main_overlap,posterior_exponent × group
3501,0.1059339517769602,neutral,main_overlap,posterior_exponent × group
3502,-0.1044165452778345,neutral,main_overlap,posterior_exponent × group
3503,0.0150048529871157,neutral,main_overlap,posterior_exponent × group
3504,-0.2645059510812344,neutral,main_overlap,posterior_exponent × group
3505,0.0121301570758195,neutral,main_overlap,posterior_exponent × group
3506,-0.0021002230794893,neutral,main_overlap,posterior_exponent × group
3507,-0.142202028812849,neutral,main_overlap,posterior_exponent × group
3508,-0.1747619198809383,neutral,main_overlap,posterior_exponent × group
3509,-0.065733165693159,neutral,main_overlap,posterior_exponent × group
3510,-0.0064471777447543,neutral,main_overlap,posterior_exponent × group
3511,-0.0902038628668645,neutral,main_overlap,posterior_exponent × group
3512,-0.1644829820408782,neutral,main_overlap,posterior_exponent × group
3513,0.0149675625953845,neutral,main_overlap,posterior_exponent × group
3514,0.0198274110211361,neutral,main_overlap,posterior_exponent × group
3515,-0.1481202883085027,neutral,main_overlap,posterior_exponent × group
3516,0.0890827634731793,neutral,main_overlap,posterior_exponent × group
3517,-0.101824065330509,neutral,main_overlap,posterior_exponent × group
3518,0.0236233629431056,neutral,main_overlap,posterior_exponent × group
3519,-0.0417383661739024,neutral,main_overlap,posterior_exponent × group
3520,-0.0868881685900096,neutral,main_overlap,posterior_exponent × group
3521,-0.0506369849981042,neutral,main_overlap,posterior_exponent × group
3522,-0.0548452491973804,neutral,main_overlap,posterior_exponent × group
3523,0.0025504271015969,neutral,main_overlap,posterior_exponent × group
3524,-0.2588536765437437,neutral,main_overlap,posterior_exponent × group
3525,0.0494044886320997,neutral,main_overlap,posterior_exponent × group
3526,-0.2639299321633047,neutral,main_overlap,posterior_exponent × group
3527,0.0692924601139448,neutral,main_overlap,posterior_exponent × group
3528,0.101219166803801,neutral,main_overlap,posterior_exponent × group
3529,-0.0280276091142478,neutral,main_overlap,posterior_exponent × group
3530,-0.0743848524140403,neutral,main_overlap,posterior_exponent × group
3531,-0.1754079940969299,neutral,main_overlap,posterior_exponent × group
3532,-0.0563702481681315,neutral,main_overlap,posterior_exponent × group
3533,-0.1043845319757175,neutral,main_overlap,posterior_exponent × group
3534,-0.0886368269692198,neutral,main_overlap,posterior_exponent × group
3535,0.0344203821355679,neutral,main_overlap,posterior_exponent × group
3536,0.0247399080331719,neutral,main_overlap,posterior_exponent × group
3537,-0.0657461988437863,neutral,main_overlap,posterior_exponent × group
3538,-0.0479375420629162,neutral,main_overlap,posterior_exponent × group
3539,-0.0046559384182755,neutral,main_overlap,posterior_exponent × group
3540,-0.2340293876884148,neutral,main_overlap,posterior_exponent × group
3541,0.0734880287207565,neutral,main_overlap,posterior_exponent × group
3542,0.0748945775267221,neutral,main_overlap,posterior_exponent × group
3543,-0.0336042060978781,neutral,main_overlap,posterior_exponent × group
3544,-0.1233332925244213,neutral,main_overlap,posterior_exponent × group
3545,-0.0190431954832316,neutral,main_overlap,posterior_exponent × group
3546,-0.0780503018422598,neutral,main_overlap,posterior_exponent × group
3547,0.0536836883757436,neutral,main_overlap,posterior_exponent × group
3548,-0.0506264023068513,neutral,main_overlap,posterior_exponent × group
3549,0.0893567339683783,neutral,main_overlap,posterior_exponent × group
3550,-0.0439846833190991,neutral,main_overlap,posterior_exponent × group
3551,0.0343917766049284,neutral,main_overlap,posterior_exponent × group
3552,0.0113140727223286,neutral,main_overlap,posterior_exponent × group
3553,-0.0327595353881972,neutral,main_overlap,posterior_exponent × group
3554,-0.066235417836274,neutral,main_overlap,posterior_exponent × group
3555,-0.1167961658928677,neutral,main_overlap,posterior_exponent × group
3556,-0.1332704807609883,neutral,main_overlap,posterior_exponent × group
3557,-0.027263723844693,neutral,main_overlap,posterior_exponent × group
3558,-0.1181873620388384,neutral,main_overlap,posterior_exponent × group
3559,-0.122972509540677,neutral,main_overlap,posterior_exponent × group
3560,-0.1350554323598602,neutral,main_overlap,posterior_exponent × group
3561,0.0160351611642225,neutral,main_overlap,posterior_exponent × group
3562,0.0940381612658639,neutral,main_overlap,posterior_exponent × group
3563,-0.0284670014522409,neutral,main_overlap,posterior_exponent × group
3564,-0.0081376164299926,neutral,main_overlap,posterior_exponent × group
3565,-0.0514095456144475,neutral,main_overlap,posterior_exponent × group
3566,0.005367285009358,neutral,main_overlap,posterior_exponent × group
3567,-0.109432347124832,neutral,main_overlap,posterior_exponent × group
3568,-0.0513009557414715,neutral,main_overlap,posterior_exponent × group
3569,-0.0953851855934718,neutral,main_overlap,posterior_exponent × group
3570,-0.0581109983964296,neutral,main_overlap,posterior_exponent × group
3571,-0.0398156491003562,neutral,main_overlap,posterior_exponent × group
3572,-0.077645516495682,neutral,main_overlap,posterior_exponent × group
3573,-0.1063818366251356,neutral,main_overlap,posterior_exponent × group
3574,0.0016657271830376,neutral,main_overlap,posterior_exponent × group
3575,0.1262293498418405,neutral,main_overlap,posterior_exponent × group
3576,-0.1765526674643531,neutral,main_overlap,posterior_exponent × group
3577,0.0178833321754926,neutral,main_overlap,posterior_exponent × group
3578,-0.0926367787257373,neutral,main_overlap,posterior_exponent × group
3579,-0.0772366571059149,neutral,main_overlap,posterior_exponent × group
3580,-0.0024418976025378,neutral,main_overlap,posterior_exponent × group
3581,-0.0903983042122971,neutral,main_overlap,posterior_exponent × group
3582,-0.3137866268728554,neutral,main_overlap,posterior_exponent × group
3583,-0.1264898205097869,neutral,main_overlap,posterior_exponent × group
3584,0.0604787165320555,neutral,main_overlap,posterior_exponent × group
3585,-0.0366876666109795,neutral,main_overlap,posterior_exponent × group
3586,-0.0333775636398568,neutral,main_overlap,posterior_exponent × group
3587,-0.1723826370313157,neutral,main_overlap,posterior_exponent × group
3588,0.0008573510580854,neutral,main_overlap,posterior_exponent × group
3589,-0.0036417573415557,neutral,main_overlap,posterior_exponent × group
3590,0.0342996545156576,neutral,main_overlap,posterior_exponent × group
3591,-0.0024892957765942,neutral,main_overlap,posterior_exponent × group
3592,-0.0313468161020402,neutral,main_overlap,posterior_exponent × group
3593,-0.0821535862917331,neutral,main_overlap,posterior_exponent × group
3594,-0.1415520858381901,neutral,main_overlap,posterior_exponent × group
3595,-0.0303336491476263,neutral,main_overlap,posterior_exponent × group
3596,0.0015589256866828,neutral,main_overlap,posterior_exponent × group
3597,-0.0282268170037872,neutral,main_overlap,posterior_exponent × group
3598,-0.1835956332090038,neutral,main_overlap,posterior_exponent × group
3599,0.0035028468657149,neutral,main_overlap,posterior_exponent × group
3600,-0.0352711320749476,neutral,main_overlap,posterior_exponent × group
3601,-0.0883947808914691,neutral,main_overlap,posterior_exponent × group
3602,-0.0532716371159452,neutral,main_overlap,posterior_exponent × group
3603,-0.0465118689949955,neutral,main_overlap,posterior_exponent × group
3604,0.005389987710941,neutral,main_overlap,posterior_exponent × group
3605,-0.0699117345011034,neutral,main_overlap,posterior_exponent × group
3606,-0.0837508266153727,neutral,main_overlap,posterior_exponent × group
3607,0.0416152159734368,neutral,main_overlap,posterior_exponent × group
3608,-0.0839970055578168,neutral,main_overlap,posterior_exponent × group
3609,-0.1360833067337499,neutral,main_overlap,posterior_exponent × group
3610,-0.1172419990107024,neutral,main_overlap,posterior_exponent × group
3611,0.0451303668391493,neutral,main_overlap,posterior_exponent × group
3612,-0.1055907471909481,neutral,main_overlap,posterior_exponent × group
3613,-0.1671959954225829,neutral,main_overlap,posterior_exponent × group
3614,-0.1388923648908664,neutral,main_overlap,posterior_exponent × group
3615,-0.0884102202558524,neutral,main_overlap,posterior_exponent × group
3616,-0.1291321218034702,neutral,main_overlap,posterior_exponent × group
3617,-0.2353425299609566,neutral,main_overlap,posterior_exponent × group
3618,-0.0260787962342689,neutral,main_overlap,posterior_exponent × group
3619,0.1546185968230194,neutral,main_overlap,posterior_exponent × group
3620,-0.1200286830971543,neutral,main_overlap,posterior_exponent × group
3621,-0.0725126689626912,neutral,main_overlap,posterior_exponent × group
3622,-0.1879254311577542,neutral,main_overlap,posterior_exponent × group
3623,0.0982977933818516,neutral,main_overlap,posterior_exponent × group
3624,-0.0933177475749754,neutral,main_overlap,posterior_exponent × group
3625,-0.1207945965848693,neutral,main_overlap,posterior_exponent × group
3626,-0.1167310504347292,neutral,main_overlap,posterior_exponent × group
3627,-0.1537372051107072,neutral,main_overlap,posterior_exponent × group
3628,-0.1183540070648547,neutral,main_overlap,posterior_exponent × group
3629,0.0237072041227426,neutral,main_overlap,posterior_exponent × group
3630,-0.0207524670679355,neutral,main_overlap,posterior_exponent × group
3631,-0.0096457599563941,neutral,main_overlap,posterior_exponent × group
3632,-0.0165866227116713,neutral,main_overlap,posterior_exponent × group
3633,-0.1096057180074161,neutral,main_overlap,posterior_exponent × group
3634,-0.0542137456240774,neutral,main_overlap,posterior_exponent × group
3635,-0.1536103505791787,neutral,main_overlap,posterior_exponent × group
3636,-0.1229219447653002,neutral,main_overlap,posterior_exponent × group
3637,0.0001950405792125,neutral,main_overlap,posterior_exponent × group
3638,-0.0543134667358469,neutral,main_overlap,posterior_exponent × group
3639,-0.0968951376231458,neutral,main_overlap,posterior_exponent × group
3640,0.1513741710600235,neutral,main_overlap,posterior_exponent × group
3641,-0.1361266436016663,neutral,main_overlap,posterior_exponent × group
3642,-0.0327446583282752,neutral,main_overlap,posterior_exponent × group
3643,-0.0115057451871773,neutral,main_overlap,posterior_exponent × group
3644,-0.0734003588738824,neutral,main_overlap,posterior_exponent × group
3645,-0.0116057554012277,neutral,main_overlap,posterior_exponent × group
3646,-0.1221354764751748,neutral,main_overlap,posterior_exponent × group
3647,0.047622479070988,neutral,main_overlap,posterior_exponent × group
3648,0.0208104192697832,neutral,main_overlap,posterior_exponent × group
3649,-0.0795060419610308,neutral,main_overlap,posterior_exponent × group
3650,-0.1460384845373314,neutral,main_overlap,posterior_exponent × group
3651,-0.0294883669984891,neutral,main_overlap,posterior_exponent × group
3652,-0.1218208416237301,neutral,main_overlap,posterior_exponent × group
3653,-0.1018422488709178,neutral,main_overlap,posterior_exponent × group
3654,0.043523612491723,neutral,main_overlap,posterior_exponent × group
3655,-3.340656167452605e-05,neutral,main_overlap,posterior_exponent × group
3656,-0.0475982479919658,neutral,main_overlap,posterior_exponent × group
3657,-0.0933692848142635,neutral,main_overlap,posterior_exponent × group
3658,0.0203714748911428,neutral,main_overlap,posterior_exponent × group
3659,0.1367721892071008,neutral,main_overlap,posterior_exponent × group
3660,-0.1168458245376034,neutral,main_overlap,posterior_exponent × group
3661,-0.0682469764194172,neutral,main_overlap,posterior_exponent × group
3662,-0.0369293967663516,neutral,main_overlap,posterior_exponent × group
3663,-0.0343553149441635,neutral,main_overlap,posterior_exponent × group
3664,0.0967412251525196,neutral,main_overlap,posterior_exponent × group
3665,0.1096366177582617,neutral,main_overlap,posterior_exponent × group
3666,-0.0119446686741088,neutral,main_overlap,posterior_exponent × group
3667,0.0436448588841961,neutral,main_overlap,posterior_exponent × group
3668,-0.20047587293142,neutral,main_overlap,posterior_exponent × group
3669,-0.0533434933136633,neutral,main_overlap,posterior_exponent × group
3670,-0.1516613124280255,neutral,main_overlap,posterior_exponent × group
3671,-0.0511385701109561,neutral,main_overlap,posterior_exponent × group
3672,-0.0464883984915771,neutral,main_overlap,posterior_exponent × group
3673,-0.1968697074679598,neutral,main_overlap,posterior_exponent × group
3674,-0.1404894731346161,neutral,main_overlap,posterior_exponent × group
3675,-0.026122823753167,neutral,main_overlap,posterior_exponent × group
3676,-0.0276648545844615,neutral,main_overlap,posterior_exponent × group
3677,0.0180543281834262,neutral,main_overlap,posterior_exponent × group
3678,-0.1139839816649223,neutral,main_overlap,posterior_exponent × group
3679,0.2065151312367922,neutral,main_overlap,posterior_exponent × group
3680,0.0352422265561314,neutral,main_overlap,posterior_exponent × group
3681,0.0047777261313331,neutral,main_overlap,posterior_exponent × group
3682,-0.1017679338460042,neutral,main_overlap,posterior_exponent × group
3683,-0.0665767873170538,neutral,main_overlap,posterior_exponent × group
3684,-0.0833217811850395,neutral,main_overlap,posterior_exponent × group
3685,0.0056286745878016,neutral,main_overlap,posterior_exponent × group
3686,-0.0359094324552946,neutral,main_overlap,posterior_exponent × group
3687,0.0569499595412212,neutral,main_overlap,posterior_exponent × group
3688,0.0507856671886623,neutral,main_overlap,posterior_exponent × group
3689,-0.1479787014954728,neutral,main_overlap,posterior_exponent × group
3690,-0.1590286383153572,neutral,main_overlap,posterior_exponent × group
3691,0.0102384155904085,neutral,main_overlap,posterior_exponent × group
3692,-0.0537394520555957,neutral,main_overlap,posterior_exponent × group
3693,-0.1351843013403741,neutral,main_overlap,posterior_exponent × group
3694,-0.0685311788942662,neutral,main_overlap,posterior_exponent × group
3695,-0.0446282091059886,neutral,main_overlap,posterior_exponent × group
3696,-0.1118409155978898,neutral,main_overlap,posterior_exponent × group
3697,-0.1211981648284525,neutral,main_overlap,posterior_exponent × group
3698,-0.1584507802115876,neutral,main_overlap,posterior_exponent × group
3699,-0.0431679788918063,neutral,main_overlap,posterior_exponent × group
3700,-0.0625376488278582,neutral,main_overlap,posterior_exponent × group
3701,-0.1219809052504753,neutral,main_overlap,posterior_exponent × group
3702,-0.0003889384560627,neutral,main_overlap,posterior_exponent × group
3703,-0.082254690639308,neutral,main_overlap,posterior_exponent × group
3704,-0.0764352291370811,neutral,main_overlap,posterior_exponent × group
3705,-0.0195008658882829,neutral,main_overlap,posterior_exponent × group
3706,0.0331345566080434,neutral,main_overlap,posterior_exponent × group
3707,-0.0378628431896555,neutral,main_overlap,posterior_exponent × group
3708,-0.1184774648280596,neutral,main_overlap,posterior_exponent × group
3709,0.0548590059398086,neutral,main_overlap,posterior_exponent × group
3710,-0.1153578023070516,neutral,main_overlap,posterior_exponent × group
3711,-0.0433132306197082,neutral,main_overlap,posterior_exponent × group
3712,-0.0020156883044878,neutral,main_overlap,posterior_exponent × group
3713,0.0409066030226767,neutral,main_overlap,posterior_exponent × group
3714,-0.126806190063681,neutral,main_overlap,posterior_exponent × group
3715,-0.082286321532762,neutral,main_overlap,posterior_exponent × group
3716,0.0594886954940161,neutral,main_overlap,posterior_exponent × group
3717,-0.062969310804657,neutral,main_overlap,posterior_exponent × group
3718,-0.2059164053753338,neutral,main_overlap,posterior_exponent × group
3719,-0.0740691780733101,neutral,main_overlap,posterior_exponent × group
3720,-0.1721636005110079,neutral,main_overlap,posterior_exponent × group
3721,-0.0547286052096588,neutral,main_overlap,posterior_exponent × group
3722,-0.0874917002062249,neutral,main_overlap,posterior_exponent × group
3723,-0.0360746459997298,neutral,main_overlap,posterior_exponent × group
3724,0.0126783009425275,neutral,main_overlap,posterior_exponent × group
3725,-0.022980576145322,neutral,main_overlap,posterior_exponent × group
3726,0.0689318090001018,neutral,main_overlap,posterior_exponent × group
3727,-0.2057807392816546,neutral,main_overlap,posterior_exponent × group
3728,-0.1574048815953903,neutral,main_overlap,posterior_exponent × group
3729,-0.0479717780572832,neutral,main_overlap,posterior_exponent × group
3730,-0.0463220888504034,neutral,main_overlap,posterior_exponent × group
3731,0.0179216782220636,neutral,main_overlap,posterior_exponent × group
3732,-0.080554346164811,neutral,main_overlap,posterior_exponent × group
3733,-0.088213170088325,neutral,main_overlap,posterior_exponent × group
3734,0.0987486139746399,neutral,main_overlap,posterior_exponent × group
3735,-0.2105539355219104,neutral,main_overlap,posterior_exponent × group
3736,-0.0009419058519417,neutral,main_overlap,posterior_exponent × group
3737,0.1423377956286468,neutral,main_overlap,posterior_exponent × group
3738,0.0036685312594845,neutral,main_overlap,posterior_exponent × group
3739,-0.0197763237352737,neutral,main_overlap,posterior_exponent × group
3740,-0.0169440623737368,neutral,main_overlap,posterior_exponent × group
3741,0.1266227338250445,neutral,main_overlap,posterior_exponent × group
3742,0.0510447121697981,neutral,main_overlap,posterior_exponent × group
3743,0.0098849907606304,neutral,main_overlap,posterior_exponent × group
3744,-0.3299204605005447,neutral,main_overlap,posterior_exponent × group
3745,-0.242844405313761,neutral,main_overlap,posterior_exponent × group
3746,-0.0538517000304913,neutral,main_overlap,posterior_exponent × group
3747,-0.0133921080705756,neutral,main_overlap,posterior_exponent × group
3748,-0.1514848950884679,neutral,main_overlap,posterior_exponent × group
3749,-0.0751417765440288,neutral,main_overlap,posterior_exponent × group
3750,0.0745141058001663,neutral,main_overlap,posterior_exponent × group
3751,-0.2209254208798175,neutral,main_overlap,posterior_exponent × group
3752,-0.0004294685510984,neutral,main_overlap,posterior_exponent × group
3753,-0.0898916835567105,neutral,main_overlap,posterior_exponent × group
3754,0.0203356782467544,neutral,main_overlap,posterior_exponent × group
3755,-0.0618468886596127,neutral,main_overlap,posterior_exponent × group
3756,-0.0748469450374992,neutral,main_overlap,posterior_exponent × group
3757,-0.0086627941855407,neutral,main_overlap,posterior_exponent × group
3758,-0.0875808293460872,neutral,main_overlap,posterior_exponent × group
3759,-0.104336710979237,neutral,main_overlap,posterior_exponent × group
3760,0.0275159915532654,neutral,main_overlap,posterior_exponent × group
3761,-0.0473212348662293,neutral,main_overlap,posterior_exponent × group
3762,-0.163196917438234,neutral,main_overlap,posterior_exponent × group
3763,0.0670125997327103,neutral,main_overlap,posterior_exponent × group
3764,-0.1323344644455271,neutral,main_overlap,posterior_exponent × group
3765,0.0457635681027899,neutral,main_overlap,posterior_exponent × group
3766,-0.0727490308191355,neutral,main_overlap,posterior_exponent × group
3767,0.0134302146992355,neutral,main_overlap,posterior_exponent × group
3768,0.078782584740971,neutral,main_overlap,posterior_exponent × group
3769,-0.0473431183694479,neutral,main_overlap,posterior_exponent × group
3770,-0.0909890718986136,neutral,main_overlap,posterior_exponent × group
3771,-0.0061863788086826,neutral,main_overlap,posterior_exponent × group
3772,0.1950028508663211,neutral,main_overlap,posterior_exponent × group
3773,-0.0033781630482211,neutral,main_overlap,posterior_exponent × group
3774,-0.1407130130527984,neutral,main_overlap,posterior_exponent × group
3775,-0.0707792510837065,neutral,main_overlap,posterior_exponent × group
3776,0.0408736122241771,neutral,main_overlap,posterior_exponent × group
3777,0.005243514980257,neutral,main_overlap,posterior_exponent × group
3778,-0.0858952004040019,neutral,main_overlap,posterior_exponent × group
3779,-0.247491183510629,neutral,main_overlap,posterior_exponent × group
3780,-0.0702629852578277,neutral,main_overlap,posterior_exponent × group
3781,-0.0648793809834852,neutral,main_overlap,posterior_exponent × group
3782,0.0045119721442368,neutral,main_overlap,posterior_exponent × group
3783,0.0933349364956257,neutral,main_overlap,posterior_exponent × group
3784,-0.0088411002826274,neutral,main_overlap,posterior_exponent × group
3785,-0.0247036569901693,neutral,main_overlap,posterior_exponent × group
3786,0.0108432248860599,neutral,main_overlap,posterior_exponent × group
3787,0.1723141325539607,neutral,main_overlap,posterior_exponent × group
3788,-0.1023900639556145,neutral,main_overlap,posterior_exponent × group
3789,-0.0515690867845178,neutral,main_overlap,posterior_exponent × group
3790,-0.2267050718699093,neutral,main_overlap,posterior_exponent × group
3791,-0.0214683972054276,neutral,main_overlap,posterior_exponent × group
3792,-0.1601826480874172,neutral,main_overlap,posterior_exponent × group
3793,-0.0699761419651727,neutral,main_overlap,posterior_exponent × group
3794,-0.0115117602257582,neutral,main_overlap,posterior_exponent × group
3795,-0.0240404713133611,neutral,main_overlap,posterior_exponent × group
3796,-0.0400891954395287,neutral,main_overlap,posterior_exponent × group
3797,-0.0469474272671875,neutral,main_overlap,posterior_exponent × group
3798,-0.2216180882085614,neutral,main_overlap,posterior_exponent × group
3799,-0.0151040444894206,neutral,main_overlap,posterior_exponent × group
3800,-0.0352203589364552,neutral,main_overlap,posterior_exponent × group
3801,0.0624927692002036,neutral,main_overlap,posterior_exponent × group
3802,0.0585793583791492,neutral,main_overlap,posterior_exponent × group
3803,-0.0309264940593157,neutral,main_overlap,posterior_exponent × group
3804,0.0104140566455741,neutral,main_overlap,posterior_exponent × group
3805,-0.0490499177788776,neutral,main_overlap,posterior_exponent × group
3806,-0.1953772460206794,neutral,main_overlap,posterior_exponent × group
3807,0.0219457024045058,neutral,main_overlap,posterior_exponent × group
3808,-0.113304761563976,neutral,main_overlap,posterior_exponent × group
3809,-0.2083074711414879,neutral,main_overlap,posterior_exponent × group
3810,-0.1269693704753957,neutral,main_overlap,posterior_exponent × group
3811,-0.0688119422774514,neutral,main_overlap,posterior_exponent × group
3812,-0.1822035866441792,neutral,main_overlap,posterior_exponent × group
3813,0.0486812200953121,neutral,main_overlap,posterior_exponent × group
3814,-0.1379813971057574,neutral,main_overlap,posterior_exponent × group
3815,-0.0002602860768627,neutral,main_overlap,posterior_exponent × group
3816,0.0556356880628926,neutral,main_overlap,posterior_exponent × group
3817,-0.1401932384556954,neutral,main_overlap,posterior_exponent × group
3818,0.0512537412216783,neutral,main_overlap,posterior_exponent × group
3819,-0.0009016660487219,neutral,main_overlap,posterior_exponent × group
3820,-0.1186361287676288,neutral,main_overlap,posterior_exponent × group
3821,0.0353054847255186,neutral,main_overlap,posterior_exponent × group
3822,-0.0373631800907408,neutral,main_overlap,posterior_exponent × group
3823,0.0304923769988353,neutral,main_overlap,posterior_exponent × group
3824,-0.040145961612759,neutral,main_overlap,posterior_exponent × group
3825,-0.1474866348609693,neutral,main_overlap,posterior_exponent × group
3826,-0.1056494630984764,neutral,main_overlap,posterior_exponent × group
3827,-0.1246005790645648,neutral,main_overlap,posterior_exponent × group
3828,0.0132389204226755,neutral,main_overlap,posterior_exponent × group
3829,0.0824240814122103,neutral,main_overlap,posterior_exponent × group
3830,-0.0789805077846442,neutral,main_overlap,posterior_exponent × group
3831,-0.128324486123377,neutral,main_overlap,posterior_exponent × group
3832,-0.0919492232795791,neutral,main_overlap,posterior_exponent × group
3833,-0.0569388141209065,neutral,main_overlap,posterior_exponent × group
3834,0.0417193915287996,neutral,main_overlap,posterior_exponent × group
3835,-0.0329560792762644,neutral,main_overlap,posterior_exponent × group
3836,-0.0559121508400475,neutral,main_overlap,posterior_exponent × group
3837,-0.0937911996117796,neutral,main_overlap,posterior_exponent × group
3838,-0.0657647954529141,neutral,main_overlap,posterior_exponent × group
3839,-0.136443161264849,neutral,main_overlap,posterior_exponent × group
3840,0.0665221215898142,neutral,main_overlap,posterior_exponent × group
3841,-0.1476433073895793,neutral,main_overlap,posterior_exponent × group
3842,0.0208053950438318,neutral,main_overlap,posterior_exponent × group
3843,-0.0440704989269816,neutral,main_overlap,posterior_exponent × group
3844,-0.0028604160399544,neutral,main_overlap,posterior_exponent × group
3845,-0.0149444403279935,neutral,main_overlap,posterior_exponent × group
3846,-0.1466928510967699,neutral,main_overlap,posterior_exponent × group
3847,0.0873609672182441,neutral,main_overlap,posterior_exponent × group
3848,-0.0784261991744558,neutral,main_overlap,posterior_exponent × group
3849,-0.0291270591856137,neutral,main_overlap,posterior_exponent × group
3850,-0.0846391748837004,neutral,main_overlap,posterior_exponent × group
3851,-0.0033028246661079,neutral,main_overlap,posterior_exponent × group
3852,0.1733468861522986,neutral,main_overlap,posterior_exponent × group
3853,-0.1017935560295547,neutral,main_overlap,posterior_exponent × group
3854,-0.0223338131471532,neutral,main_overlap,posterior_exponent × group
3855,-0.1146014952704373,neutral,main_overlap,posterior_exponent × group
3856,0.0044650427636197,neutral,main_overlap,posterior_exponent × group
3857,-0.1474720360036397,neutral,main_overlap,posterior_exponent × group
3858,-0.0181363692115143,neutral,main_overlap,posterior_exponent × group
3859,-0.0757601135910553,neutral,main_overlap,posterior_exponent × group
3860,-0.1135844684786241,neutral,main_overlap,posterior_exponent × group
3861,-0.0056227976802812,neutral,main_overlap,posterior_exponent × group
3862,0.0530114349957171,neutral,main_overlap,posterior_exponent × group
3863,-0.0201746553192184,neutral,main_overlap,posterior_exponent × group
3864,-0.0150714439111166,neutral,main_overlap,posterior_exponent × group
3865,-0.0240473805586089,neutral,main_overlap,posterior_exponent × group
3866,0.0285116260386516,neutral,main_overlap,posterior_exponent × group
3867,-0.0916802123348809,neutral,main_overlap,posterior_exponent × group
3868,-0.0845069671097211,neutral,main_overlap,posterior_exponent × group
3869,-0.0554839862234398,neutral,main_overlap,posterior_exponent × group
3870,0.0346972510865135,neutral,main_overlap,posterior_exponent × group
3871,-0.1012867793401703,neutral,main_overlap,posterior_exponent × group
3872,0.0170033973275529,neutral,main_overlap,posterior_exponent × group
3873,-0.0128061078350274,neutral,main_overlap,posterior_exponent × group
3874,0.0622234269692192,neutral,main_overlap,posterior_exponent × group
3875,-0.1037864443893892,neutral,main_overlap,posterior_exponent × group
3876,-0.0623798177361817,neutral,main_overlap,posterior_exponent × group
3877,-0.0152491353771052,neutral,main_overlap,posterior_exponent × group
3878,-0.1748823864574696,neutral,main_overlap,posterior_exponent × group
3879,0.0159837427644476,neutral,main_overlap,posterior_exponent × group
3880,0.0338449959098654,neutral,main_overlap,posterior_exponent × group
3881,0.1309998211947573,neutral,main_overlap,posterior_exponent × group
3882,-0.1544969424616502,neutral,main_overlap,posterior_exponent × group
3883,-0.0238309783594774,neutral,main_overlap,posterior_exponent × group
3884,-0.1189680360291976,neutral,main_overlap,posterior_exponent × group
3885,-0.0970826929884172,neutral,main_overlap,posterior_exponent × group
3886,-0.020359509096594,neutral,main_overlap,posterior_exponent × group
3887,-0.0569135793332426,neutral,main_overlap,posterior_exponent × group
3888,-0.0010702438338818,neutral,main_overlap,posterior_exponent × group
3889,0.0479508063696434,neutral,main_overlap,posterior_exponent × group
3890,-0.0708453619036223,neutral,main_overlap,posterior_exponent × group
3891,-0.1898071456042415,neutral,main_overlap,posterior_exponent × group
3892,-0.0328522576760382,neutral,main_overlap,posterior_exponent × group
3893,-0.0668820149308984,neutral,main_overlap,posterior_exponent × group
3894,-0.0089276890125978,neutral,main_overlap,posterior_exponent × group
3895,-0.1266433282908214,neutral,main_overlap,posterior_exponent × group
3896,-0.2264762673622757,neutral,main_overlap,posterior_exponent × group
3897,-0.0340705413810609,neutral,main_overlap,posterior_exponent × group
3898,-0.0697471828818547,neutral,main_overlap,posterior_exponent × group
3899,0.0049392393351043,neutral,main_overlap,posterior_exponent × group
3900,0.0681044477966418,neutral,main_overlap,posterior_exponent × group
3901,-0.1864305812124394,neutral,main_overlap,posterior_exponent × group
3902,-0.1207427772208897,neutral,main_overlap,posterior_exponent × group
3903,-0.1866687424940473,neutral,main_overlap,posterior_exponent × group
3904,-0.0727994400002425,neutral,main_overlap,posterior_exponent × group
3905,-0.0008894900911295,neutral,main_overlap,posterior_exponent × group
3906,0.0235218872799983,neutral,main_overlap,posterior_exponent × group
3907,-0.051184028588711,neutral,main_overlap,posterior_exponent × group
3908,-0.1726739006199912,neutral,main_overlap,posterior_exponent × group
3909,-0.0528373613813601,neutral,main_overlap,posterior_exponent × group
3910,-0.1802127446725122,neutral,main_overlap,posterior_exponent × group
3911,0.0329146004489375,neutral,main_overlap,posterior_exponent × group
3912,-0.081483482644612,neutral,main_overlap,posterior_exponent × group
3913,-0.1677153118348806,neutral,main_overlap,posterior_exponent × group
3914,-0.0439661439724496,neutral,main_overlap,posterior_exponent × group
3915,-0.0799731811773651,neutral,main_overlap,posterior_exponent × group
3916,-0.0110618992926666,neutral,main_overlap,posterior_exponent × group
3917,-0.0325037023766861,neutral,main_overlap,posterior_exponent × group
3918,-0.1237191824841236,neutral,main_overlap,posterior_exponent × group
3919,-0.0314865576315067,neutral,main_overlap,posterior_exponent × group
3920,0.0562039480899623,neutral,main_overlap,posterior_exponent × group
3921,-0.0110515285721456,neutral,main_overlap,posterior_exponent × group
3922,0.0121552116820958,neutral,main_overlap,posterior_exponent × group
3923,0.0448550501775701,neutral,main_overlap,posterior_exponent × group
3924,-0.0947116742847619,neutral,main_overlap,posterior_exponent × group
3925,-0.1246741564426461,neutral,main_overlap,posterior_exponent × group
3926,0.027308763754544,neutral,main_overlap,posterior_exponent × group
3927,-0.0452601297306246,neutral,main_overlap,posterior_exponent × group
3928,-0.1118487376757782,neutral,main_overlap,posterior_exponent × group
3929,-0.0783243775438277,neutral,main_overlap,posterior_exponent × group
3930,0.0145190905640889,neutral,main_overlap,posterior_exponent × group
3931,0.1606375321617013,neutral,main_overlap,posterior_exponent × group
3932,0.053303710733714,neutral,main_overlap,posterior_exponent × group
3933,-0.1839993714066082,neutral,main_overlap,posterior_exponent × group
3934,-0.0850472326993143,neutral,main_overlap,posterior_exponent × group
3935,-0.164348089529786,neutral,main_overlap,posterior_exponent × group
3936,-0.0367731175285448,neutral,main_overlap,posterior_exponent × group
3937,-0.1171235710450551,neutral,main_overlap,posterior_exponent × group
3938,-0.114935389577728,neutral,main_overlap,posterior_exponent × group
3939,0.0587521656402114,neutral,main_overlap,posterior_exponent × group
3940,0.0016982682757927,neutral,main_overlap,posterior_exponent × group
3941,0.0383890256212168,neutral,main_overlap,posterior_exponent × group
3942,0.0567207799049849,neutral,main_overlap,posterior_exponent × group
3943,-0.0640987224065907,neutral,main_overlap,posterior_exponent × group
3944,-4.548160512876133e-05,neutral,main_overlap,posterior_exponent × group
3945,-0.2681188208987782,neutral,main_overlap,posterior_exponent × group
3946,-0.1264636344637652,neutral,main_overlap,posterior_exponent × group
3947,-0.1469301017492322,neutral,main_overlap,posterior_exponent × group
3948,-0.1314107956157022,neutral,main_overlap,posterior_exponent × group
3949,-0.0438206331819147,neutral,main_overlap,posterior_exponent × group
3950,-0.0206734439706443,neutral,main_overlap,posterior_exponent × group
3951,-0.100767665307084,neutral,main_overlap,posterior_exponent × group
3952,-0.0056771317087528,neutral,main_overlap,posterior_exponent × group
3953,-0.1338342726851145,neutral,main_overlap,posterior_exponent × group
3954,-0.0584514922170795,neutral,main_overlap,posterior_exponent × group
3955,0.0667387713055492,neutral,main_overlap,posterior_exponent × group
3956,-0.0040954740165949,neutral,main_overlap,posterior_exponent × group
3957,-0.0776196285798169,neutral,main_overlap,posterior_exponent × group
3958,0.0588358714297025,neutral,main_overlap,posterior_exponent × group
3959,-0.0610305240650302,neutral,main_overlap,posterior_exponent × group
3960,0.0832506308226828,neutral,main_overlap,posterior_exponent × group
3961,-0.1700827123481433,neutral,main_overlap,posterior_exponent × group
3962,-0.1652924332032197,neutral,main_overlap,posterior_exponent × group
3963,0.0973242689598609,neutral,main_overlap,posterior_exponent × group
3964,0.0641894267911054,neutral,main_overlap,posterior_exponent × group
3965,-0.1482990547092047,neutral,main_overlap,posterior_exponent × group
3966,0.0032857167896318,neutral,main_overlap,posterior_exponent × group
3967,0.0956803602297094,neutral,main_overlap,posterior_exponent × group
3968,-0.009083307563016,neutral,main_overlap,posterior_exponent × group
3969,0.02745809431028,neutral,main_overlap,posterior_exponent × group
3970,-0.0212725791103584,neutral,main_overlap,posterior_exponent × group
3971,-0.0913094585968408,neutral,main_overlap,posterior_exponent × group
3972,-0.1228481284011202,neutral,main_overlap,posterior_exponent × group
3973,-0.0184228166354069,neutral,main_overlap,posterior_exponent × group
3974,0.080815061216352,neutral,main_overlap,posterior_exponent × group
3975,-0.1126825936818634,neutral,main_overlap,posterior_exponent × group
3976,0.028387967629646,neutral,main_overlap,posterior_exponent × group
3977,0.0579938479331161,neutral,main_overlap,posterior_exponent × group
3978,-0.0424587139910351,neutral,main_overlap,posterior_exponent × group
3979,-0.1399591622038172,neutral,main_overlap,posterior_exponent × group
3980,-0.0624300724157172,neutral,main_overlap,posterior_exponent × group
3981,-0.0957261729828955,neutral,main_overlap,posterior_exponent × group
3982,-0.0830131191549043,neutral,main_overlap,posterior_exponent × group
3983,0.0007228840148471,neutral,main_overlap,posterior_exponent × group
3984,-0.0982456666236484,neutral,main_overlap,posterior_exponent × group
3985,-0.1178211914634924,neutral,main_overlap,posterior_exponent × group
3986,-0.1190414743925931,neutral,main_overlap,posterior_exponent × group
3987,-0.0688692348574916,neutral,main_overlap,posterior_exponent × group
3988,-0.109982576294793,neutral,main_overlap,posterior_exponent × group
3989,-0.1395571107041014,neutral,main_overlap,posterior_exponent × group
3990,-0.0592855402634327,neutral,main_overlap,posterior_exponent × group
3991,-0.0158154517917733,neutral,main_overlap,posterior_exponent × group
3992,-0.1639959380808552,neutral,main_overlap,posterior_exponent × group
3993,-0.1311420192382867,neutral,main_overlap,posterior_exponent × group
3994,-0.0581198829611409,neutral,main_overlap,posterior_exponent × group
3995,-0.0127942591971819,neutral,main_overlap,posterior_exponent × group
3996,-0.0126310046785965,neutral,main_overlap,posterior_exponent × group
3997,0.0958192376577921,neutral,main_overlap,posterior_exponent × group
3998,-0.0443453371111793,neutral,main_overlap,posterior_exponent × group
3999,0.0228299042420516,neutral,main_overlap,posterior_exponent × group
